_id,tipoFruta,temperatura,umidade_ar,mq3_raw,mq3_tensao,lote,estado_real,estado_previsto,validade,dataRegistro
69b05427e8fc2c9b2799183e,ambiente,31.3,62,500,0.40293,lote_A,sem risco,sem risco,,2026-03-10T17:25:59.043Z
69b05552e8fc2c9b2799183f,ambiente,31.3,62,507,0.408571,lote_A,sem risco,sem risco,,2026-03-10T17:30:58.961Z
69b0567ee8fc2c9b27991840,ambiente,31.8,62,528,0.425494,lote_A,sem risco,sem risco,,2026-03-10T17:35:58.793Z
69b057aae8fc2c9b27991841,ambiente,31.8,61,557,0.448864,lote_A,sem risco,sem risco,,2026-03-10T17:40:58.776Z
69b058d6e8fc2c9b27991842,ambiente,31.8,61,558,0.44967,lote_A,sem risco,sem risco,,2026-03-10T17:45:58.920Z
69b05a02e8fc2c9b27991843,ambiente,31.8,61,561,0.452088,lote_A,sem risco,sem risco,,2026-03-10T17:50:58.965Z
69b05b2ee8fc2c9b27991844,ambiente,31.8,60,519,0.418242,lote_A,sem risco,sem risco,,2026-03-10T17:55:58.927Z
69b05c5ae8fc2c9b27991845,ambiente,31.8,60,535,0.431136,lote_A,sem risco,sem risco,,2026-03-10T18:00:58.959Z
69b05d86e8fc2c9b27991846,ambiente,31.8,59,565,0.455311,lote_A,sem risco,sem risco,,2026-03-10T18:05:58.966Z
69b05eb2e8fc2c9b27991847,ambiente,31.8,59,589,0.474652,lote_A,sem risco,sem risco,,2026-03-10T18:10:58.826Z
69b05fdee8fc2c9b27991848,ambiente,31.8,59,610,0.491575,lote_A,sem risco,sem risco,,2026-03-10T18:15:58.965Z
69b0610be8fc2c9b27991849,ambiente,32.3,59,634,0.510916,lote_A,sem risco,sem risco,,2026-03-10T18:20:59.020Z
69b06237e8fc2c9b2799184a,ambiente,32.3,60,661,0.532674,lote_A,sem risco,sem risco,,2026-03-10T18:25:59.460Z
69b063eee8fc2c9b2799184b,ambiente,32.3,61,1402,1.129817,lote_A,sem risco,sem risco,,2026-03-10T18:33:18.577Z
69b069c3e8fc2c9b27991850,banana,32.8,83,2952,2.378901,lote_B,Alerta,alerta,12,2026-03-10T18:58:11.767Z
69b06aefe8fc2c9b27991851,banana,32.8,85,3071,2.474798,lote_B,Alerta,alerta,12,2026-03-10T19:03:11.139Z
69b06c1be8fc2c9b27991852,banana,32.8,86,3163,2.548938,lote_B,Alerta,risco de perda,0,2026-03-10T19:08:11.427Z
69b06d47e8fc2c9b27991853,banana,32.8,87,3230,2.60293,lote_B,Alerta,risco de perda,0,2026-03-10T19:13:11.180Z
69b06e73e8fc2c9b27991854,banana,32.8,87,3301,2.660146,lote_B,Alerta,risco de perda,0,2026-03-10T19:18:11.460Z
69b06f9fe8fc2c9b27991855,banana,32.8,87,3363,2.71011,lote_B,Alerta,risco de perda,0,2026-03-10T19:23:11.443Z
69b070cbe8fc2c9b27991856,banana,32.8,87,3431,2.764908,lote_B,Alerta,risco de perda,0,2026-03-10T19:28:11.944Z
69b071f7e8fc2c9b27991857,banana,32.8,87,3484,2.807619,lote_B,Alerta,risco de perda,0,2026-03-10T19:33:11.329Z
69b07323e8fc2c9b27991858,banana,32.8,87,3536,2.849524,lote_B,Alerta,risco de perda,0,2026-03-10T19:38:11.748Z
69b0744fe8fc2c9b27991859,banana,32.8,88,3577,2.882564,lote_B,Alerta,risco de perda,0,2026-03-10T19:43:11.489Z
69b0757de8fc2c9b2799185a,banana,32.8,88,3614,2.912381,lote_B,Alerta,risco de perda,0,2026-03-10T19:48:13.047Z
69b076a7e8fc2c9b2799185b,banana,33.3,87,3656,2.946227,lote_B,Alerta,risco de perda,0,2026-03-10T19:53:11.267Z
69b077d3e8fc2c9b2799185c,banana,33.3,87,3695,2.977656,lote_B,Alerta,risco de perda,0,2026-03-10T19:58:11.277Z
69b078ffe8fc2c9b2799185d,banana,33.3,87,3723,3.00022,lote_B,Alerta,risco de perda,0,2026-03-10T20:03:11.398Z
69b07a2be8fc2c9b2799185e,banana,33.3,87,3746,3.018754,lote_B,Alerta,risco de perda,0,2026-03-10T20:08:11.252Z
69b07b5de8fc2c9b2799185f,banana,33.3,87,3785,3.050183,lote_B,Alerta,risco de perda,0,2026-03-10T20:13:17.370Z
69b07c83e8fc2c9b27991860,banana,33.3,88,3784,3.049377,lote_B,Alerta,risco de perda,0,2026-03-10T20:18:11.315Z
69b07dafe8fc2c9b27991861,banana,33.3,88,3809,3.069524,lote_B,Alerta,risco de perda,0,2026-03-10T20:23:11.576Z
69b07edbe8fc2c9b27991862,banana,33.3,88,3786,3.050989,lote_B,Alerta,risco de perda,0,2026-03-10T20:28:11.257Z
69b08007e8fc2c9b27991863,banana,32.8,89,3772,3.039707,lote_B,Alerta,risco de perda,0,2026-03-10T20:33:11.329Z
69b08133e8fc2c9b27991864,banana,32.8,89,3658,2.947839,lote_B,Alerta,risco de perda,0,2026-03-10T20:38:11.475Z
69b0825fe8fc2c9b27991865,banana,32.8,89,3678,2.963956,lote_B,Alerta,risco de perda,0,2026-03-10T20:43:11.703Z
69b0838be8fc2c9b27991866,banana,32.3,88,3606,2.905934,lote_B,Alerta,risco de perda,0,2026-03-10T20:48:11.342Z
69b084b7e8fc2c9b27991867,banana,32.3,89,3532,2.8463,lote_B,Alerta,risco de perda,0,2026-03-10T20:53:11.573Z
69b085e3e8fc2c9b27991868,banana,32.3,89,3452,2.781832,lote_B,Alerta,risco de perda,0,2026-03-10T20:58:11.509Z
69b0870fe8fc2c9b27991869,banana,32.3,89,3458,2.786667,lote_B,Alerta,risco de perda,0,2026-03-10T21:03:11.442Z
69b0883be8fc2c9b2799186a,banana,31.8,88,3321,2.676264,lote_B,Alerta,risco de perda,0,2026-03-10T21:08:11.577Z
69b08968e8fc2c9b2799186b,banana,31.8,88,3326,2.680293,lote_B,Alerta,risco de perda,0,2026-03-10T21:13:12.077Z
69b08a8fe8fc2c9b2799186c,banana,31.8,87,2852,2.298315,lote_B,Alerta,alerta,12,2026-03-10T21:18:07.809Z
69b08bbbe8fc2c9b2799186d,banana,31.3,87,2972,2.395018,lote_B,Alerta,alerta,12,2026-03-10T21:23:07.652Z
69b08ce7e8fc2c9b2799186e,banana,30.8,86,2969,2.392601,lote_B,Alerta,alerta,12,2026-03-10T21:28:07.763Z
69b08e13e8fc2c9b2799186f,banana,30.8,87,3008,2.424029,lote_B,Alerta,alerta,12,2026-03-10T21:33:07.946Z
69b08f40e8fc2c9b27991870,banana,30.8,87,3136,2.527179,lote_B,Alerta,risco de perda,0,2026-03-10T21:38:08.004Z
69b0906be8fc2c9b27991871,banana,30.8,88,3247,2.61663,lote_B,Alerta,risco de perda,0,2026-03-10T21:43:07.686Z
69b09197e8fc2c9b27991872,banana,30.8,89,3308,2.665787,lote_B,Alerta,risco de perda,0,2026-03-10T21:48:07.719Z
69b092c3e8fc2c9b27991873,banana,30.8,90,3245,2.615018,lote_B,Alerta,risco de perda,0,2026-03-10T21:53:07.815Z
69b093efe8fc2c9b27991874,banana,30.2,90,3271,2.635971,lote_B,Alerta,risco de perda,0,2026-03-10T21:58:07.697Z
69b0951be8fc2c9b27991875,banana,30.2,89,3360,2.707692,lote_B,Alerta,risco de perda,0,2026-03-10T22:03:07.788Z
69b09647e8fc2c9b27991876,banana,30.2,90,3330,2.683517,lote_B,Alerta,risco de perda,0,2026-03-10T22:08:07.973Z
69b09776e8fc2c9b27991877,banana,30.2,91,3344,2.694798,lote_B,Alerta,risco de perda,0,2026-03-10T22:13:10.669Z
69b0989fe8fc2c9b27991878,banana,30.2,90,3405,2.743956,lote_B,Alerta,risco de perda,0,2026-03-10T22:18:07.740Z
69b099cbe8fc2c9b27991879,banana,29.8,91,3470,2.796337,lote_B,Alerta,risco de perda,0,2026-03-10T22:23:07.982Z
69b09af7e8fc2c9b2799187a,banana,30.2,91,3525,2.840659,lote_B,Alerta,risco de perda,0,2026-03-10T22:28:07.909Z
69b09c23e8fc2c9b2799187b,banana,30.2,91,3475,2.800366,lote_B,Alerta,risco de perda,0,2026-03-10T22:33:07.739Z
69b09d50e8fc2c9b2799187c,banana,30.2,91,3550,2.860806,lote_B,Alerta,risco de perda,0,2026-03-10T22:38:08.549Z
69b09e7ee8fc2c9b2799187d,banana,30.2,90,3605,2.905128,lote_B,Alerta,risco de perda,0,2026-03-10T22:43:10.949Z
69b09faae8fc2c9b2799187e,banana,30.2,91,3585,2.889011,lote_B,Alerta,risco de perda,0,2026-03-10T22:48:10.443Z
69b0a0d3e8fc2c9b2799187f,banana,30.2,91,3595,2.89707,lote_B,Alerta,risco de perda,0,2026-03-10T22:53:07.822Z
69b0a200e8fc2c9b27991880,banana,29.8,91,3644,2.936557,lote_B,Alerta,risco de perda,0,2026-03-10T22:58:08.447Z
69b0a32ce8fc2c9b27991881,banana,29.8,91,3672,2.959121,lote_B,Alerta,risco de perda,0,2026-03-10T23:03:08.119Z
69b0a457e8fc2c9b27991882,banana,30.2,91,3609,2.908352,lote_B,Alerta,risco de perda,0,2026-03-10T23:08:07.791Z
69b0a584e8fc2c9b27991883,banana,29.8,91,3660,2.94945,lote_B,Alerta,risco de perda,0,2026-03-10T23:13:08.058Z
69b0a6afe8fc2c9b27991884,banana,29.8,91,3686,2.970403,lote_B,Alerta,risco de perda,0,2026-03-10T23:18:07.971Z
69b0a7dbe8fc2c9b27991885,banana,29.8,92,3656,2.946227,lote_B,Alerta,risco de perda,0,2026-03-10T23:23:07.922Z
69b0a908e8fc2c9b27991886,banana,29.8,91,3674,2.960733,lote_B,Alerta,risco de perda,0,2026-03-10T23:28:08.066Z
69b0aa33e8fc2c9b27991887,banana,29.8,91,3549,2.86,lote_B,Alerta,risco de perda,0,2026-03-10T23:33:07.933Z
69b0ab60e8fc2c9b27991888,banana,29.8,91,3492,2.814066,lote_B,Alerta,risco de perda,0,2026-03-10T23:38:08.024Z
69b0ac8ce8fc2c9b27991889,banana,29.3,90,3548,2.859194,lote_B,Alerta,risco de perda,0,2026-03-10T23:43:08.666Z
69b0adb8e8fc2c9b2799188a,banana,29.3,91,3598,2.899487,lote_B,Alerta,risco de perda,0,2026-03-10T23:48:08.104Z
69b0aee4e8fc2c9b2799188b,banana,29.3,91,3627,2.922857,lote_B,Alerta,risco de perda,0,2026-03-10T23:53:08.169Z
69b0b00fe8fc2c9b2799188c,banana,29.8,91,3654,2.944615,lote_B,Alerta,risco de perda,0,2026-03-10T23:58:07.932Z
69b0b13ce8fc2c9b2799188d,banana,29.7,91,3671,2.958315,lote_B,Alerta,risco de perda,0,2026-03-11T00:03:08.198Z
69b0b267e8fc2c9b2799188e,banana,29.8,92,3691,2.974432,lote_B,Alerta,risco de perda,0,2026-03-11T00:08:07.813Z
69b0b393e8fc2c9b2799188f,banana,29.8,92,3731,3.006667,lote_B,Alerta,risco de perda,0,2026-03-11T00:13:07.855Z
69b0b4bfe8fc2c9b27991890,banana,29.8,92,3740,3.013919,lote_B,Alerta,risco de perda,0,2026-03-11T00:18:07.894Z
69b0b5ebe8fc2c9b27991891,banana,29.8,92,3763,3.032454,lote_B,Alerta,risco de perda,0,2026-03-11T00:23:07.929Z
69b0b718e8fc2c9b27991892,banana,29.8,92,3777,3.043736,lote_B,Alerta,risco de perda,0,2026-03-11T00:28:08.035Z
69b0b844e8fc2c9b27991893,banana,29.8,92,3719,2.996996,lote_B,Alerta,risco de perda,0,2026-03-11T00:33:08.000Z
69b0b970e8fc2c9b27991894,banana,29.8,92,3757,3.027619,lote_B,Alerta,risco de perda,0,2026-03-11T00:38:08.160Z
69b0ba9ce8fc2c9b27991895,banana,29.3,92,3669,2.956703,lote_B,Alerta,risco de perda,0,2026-03-11T00:43:08.037Z
69b0bbc8e8fc2c9b27991896,banana,29.3,92,3635,2.929304,lote_B,Alerta,risco de perda,0,2026-03-11T00:48:08.062Z
69b0bcf4e8fc2c9b27991897,banana,29.3,92,3562,2.870476,lote_B,Alerta,risco de perda,0,2026-03-11T00:53:08.067Z
69b0be20e8fc2c9b27991898,banana,28.9,91,3311,2.668205,lote_B,Alerta,risco de perda,0,2026-03-11T00:58:08.079Z
69b0bf4ce8fc2c9b27991899,banana,28.9,92,3361,2.708498,lote_B,Alerta,risco de perda,0,2026-03-11T01:03:08.282Z
69b0c078e8fc2c9b2799189a,banana,28.5,91,3037,2.447399,lote_B,Alerta,alerta,12,2026-03-11T01:08:08.265Z
69b0c1a4e8fc2c9b2799189b,banana,28.5,91,2759,2.22337,lote_B,Alerta,alerta,12,2026-03-11T01:13:08.089Z
69b0c2d0e8fc2c9b2799189c,banana,28,90,2769,2.231429,lote_B,Alerta,alerta,12,2026-03-11T01:18:08.128Z
69b0c3fce8fc2c9b2799189d,banana,27.6,89,2792,2.249963,lote_B,Alerta,alerta,12,2026-03-11T01:23:08.131Z
69b0c528e8fc2c9b2799189e,banana,28,89,2761,2.224982,lote_B,Alerta,alerta,12,2026-03-11T01:28:08.013Z
69b0c654e8fc2c9b2799189f,banana,28,90,2868,2.311209,lote_B,Alerta,alerta,12,2026-03-11T01:33:08.248Z
69b0c8afe8fc2c9b279918a0,banana,28,91,3066,2.470769,lote_B,Alerta,alerta,12,2026-03-11T01:43:11.095Z
69b0c9d7e8fc2c9b279918a1,banana,28,91,3122,2.515898,lote_B,Alerta,risco de perda,0,2026-03-11T01:48:07.970Z
69b0cb04e8fc2c9b279918a2,banana,28.5,91,3215,2.590842,lote_B,Alerta,risco de perda,0,2026-03-11T01:53:08.175Z
69b0cc30e8fc2c9b279918a3,banana,28.5,91,3178,2.561026,lote_B,Alerta,risco de perda,0,2026-03-11T01:58:08.312Z
69b0cd5ce8fc2c9b279918a4,banana,28.5,92,3095,2.494139,lote_B,Alerta,alerta,12,2026-03-11T02:03:08.035Z
69b0ce88e8fc2c9b279918a5,banana,28.5,91,2955,2.381319,lote_B,Alerta,alerta,12,2026-03-11T02:08:08.322Z
69b0cfb4e8fc2c9b279918a6,banana,28,90,2942,2.370842,lote_B,Alerta,alerta,12,2026-03-11T02:13:08.229Z
69b0d0e0e8fc2c9b279918a7,banana,27.6,90,3056,2.462711,lote_B,Alerta,alerta,12,2026-03-11T02:18:08.231Z
69b0d20ce8fc2c9b279918a8,banana,27.6,91,3158,2.544909,lote_B,Alerta,risco de perda,0,2026-03-11T02:23:08.105Z
69b0d338e8fc2c9b279918a9,banana,28,91,3240,2.610989,lote_B,Alerta,risco de perda,0,2026-03-11T02:28:08.340Z
69b0d464e8fc2c9b279918aa,banana,28,91,3315,2.671429,lote_B,Alerta,risco de perda,0,2026-03-11T02:33:08.226Z
69b0d590e8fc2c9b279918ab,banana,28.5,91,3365,2.711722,lote_B,Alerta,risco de perda,0,2026-03-11T02:38:08.114Z
69b0d6bce8fc2c9b279918ac,banana,28.5,91,3405,2.743956,lote_B,Alerta,risco de perda,0,2026-03-11T02:43:08.290Z
69b0d7e8e8fc2c9b279918ad,banana,28.5,91,3457,2.785861,lote_B,Alerta,risco de perda,0,2026-03-11T02:48:08.284Z
69b0d914e8fc2c9b279918ae,banana,28.5,91,3492,2.814066,lote_B,Alerta,risco de perda,0,2026-03-11T02:53:08.271Z
69b0da40e8fc2c9b279918af,banana,28.5,91,3531,2.845495,lote_B,Alerta,risco de perda,0,2026-03-11T02:58:08.343Z
69b0db6ce8fc2c9b279918b0,banana,28.5,92,3561,2.86967,lote_B,Alerta,risco de perda,0,2026-03-11T03:03:08.250Z
69b0dc98e8fc2c9b279918b1,banana,28.5,92,3591,2.893846,lote_B,Alerta,risco de perda,0,2026-03-11T03:08:08.319Z
69b0ddc4e8fc2c9b279918b2,banana,28.5,92,3617,2.914798,lote_B,Alerta,risco de perda,0,2026-03-11T03:13:08.158Z
69b0def0e8fc2c9b279918b3,banana,28.5,92,3649,2.940586,lote_B,Alerta,risco de perda,0,2026-03-11T03:18:08.286Z
69b0e01ce8fc2c9b279918b4,banana,28.5,92,3680,2.965568,lote_B,Alerta,risco de perda,0,2026-03-11T03:23:08.426Z
69b0e148e8fc2c9b279918b5,banana,28.5,92,3709,2.988938,lote_B,Alerta,risco de perda,0,2026-03-11T03:28:08.358Z
69b0e274e8fc2c9b279918b6,banana,28.5,92,3732,3.007473,lote_B,Alerta,risco de perda,0,2026-03-11T03:33:08.409Z
69b0e3a0e8fc2c9b279918b7,banana,28.5,92,3754,3.025202,lote_B,Alerta,risco de perda,0,2026-03-11T03:38:08.769Z
69b0e4cce8fc2c9b279918b8,banana,28.5,92,3784,3.049377,lote_B,Alerta,risco de perda,0,2026-03-11T03:43:08.325Z
69b0e5f8e8fc2c9b279918b9,banana,28.5,92,3800,3.062271,lote_B,Alerta,risco de perda,0,2026-03-11T03:48:08.220Z
69b0e724e8fc2c9b279918ba,banana,28.5,92,3819,3.077582,lote_B,Alerta,risco de perda,0,2026-03-11T03:53:08.447Z
69b0e850e8fc2c9b279918bb,banana,28.5,92,3852,3.104176,lote_B,Alerta,risco de perda,0,2026-03-11T03:58:08.402Z
69b0e97fe8fc2c9b279918bc,banana,28.5,92,3844,3.097729,lote_B,Alerta,risco de perda,0,2026-03-11T04:03:11.867Z
69b0eaa8e8fc2c9b279918bd,banana,28.5,92,3849,3.101758,lote_B,Alerta,risco de perda,0,2026-03-11T04:08:08.199Z
69b0ebd4e8fc2c9b279918be,banana,28.5,92,3827,3.084029,lote_B,Alerta,risco de perda,0,2026-03-11T04:13:08.332Z
69b0ed00e8fc2c9b279918bf,banana,28.4,92,3857,3.108205,lote_B,Alerta,risco de perda,0,2026-03-11T04:18:08.488Z
69b0ee2ce8fc2c9b279918c0,banana,28.4,92,3855,3.106593,lote_B,Alerta,risco de perda,0,2026-03-11T04:23:08.347Z
69b0ef59e8fc2c9b279918c1,banana,28,92,3875,3.122711,lote_B,Alerta,risco de perda,0,2026-03-11T04:28:09.001Z
69b0f084e8fc2c9b279918c2,banana,28,92,3878,3.125128,lote_B,Alerta,risco de perda,0,2026-03-11T04:33:08.323Z
69b0f1b0e8fc2c9b279918c3,banana,28,92,3885,3.130769,lote_B,Alerta,risco de perda,0,2026-03-11T04:38:08.459Z
69b0f2dce8fc2c9b279918c4,banana,28.5,92,3885,3.130769,lote_B,Alerta,risco de perda,0,2026-03-11T04:43:08.253Z
69b0f408e8fc2c9b279918c5,banana,28.5,92,3902,3.144469,lote_B,Alerta,risco de perda,0,2026-03-11T04:48:08.427Z
69b0f538e8fc2c9b279918c6,banana,28.1,92,3905,3.146886,lote_B,Alerta,risco de perda,0,2026-03-11T04:53:12.559Z
69b0f660e8fc2c9b279918c7,banana,28,92,3906,3.147692,lote_B,Alerta,risco de perda,0,2026-03-11T04:58:08.396Z
69b0f78ce8fc2c9b279918c8,banana,28,92,3916,3.155751,lote_B,Alerta,risco de perda,0,2026-03-11T05:03:08.330Z
69b0f8b8e8fc2c9b279918c9,banana,28,92,3929,3.166227,lote_B,Alerta,risco de perda,0,2026-03-11T05:08:08.467Z
69b0f9e5e8fc2c9b279918ca,banana,28,92,3925,3.163004,lote_B,Alerta,risco de perda,0,2026-03-11T05:13:09.011Z
69b0fb10e8fc2c9b279918cb,banana,28,92,3910,3.150916,lote_B,Alerta,risco de perda,0,2026-03-11T05:18:08.329Z
69b0fc3ce8fc2c9b279918cc,banana,28,92,3921,3.15978,lote_B,Alerta,risco de perda,0,2026-03-11T05:23:08.373Z
69b0fd68e8fc2c9b279918cd,banana,28,92,3952,3.184762,lote_B,Alerta,risco de perda,0,2026-03-11T05:28:08.458Z
69b0fe94e8fc2c9b279918ce,banana,28,92,3916,3.155751,lote_B,Alerta,risco de perda,0,2026-03-11T05:33:08.503Z
69b0ffc0e8fc2c9b279918cf,banana,28,92,3921,3.15978,lote_B,Alerta,risco de perda,0,2026-03-11T05:38:08.365Z
69b100ece8fc2c9b279918d0,banana,28,92,3952,3.184762,lote_B,Alerta,risco de perda,0,2026-03-11T05:43:08.467Z
69b10218e8fc2c9b279918d1,banana,28,92,3966,3.196044,lote_B,Alerta,risco de perda,0,2026-03-11T05:48:08.555Z
69b10344e8fc2c9b279918d2,banana,28,92,3978,3.205714,lote_B,Alerta,risco de perda,0,2026-03-11T05:53:08.388Z
69b10470e8fc2c9b279918d3,banana,28,92,3966,3.196044,lote_B,Alerta,risco de perda,0,2026-03-11T05:58:08.515Z
69b1059ce8fc2c9b279918d4,banana,28,92,3944,3.178315,lote_B,Alerta,risco de perda,0,2026-03-11T06:03:08.677Z
69b106c8e8fc2c9b279918d5,banana,27.6,93,3950,3.18315,lote_B,Alerta,risco de perda,0,2026-03-11T06:08:08.561Z
69b107f4e8fc2c9b279918d6,banana,27.6,93,3955,3.18718,lote_B,Alerta,risco de perda,0,2026-03-11T06:13:08.557Z
69b10920e8fc2c9b279918d7,banana,27.6,93,3951,3.183956,lote_B,Alerta,risco de perda,0,2026-03-11T06:18:08.554Z
69b10a4ce8fc2c9b279918d8,banana,27.6,93,3964,3.194432,lote_B,Alerta,risco de perda,0,2026-03-11T06:23:08.564Z
69b10b78e8fc2c9b279918d9,banana,27.6,93,3949,3.182344,lote_B,Alerta,risco de perda,0,2026-03-11T06:28:08.640Z
69b10ca4e8fc2c9b279918da,banana,27.6,93,3957,3.188791,lote_B,Alerta,risco de perda,0,2026-03-11T06:33:08.475Z
69b10dd1e8fc2c9b279918db,banana,27.6,93,3960,3.191209,lote_B,Alerta,risco de perda,0,2026-03-11T06:38:09.324Z
69b10efce8fc2c9b279918dc,banana,27.8,93,3959,3.190403,lote_B,Alerta,risco de perda,0,2026-03-11T06:43:08.389Z
69b11028e8fc2c9b279918dd,banana,27.6,93,3981,3.208132,lote_B,Alerta,risco de perda,0,2026-03-11T06:48:08.474Z
69b11154e8fc2c9b279918de,banana,27.6,93,3967,3.19685,lote_B,Alerta,risco de perda,0,2026-03-11T06:53:08.612Z
69b11280e8fc2c9b279918df,banana,27.6,93,3973,3.201685,lote_B,Alerta,risco de perda,0,2026-03-11T06:58:08.696Z
69b113ace8fc2c9b279918e0,banana,27.6,93,3977,3.204908,lote_B,Alerta,risco de perda,0,2026-03-11T07:03:08.606Z
69b114d8e8fc2c9b279918e1,banana,27.6,93,3986,3.212161,lote_B,Alerta,risco de perda,0,2026-03-11T07:08:08.627Z
69b11604e8fc2c9b279918e2,banana,27.6,93,3976,3.204103,lote_B,Alerta,risco de perda,0,2026-03-11T07:13:08.666Z
69b11730e8fc2c9b279918e3,banana,27.6,93,3993,3.217802,lote_B,Alerta,risco de perda,0,2026-03-11T07:18:08.695Z
69b1185ce8fc2c9b279918e4,banana,27.6,93,3957,3.188791,lote_B,Alerta,risco de perda,0,2026-03-11T07:23:08.644Z
69b11988e8fc2c9b279918e5,banana,27.6,93,3960,3.191209,lote_B,Alerta,risco de perda,0,2026-03-11T07:28:08.628Z
69b11ab4e8fc2c9b279918e6,banana,27.6,93,3968,3.197656,lote_B,Alerta,risco de perda,0,2026-03-11T07:33:08.891Z
69b11be0e8fc2c9b279918e7,banana,27.6,93,3987,3.212967,lote_B,Alerta,risco de perda,0,2026-03-11T07:38:08.539Z
69b11d0ce8fc2c9b279918e8,banana,27.6,93,3965,3.195238,lote_B,Alerta,risco de perda,0,2026-03-11T07:43:08.670Z
69b11e38e8fc2c9b279918e9,banana,27.6,93,3968,3.197656,lote_B,Alerta,risco de perda,0,2026-03-11T07:48:08.715Z
69b11f64e8fc2c9b279918ea,banana,27.6,93,3990,3.215385,lote_B,Alerta,risco de perda,0,2026-03-11T07:53:08.743Z
69b12090e8fc2c9b279918eb,banana,27.6,93,3965,3.195238,lote_B,Alerta,risco de perda,0,2026-03-11T07:58:08.583Z
69b121bce8fc2c9b279918ec,banana,27.6,93,3988,3.213773,lote_B,Alerta,risco de perda,0,2026-03-11T08:03:08.755Z
69b122e8e8fc2c9b279918ed,banana,27.6,93,3974,3.202491,lote_B,Alerta,risco de perda,0,2026-03-11T08:08:08.751Z
69b12414e8fc2c9b279918ee,banana,27.1,93,3989,3.214579,lote_B,Alerta,risco de perda,0,2026-03-11T08:13:08.550Z
69b12540e8fc2c9b279918ef,banana,27.1,93,3990,3.215385,lote_B,Alerta,risco de perda,0,2026-03-11T08:18:08.729Z
69b1266ce8fc2c9b279918f0,banana,27.1,93,3973,3.201685,lote_B,Alerta,risco de perda,0,2026-03-11T08:23:08.776Z
69b12798e8fc2c9b279918f1,banana,27.1,93,3961,3.192015,lote_B,Alerta,risco de perda,0,2026-03-11T08:28:08.589Z
69b128c4e8fc2c9b279918f2,banana,27.1,93,3981,3.208132,lote_B,Alerta,risco de perda,0,2026-03-11T08:33:08.574Z
69b129f3e8fc2c9b279918f3,banana,27.1,93,3971,3.200073,lote_B,Alerta,risco de perda,0,2026-03-11T08:38:11.570Z
69b12b1ce8fc2c9b279918f4,banana,27.1,93,3973,3.201685,lote_B,Alerta,risco de perda,0,2026-03-11T08:43:08.836Z
69b12c48e8fc2c9b279918f5,banana,27.1,93,3969,3.198462,lote_B,Alerta,risco de perda,0,2026-03-11T08:48:08.741Z
69b12d74e8fc2c9b279918f6,banana,27.1,93,3961,3.192015,lote_B,Alerta,risco de perda,0,2026-03-11T08:53:08.783Z
69b12ea0e8fc2c9b279918f7,banana,27.1,93,3968,3.197656,lote_B,Alerta,risco de perda,0,2026-03-11T08:58:08.816Z
69b12fcce8fc2c9b279918f8,banana,27.1,93,3947,3.180732,lote_B,Alerta,risco de perda,0,2026-03-11T09:03:08.647Z
69b130f8e8fc2c9b279918f9,banana,27.1,93,3950,3.18315,lote_B,Alerta,risco de perda,0,2026-03-11T09:08:08.688Z
69b13224e8fc2c9b279918fa,banana,26.8,93,3950,3.18315,lote_B,Alerta,risco de perda,0,2026-03-11T09:13:08.827Z
69b13350e8fc2c9b279918fb,banana,27.1,93,3939,3.174286,lote_B,Alerta,risco de perda,0,2026-03-11T09:18:08.857Z
69b1347ce8fc2c9b279918fc,banana,27.1,93,3950,3.18315,lote_B,Alerta,risco de perda,0,2026-03-11T09:23:08.688Z
69b135a8e8fc2c9b279918fd,banana,26.7,93,3944,3.178315,lote_B,Alerta,risco de perda,0,2026-03-11T09:28:08.824Z
69b136d5e8fc2c9b279918fe,banana,27.1,93,3939,3.174286,lote_B,Alerta,risco de perda,0,2026-03-11T09:33:09.063Z
69b13800e8fc2c9b279918ff,banana,27.1,93,3943,3.177509,lote_B,Alerta,risco de perda,0,2026-03-11T09:38:08.868Z
69b1392fe8fc2c9b27991900,banana,26.7,93,3943,3.177509,lote_B,Alerta,risco de perda,0,2026-03-11T09:43:11.702Z
69b13a58e8fc2c9b27991901,banana,27,93,3947,3.180732,lote_B,Alerta,risco de perda,0,2026-03-11T09:48:08.865Z
69b13b84e8fc2c9b27991902,banana,27.1,93,3943,3.177509,lote_B,Alerta,risco de perda,0,2026-03-11T09:53:08.679Z
69b13cb0e8fc2c9b27991903,banana,27.1,93,3936,3.171868,lote_B,Alerta,risco de perda,0,2026-03-11T09:58:08.716Z
69b13ddce8fc2c9b27991904,banana,27.1,93,3936,3.171868,lote_B,Alerta,risco de perda,0,2026-03-11T10:03:08.874Z
69b13f08e8fc2c9b27991905,banana,27.1,93,3907,3.148498,lote_B,Alerta,risco de perda,0,2026-03-11T10:08:08.898Z
69b1403ae8fc2c9b27991906,banana,27.1,93,3943,3.177509,lote_B,Alerta,risco de perda,0,2026-03-11T10:13:14.111Z
69b14160e8fc2c9b27991907,banana,27.1,93,3913,3.153333,lote_B,Alerta,risco de perda,0,2026-03-11T10:18:08.852Z
69b1428de8fc2c9b27991908,banana,27.1,93,3913,3.153333,lote_B,Alerta,risco de perda,0,2026-03-11T10:23:09.029Z
69b143b8e8fc2c9b27991909,banana,27.1,93,3916,3.155751,lote_B,Alerta,risco de perda,0,2026-03-11T10:28:08.884Z
69b144e5e8fc2c9b2799190a,banana,27.1,93,3923,3.161392,lote_B,Alerta,risco de perda,0,2026-03-11T10:33:09.001Z
69b14610e8fc2c9b2799190b,banana,27.1,93,3927,3.164615,lote_B,Alerta,risco de perda,0,2026-03-11T10:38:08.928Z
69b1473ce8fc2c9b2799190c,banana,27.1,93,3930,3.167033,lote_B,Alerta,risco de perda,0,2026-03-11T10:43:08.980Z
69b14868e8fc2c9b2799190d,banana,27.1,93,3937,3.172674,lote_B,Alerta,risco de perda,0,2026-03-11T10:48:08.918Z
69b14995e8fc2c9b2799190e,banana,27.1,93,3936,3.171868,lote_B,Alerta,risco de perda,0,2026-03-11T10:53:09.037Z
69b14ac0e8fc2c9b2799190f,banana,27.1,93,3943,3.177509,lote_B,Alerta,risco de perda,0,2026-03-11T10:58:08.985Z
69b14bece8fc2c9b27991910,banana,27.1,93,3939,3.174286,lote_B,Alerta,risco de perda,0,2026-03-11T11:03:08.762Z
69b14d18e8fc2c9b27991911,banana,27.1,93,3935,3.171062,lote_B,Alerta,risco de perda,0,2026-03-11T11:08:08.822Z
69b14e45e8fc2c9b27991912,banana,27.1,93,3940,3.175092,lote_B,Alerta,risco de perda,0,2026-03-11T11:13:09.182Z
69b17b22ccefde144fa91e93,banana,29,85,2477,1.996117,lote_C,alerta,madura,42,2026-03-11T14:24:34.728Z
69b17c4eccefde144fa91e94,banana,29.3,86,2547,2.052527,lote_C,alerta,madura,42,2026-03-11T14:29:34.810Z
69b17d7accefde144fa91e95,banana,29.3,87,2675,2.155678,lote_C,alerta,alerta,12,2026-03-11T14:34:34.985Z
69b17ea8ccefde144fa91e96,banana,29.3,87,2863,2.307179,lote_C,alerta,alerta,12,2026-03-11T14:39:36.110Z
69b17fdfccefde144fa91e97,banana,29.5,88,2970,2.393407,lote_C,alerta,alerta,12,2026-03-11T14:44:47.447Z
69b180feccefde144fa91e98,banana,29.8,89,3034,2.444982,lote_C,alerta,alerta,12,2026-03-11T14:49:34.793Z
69b1822accefde144fa91e99,banana,29.8,89,3076,2.478828,lote_C,alerta,alerta,12,2026-03-11T14:54:34.808Z
69b18356ccefde144fa91e9a,banana,29.8,89,3187,2.568278,lote_C,alerta,risco de perda,0,2026-03-11T14:59:34.637Z
69b18483ccefde144fa91e9b,banana,29.8,89,3279,2.642418,lote_C,alerta,risco de perda,0,2026-03-11T15:04:35.902Z
69b185aeccefde144fa91e9c,banana,30.2,88,3364,2.710916,lote_C,alerta,risco de perda,0,2026-03-11T15:09:34.838Z
69b186daccefde144fa91e9d,banana,30.2,88,3448,2.778608,lote_C,alerta,risco de perda,0,2026-03-11T15:14:34.847Z
69b18806ccefde144fa91e9e,banana,30.2,89,3515,2.832601,lote_C,alerta,risco de perda,0,2026-03-11T15:19:34.679Z
69b18932ccefde144fa91e9f,banana,30.2,89,3579,2.884176,lote_C,alerta,risco de perda,0,2026-03-11T15:24:34.820Z
69b18a5eccefde144fa91ea0,banana,30.2,89,3652,2.943004,lote_C,alerta,risco de perda,0,2026-03-11T15:29:34.877Z
69b18b8accefde144fa91ea1,banana,30.2,90,3693,2.976044,lote_C,alerta,risco de perda,0,2026-03-11T15:34:34.793Z
69b18cb6ccefde144fa91ea2,banana,30.2,90,3736,3.010696,lote_C,alerta,risco de perda,0,2026-03-11T15:39:34.723Z
69b18de2ccefde144fa91ea3,banana,30.2,90,3784,3.049377,lote_C,alerta,risco de perda,0,2026-03-11T15:44:34.881Z
69b18f0eccefde144fa91ea4,banana,30.8,90,3825,3.082417,lote_C,alerta,risco de perda,0,2026-03-11T15:49:34.796Z
69b1903dccefde144fa91ea5,banana,30.8,90,3862,3.112234,lote_C,alerta,risco de perda,0,2026-03-11T15:54:37.376Z
69b19166ccefde144fa91ea6,banana,30.8,89,3894,3.138022,lote_C,alerta,risco de perda,0,2026-03-11T15:59:34.874Z
69b19292ccefde144fa91ea7,banana,30.8,90,3928,3.165421,lote_C,alerta,risco de perda,0,2026-03-11T16:04:34.915Z
69b193bfccefde144fa91ea8,banana,30.8,90,3962,3.192821,lote_C,alerta,risco de perda,0,2026-03-11T16:09:35.005Z
69b194eaccefde144fa91ea9,banana,31.3,90,3986,3.212161,lote_C,alerta,risco de perda,0,2026-03-11T16:14:34.878Z
69b19616ccefde144fa91eaa,banana,31.3,89,4010,3.231502,lote_C,alerta,risco de perda,0,2026-03-11T16:19:34.785Z
69b19742ccefde144fa91eab,banana,31.3,89,4039,3.254872,lote_C,alerta,risco de perda,0,2026-03-11T16:24:34.840Z
69b1986eccefde144fa91eac,banana,31.3,89,4065,3.275824,lote_C,alerta,risco de perda,0,2026-03-11T16:29:34.880Z
69b1999accefde144fa91ead,banana,31.3,89,4080,3.287912,lote_C,alerta,risco de perda,0,2026-03-11T16:34:34.911Z
69b19acaccefde144fa91eae,banana,31.8,89,4089,3.295165,lote_C,alerta,risco de perda,0,2026-03-11T16:39:38.194Z
69b19bf2ccefde144fa91eaf,banana,31.8,89,4093,3.298388,lote_C,alerta,risco de perda,0,2026-03-11T16:44:34.778Z
69b19d1fccefde144fa91eb0,banana,31.8,89,4093,3.298388,lote_C,alerta,risco de perda,0,2026-03-11T16:49:35.454Z
69b19e4accefde144fa91eb1,banana,31.8,89,4094,3.299194,lote_C,alerta,risco de perda,0,2026-03-11T16:54:34.752Z
69b19f76ccefde144fa91eb2,banana,32.3,89,4095,3.3,lote_C,alerta,risco de perda,0,2026-03-11T16:59:34.785Z
69b1a0a2ccefde144fa91eb3,banana,32,89,4095,3.3,lote_C,alerta,risco de perda,0,2026-03-11T17:04:34.821Z
69b1a1ceccefde144fa91eb4,banana,31.8,89,4095,3.3,lote_C,alerta,risco de perda,0,2026-03-11T17:09:34.964Z
69b1a2fbccefde144fa91eb5,banana,31.8,90,4095,3.3,lote_C,alerta,risco de perda,0,2026-03-11T17:14:35.415Z
69b1a426ccefde144fa91eb6,banana,32.3,90,4095,3.3,lote_C,alerta,risco de perda,0,2026-03-11T17:19:34.732Z
69b1a552ccefde144fa91eb7,banana,32.3,90,4095,3.3,lote_C,alerta,risco de perda,0,2026-03-11T17:24:34.967Z
69b1a67fccefde144fa91eb8,banana,32.3,90,4095,3.3,lote_C,alerta,risco de perda,0,2026-03-11T17:29:35.011Z
69b1a7abccefde144fa91eb9,banana,32.3,90,4095,3.3,lote_C,alerta,risco de perda,0,2026-03-11T17:34:35.147Z
69b1a8d7ccefde144fa91eba,banana,32.3,90,4095,3.3,lote_C,alerta,risco de perda,0,2026-03-11T17:39:35.148Z
69b1aa02ccefde144fa91ebb,banana,32.3,90,4094,3.299194,lote_C,alerta,risco de perda,0,2026-03-11T17:44:34.913Z
69b1ab2fccefde144fa91ebc,banana,32.3,89,4095,3.3,lote_C,alerta,risco de perda,0,2026-03-11T17:49:35.616Z
69b1ac5accefde144fa91ebd,banana,32.8,89,4095,3.3,lote_C,alerta,risco de perda,0,2026-03-11T17:54:34.879Z
69b1add1ccefde144fa91ebe,banana,32.3,79,1923,1.54967,lote_D,risco de perda,madura,30,2026-03-11T18:00:49.070Z
69b1aef7ccefde144fa91ebf,banana,31.8,76,2355,1.897802,lote_D,risco de perda,madura,48,2026-03-11T18:05:43.579Z
69b1b023ccefde144fa91ec0,banana,31.8,78,2658,2.141978,lote_D,risco de perda,alerta,12,2026-03-11T18:10:43.304Z
69b1b14fccefde144fa91ec1,banana,31.8,82,2886,2.325714,lote_D,risco de perda,alerta,12,2026-03-11T18:15:43.694Z
69b1b27bccefde144fa91ec2,banana,31.8,84,3069,2.473187,lote_D,risco de perda,alerta,12,2026-03-11T18:20:43.479Z
69b1b3a7ccefde144fa91ec3,banana,31.8,86,3220,2.594872,lote_D,risco de perda,risco de perda,0,2026-03-11T18:25:43.714Z
69b1b4d3ccefde144fa91ec4,banana,32.3,87,3348,2.698022,lote_D,risco de perda,risco de perda,0,2026-03-11T18:30:43.457Z
69b1b5ffccefde144fa91ec5,banana,32.3,87,3465,2.792308,lote_D,risco de perda,risco de perda,0,2026-03-11T18:35:43.610Z
69b1b72bccefde144fa91ec6,banana,32.3,87,3564,2.872088,lote_D,risco de perda,risco de perda,0,2026-03-11T18:40:43.639Z
69b1b857ccefde144fa91ec7,banana,32.3,88,3656,2.946227,lote_D,risco de perda,risco de perda,0,2026-03-11T18:45:43.572Z
69b1b983ccefde144fa91ec8,banana,32.3,88,3728,3.004249,lote_D,risco de perda,risco de perda,0,2026-03-11T18:50:43.598Z
69b1bab2ccefde144fa91ec9,banana,32.3,88,3796,3.059048,lote_D,risco de perda,risco de perda,0,2026-03-11T18:55:46.704Z
69b1bbdbccefde144fa91eca,banana,32.3,89,3861,3.111428,lote_D,risco de perda,risco de perda,0,2026-03-11T19:00:43.368Z
69b1bd07ccefde144fa91ecb,banana,32.3,89,3920,3.158974,lote_D,risco de perda,risco de perda,0,2026-03-11T19:05:43.488Z
69b1be34ccefde144fa91ecc,banana,32.3,90,3973,3.201685,lote_D,risco de perda,risco de perda,0,2026-03-11T19:10:44.241Z
69b1bf5fccefde144fa91ecd,banana,32.3,90,4022,3.241172,lote_D,risco de perda,risco de perda,0,2026-03-11T19:15:43.453Z
69b1c08cccefde144fa91ece,banana,32.3,90,4069,3.279048,lote_D,risco de perda,risco de perda,0,2026-03-11T19:20:44.256Z
69b1c1baccefde144fa91ecf,banana,32.3,90,4093,3.298388,lote_D,risco de perda,risco de perda,0,2026-03-11T19:25:46.392Z
69b1c2e3ccefde144fa91ed0,banana,32.3,90,4094,3.299194,lote_D,risco de perda,risco de perda,0,2026-03-11T19:30:43.664Z
69b1c40fccefde144fa91ed1,banana,32.8,90,4095,3.3,lote_D,risco de perda,risco de perda,0,2026-03-11T19:35:43.544Z
69b1c53bccefde144fa91ed2,banana,32.8,90,4094,3.299194,lote_D,risco de perda,risco de perda,0,2026-03-11T19:40:43.530Z
69b1c667ccefde144fa91ed3,banana,32.8,90,4095,3.3,lote_D,risco de perda,risco de perda,0,2026-03-11T19:45:43.669Z
69b1c793ccefde144fa91ed4,banana,32.8,90,4095,3.3,lote_D,risco de perda,risco de perda,0,2026-03-11T19:50:43.508Z
69b1c8c2ccefde144fa91ed5,banana,32.8,90,4095,3.3,lote_D,risco de perda,risco de perda,0,2026-03-11T19:55:46.821Z
69b1c9ebccefde144fa91ed6,banana,32.8,90,4095,3.3,lote_D,risco de perda,risco de perda,0,2026-03-11T20:00:43.576Z
69b1cb17ccefde144fa91ed7,banana,33.3,89,4095,3.3,lote_D,risco de perda,risco de perda,0,2026-03-11T20:05:43.720Z
69b1cc43ccefde144fa91ed8,banana,33.3,89,4095,3.3,lote_D,risco de perda,risco de perda,0,2026-03-11T20:10:43.651Z
69b1cd6fccefde144fa91ed9,banana,33.8,89,4095,3.3,lote_D,risco de perda,risco de perda,0,2026-03-11T20:15:43.686Z
69b1ce9bccefde144fa91eda,banana,33.8,89,4095,3.3,lote_D,risco de perda,risco de perda,0,2026-03-11T20:20:43.819Z
69b1cfc8ccefde144fa91edb,banana,33.8,89,4095,3.3,lote_D,risco de perda,risco de perda,0,2026-03-11T20:25:44.165Z
69b1d0f3ccefde144fa91edc,banana,33.8,89,4095,3.3,lote_D,risco de perda,risco de perda,0,2026-03-11T20:30:43.491Z
69b1d21fccefde144fa91edd,banana,33.8,89,4095,3.3,lote_D,risco de perda,risco de perda,0,2026-03-11T20:35:43.626Z
69b1d34bccefde144fa91ede,banana,33.8,89,4095,3.3,lote_D,risco de perda,risco de perda,0,2026-03-11T20:40:43.761Z
69b1d477ccefde144fa91edf,banana,33.8,89,4095,3.3,lote_D,risco de perda,risco de perda,0,2026-03-11T20:45:43.707Z
69b1d5a3ccefde144fa91ee0,banana,33.8,89,4095,3.3,lote_D,risco de perda,risco de perda,0,2026-03-11T20:50:43.745Z
69b1d6cfccefde144fa91ee1,banana,33.8,89,4095,3.3,lote_D,risco de perda,risco de perda,0,2026-03-11T20:55:43.573Z
69b1d7fbccefde144fa91ee2,banana,33.8,89,4095,3.3,lote_D,risco de perda,risco de perda,0,2026-03-11T21:00:43.611Z
69b1d92accefde144fa91ee3,banana,33.8,90,4095,3.3,lote_D,risco de perda,risco de perda,0,2026-03-11T21:05:46.510Z
69b1da54ccefde144fa91ee4,banana,33.8,90,4095,3.3,lote_D,risco de perda,risco de perda,0,2026-03-11T21:10:44.392Z
69b399ecd108c10efc5431ab,ambiente,28,76,707,0.569744,lote_E,sem risco,sem risco,,2026-03-13T05:00:28.837Z
69b39b18d108c10efc5431ac,ambiente,28,76,739,0.595531,lote_E,sem risco,sem risco,,2026-03-13T05:05:28.887Z
69b39c44d108c10efc5431ad,ambiente,28,76,758,0.610842,lote_E,sem risco,sem risco,,2026-03-13T05:10:28.986Z
69b39d71d108c10efc5431ae,ambiente,28,75,771,0.621319,lote_E,sem risco,sem risco,,2026-03-13T05:15:29.065Z
69b39e9cd108c10efc5431af,ambiente,28,75,791,0.637436,lote_E,sem risco,sem risco,,2026-03-13T05:20:28.948Z
69b39fc8d108c10efc5431b0,ambiente,28,75,807,0.65033,lote_E,sem risco,sem risco,,2026-03-13T05:25:28.994Z
69b3a0f5d108c10efc5431b1,ambiente,28,75,818,0.659194,lote_E,sem risco,sem risco,,2026-03-13T05:30:29.062Z
69b3a220d108c10efc5431b2,ambiente,28,75,819,0.66,lote_E,sem risco,sem risco,,2026-03-13T05:35:28.899Z
69b3a34cd108c10efc5431b3,ambiente,28,75,831,0.66967,lote_E,sem risco,sem risco,,2026-03-13T05:40:28.932Z
69b3a479d108c10efc5431b4,ambiente,28,75,836,0.6737,lote_E,sem risco,sem risco,,2026-03-13T05:45:29.173Z
69b3a5a5d108c10efc5431b5,ambiente,28,75,846,0.681758,lote_E,sem risco,sem risco,,2026-03-13T05:50:29.059Z
69b3a6d1d108c10efc5431b6,ambiente,28,75,843,0.679341,lote_E,sem risco,sem risco,,2026-03-13T05:55:29.040Z
69b3a7fdd108c10efc5431b7,ambiente,28,75,841,0.677729,lote_E,sem risco,sem risco,,2026-03-13T06:00:29.079Z
69b3a929d108c10efc5431b8,ambiente,28,75,837,0.674505,lote_E,sem risco,sem risco,,2026-03-13T06:05:29.110Z
69b3aa54d108c10efc5431b9,ambiente,28,75,820,0.660806,lote_E,sem risco,sem risco,,2026-03-13T06:10:28.946Z
69b3ab80d108c10efc5431ba,ambiente,28,75,827,0.666447,lote_E,sem risco,sem risco,,2026-03-13T06:15:28.979Z
69b3acadd108c10efc5431bb,ambiente,28,75,832,0.670476,lote_E,sem risco,sem risco,,2026-03-13T06:20:29.078Z
69b3ae8cd108c10efc5431bc,banana,28,80,780,0.628571,lote_F,madura,sem risco,,2026-03-13T06:28:28.027Z
69b3afb8d108c10efc5431bd,banana,28,80,850,0.684982,lote_F,madura,sem risco,,2026-03-13T06:33:28.109Z
69b3b0e3d108c10efc5431be,banana,28,86,898,0.723663,lote_F,madura,sem risco,,2026-03-13T06:38:27.900Z
69b3b20fd108c10efc5431bf,banana,28,89,936,0.754286,lote_F,madura,sem risco,,2026-03-13T06:43:27.970Z
69b3b33cd108c10efc5431c0,banana,28,90,960,0.773626,lote_F,madura,sem risco,,2026-03-13T06:48:28.100Z
69b3b468d108c10efc5431c1,banana,28,91,986,0.794579,lote_F,madura,sem risco,,2026-03-13T06:53:28.133Z
69b3b594d108c10efc5431c2,banana,28,92,1002,0.807473,lote_F,madura,sem risco,,2026-03-13T06:58:28.165Z
69b3b6c0d108c10efc5431c3,banana,28,92,1023,0.824396,lote_F,madura,sem risco,,2026-03-13T07:03:28.110Z
69b3b7ecd108c10efc5431c4,banana,28,92,1039,0.837289,lote_F,madura,sem risco,,2026-03-13T07:08:28.140Z
69b3b918d108c10efc5431c5,banana,28,92,1043,0.840513,lote_F,madura,sem risco,,2026-03-13T07:13:28.793Z
69b3ba43d108c10efc5431c6,banana,28,92,1052,0.847766,lote_F,madura,sem risco,,2026-03-13T07:18:27.935Z
69b3bb70d108c10efc5431c7,banana,28,92,1063,0.85663,lote_F,madura,sem risco,,2026-03-13T07:23:28.161Z
69b3bc9cd108c10efc5431c8,banana,28,92,1071,0.863077,lote_F,madura,sem risco,,2026-03-13T07:28:28.147Z
69b3bdc8d108c10efc5431c9,banana,28,92,1078,0.868718,lote_F,madura,sem risco,,2026-03-13T07:33:28.013Z
69b3bef4d108c10efc5431ca,banana,28,92,1081,0.871136,lote_F,madura,sem risco,,2026-03-13T07:38:28.766Z
69b3c020d108c10efc5431cb,banana,28,92,1093,0.880806,lote_F,madura,sem risco,,2026-03-13T07:43:28.092Z
69b3c14cd108c10efc5431cc,banana,28,92,1095,0.882418,lote_F,madura,sem risco,,2026-03-13T07:48:28.226Z
69b3c278d108c10efc5431cd,banana,28,92,1098,0.884835,lote_F,madura,sem risco,,2026-03-13T07:53:28.014Z
69b3c3a4d108c10efc5431ce,banana,28,92,1109,0.8937,lote_F,madura,sem risco,,2026-03-13T07:58:28.146Z
69b3c4ced108c10efc5431cf,banana,28,92,1115,0.898535,lote_F,madura,sem risco,,2026-03-13T08:03:26.420Z
69b3c5fad108c10efc5431d0,banana,28,92,1112,0.896117,lote_F,madura,sem risco,,2026-03-13T08:08:26.202Z
69b3c726d108c10efc5431d1,banana,28,92,1114,0.897729,lote_F,madura,sem risco,,2026-03-13T08:13:26.264Z
69b3c852d108c10efc5431d2,banana,28,92,1111,0.895311,lote_F,madura,sem risco,,2026-03-13T08:18:26.421Z
69b3c97ed108c10efc5431d3,banana,28,92,1118,0.900952,lote_F,madura,sem risco,,2026-03-13T08:23:26.461Z
69b3caaad108c10efc5431d4,banana,28,92,1116,0.899341,lote_F,madura,sem risco,,2026-03-13T08:28:26.245Z
69b3cbd6d108c10efc5431d5,banana,28,92,1117,0.900147,lote_F,madura,sem risco,,2026-03-13T08:33:26.428Z
69b3cd02d108c10efc5431d6,banana,28,93,1123,0.904982,lote_F,madura,sem risco,,2026-03-13T08:38:26.462Z
69b3ce2ed108c10efc5431d7,banana,28,93,1124,0.905788,lote_F,madura,sem risco,,2026-03-13T08:43:26.493Z
69b3cf5ad108c10efc5431d8,banana,28,93,1124,0.905788,lote_F,madura,sem risco,,2026-03-13T08:48:26.331Z
69b3d086d108c10efc5431d9,banana,28,93,1118,0.900952,lote_F,madura,sem risco,,2026-03-13T08:53:26.469Z
69b3d1b2d108c10efc5431da,banana,28,93,1121,0.90337,lote_F,madura,sem risco,,2026-03-13T08:58:26.507Z
69b3d2ded108c10efc5431db,banana,28,93,1118,0.900952,lote_F,madura,sem risco,,2026-03-13T09:03:26.336Z
69b3d40ad108c10efc5431dc,banana,28,93,1121,0.90337,lote_F,madura,sem risco,,2026-03-13T09:08:26.945Z
69b3d536d108c10efc5431dd,banana,28,93,1115,0.898535,lote_F,madura,sem risco,,2026-03-13T09:13:26.306Z
69b3d662d108c10efc5431de,banana,28,93,1124,0.905788,lote_F,madura,sem risco,,2026-03-13T09:18:26.311Z
69b3d78ed108c10efc5431df,banana,28,93,1115,0.898535,lote_F,madura,sem risco,,2026-03-13T09:23:26.379Z
69b3d8bad108c10efc5431e0,banana,28,93,1122,0.904176,lote_F,madura,sem risco,,2026-03-13T09:28:26.516Z
69b3d9e6d108c10efc5431e1,banana,28,93,1121,0.90337,lote_F,madura,sem risco,,2026-03-13T09:33:26.551Z
69b3db12d108c10efc5431e2,banana,28,93,1114,0.897729,lote_F,madura,sem risco,,2026-03-13T09:38:26.348Z
69b3dc3ed108c10efc5431e3,banana,28,93,1118,0.900952,lote_F,madura,sem risco,,2026-03-13T09:43:26.476Z
69b3dd6ad108c10efc5431e4,banana,28,93,1120,0.902564,lote_F,madura,sem risco,,2026-03-13T09:48:26.565Z
69b3de96d108c10efc5431e5,banana,28,93,1115,0.898535,lote_F,madura,sem risco,,2026-03-13T09:53:26.397Z
69b3dfc2d108c10efc5431e6,banana,28,93,1112,0.896117,lote_F,madura,sem risco,,2026-03-13T09:58:26.533Z
69b3e0eed108c10efc5431e7,banana,28,93,1119,0.901758,lote_F,madura,sem risco,,2026-03-13T10:03:26.668Z
69b3e21ad108c10efc5431e8,banana,28,93,1112,0.896117,lote_F,madura,sem risco,,2026-03-13T10:08:26.573Z
69b3e346d108c10efc5431e9,banana,28,93,1112,0.896117,lote_F,madura,sem risco,,2026-03-13T10:13:26.444Z
69b3e474d108c10efc5431ea,banana,28,93,1105,0.890476,lote_F,madura,sem risco,,2026-03-13T10:18:28.216Z
69b3e59ed108c10efc5431eb,banana,28,93,1108,0.892894,lote_F,madura,sem risco,,2026-03-13T10:23:26.505Z
69b3e6cad108c10efc5431ec,banana,28,93,1113,0.896923,lote_F,madura,sem risco,,2026-03-13T10:28:26.438Z
69b3e7f6d108c10efc5431ed,banana,28,93,1107,0.892088,lote_F,madura,sem risco,,2026-03-13T10:33:26.478Z
69b3e922d108c10efc5431ee,banana,28,93,1108,0.892894,lote_F,madura,sem risco,,2026-03-13T10:38:26.722Z
69b3ea4ed108c10efc5431ef,banana,28,93,1113,0.896923,lote_F,madura,sem risco,,2026-03-13T10:43:26.652Z
69b3eb7ad108c10efc5431f0,banana,28,93,1109,0.8937,lote_F,madura,sem risco,,2026-03-13T10:48:26.485Z
69b3eca6d108c10efc5431f1,banana,28,93,1111,0.895311,lote_F,madura,sem risco,,2026-03-13T10:53:26.518Z
69b3edd2d108c10efc5431f2,banana,28,93,1100,0.886447,lote_F,madura,sem risco,,2026-03-13T10:58:26.667Z
69b3eefed108c10efc5431f3,banana,28,93,1109,0.8937,lote_F,madura,sem risco,,2026-03-13T11:03:26.693Z
69b3f02ad108c10efc5431f4,banana,27.6,94,1104,0.88967,lote_F,madura,sem risco,,2026-03-13T11:08:26.485Z
69b3f156d108c10efc5431f5,banana,27.6,94,1105,0.890476,lote_F,madura,sem risco,,2026-03-13T11:13:26.672Z
69b3f282d108c10efc5431f6,banana,27.6,94,1105,0.890476,lote_F,madura,sem risco,,2026-03-13T11:18:26.699Z
69b3f3aed108c10efc5431f7,banana,28,93,1097,0.884029,lote_F,madura,sem risco,,2026-03-13T11:23:26.527Z
69b3f4dad108c10efc5431f8,banana,28,93,1089,0.877582,lote_F,madura,sem risco,,2026-03-13T11:28:26.563Z
69b3f606d108c10efc5431f9,banana,27.6,94,1084,0.873553,lote_F,madura,sem risco,,2026-03-13T11:33:26.807Z
69b3f732d108c10efc5431fa,banana,27.6,94,1089,0.877582,lote_F,madura,sem risco,,2026-03-13T11:38:26.740Z
69b3f85ed108c10efc5431fb,banana,27.6,94,1082,0.871941,lote_F,madura,sem risco,,2026-03-13T11:43:26.570Z
69b3f98dd108c10efc5431fc,banana,27.6,94,1080,0.87033,lote_F,madura,sem risco,,2026-03-13T11:48:29.277Z
69b3fab6d108c10efc5431fd,banana,27.6,94,1086,0.875165,lote_F,madura,sem risco,,2026-03-13T11:53:26.705Z
69b3fbe2d108c10efc5431fe,banana,27.9,94,1080,0.87033,lote_F,madura,sem risco,,2026-03-13T11:58:26.537Z
69b3fd0ed108c10efc5431ff,banana,28,93,1077,0.867912,lote_F,madura,sem risco,,2026-03-13T12:03:26.723Z
69b3fe3ad108c10efc543200,banana,28,93,1078,0.868718,lote_F,madura,sem risco,,2026-03-13T12:08:26.934Z
69b3ff67d108c10efc543201,banana,28,93,1085,0.874359,lote_F,madura,sem risco,,2026-03-13T12:13:27.609Z
69b40092d108c10efc543202,banana,28,93,1085,0.874359,lote_F,madura,sem risco,,2026-03-13T12:18:26.792Z
69b401bed108c10efc543203,banana,28,93,1078,0.868718,lote_F,madura,sem risco,,2026-03-13T12:23:26.562Z
69b402ead108c10efc543204,banana,28,93,1089,0.877582,lote_F,madura,sem risco,,2026-03-13T12:28:26.814Z
69b40416d108c10efc543205,banana,28,93,1085,0.874359,lote_F,madura,sem risco,,2026-03-13T12:33:26.641Z
69b40542d108c10efc543206,banana,28,93,1084,0.873553,lote_F,madura,sem risco,,2026-03-13T12:38:26.740Z
69b4066ed108c10efc543207,banana,28,93,1077,0.867912,lote_F,madura,sem risco,,2026-03-13T12:43:26.814Z
69b4079bd108c10efc543208,banana,28,93,1066,0.859048,lote_F,madura,sem risco,,2026-03-13T12:48:27.453Z
69b408c6d108c10efc543209,banana,28,92,1056,0.850989,lote_F,madura,sem risco,,2026-03-13T12:53:26.589Z
69b409f2d108c10efc54320a,banana,28,92,1053,0.848571,lote_F,madura,sem risco,,2026-03-13T12:58:26.930Z
69b40b1ed108c10efc54320b,banana,28,92,1055,0.850183,lote_F,madura,sem risco,,2026-03-13T13:03:26.799Z
69b40c4ad108c10efc54320c,banana,28,92,1049,0.845348,lote_F,madura,sem risco,,2026-03-13T13:08:26.778Z
69b40d76d108c10efc54320d,banana,28,92,1054,0.849377,lote_F,madura,sem risco,,2026-03-13T13:13:26.710Z
69b40ea2d108c10efc54320e,banana,28,92,1055,0.850183,lote_F,madura,sem risco,,2026-03-13T13:18:26.849Z
69b40fced108c10efc54320f,banana,28,92,1047,0.843736,lote_F,madura,sem risco,,2026-03-13T13:23:26.887Z
69b410fad108c10efc543210,banana,28,92,1055,0.850183,lote_F,madura,sem risco,,2026-03-13T13:28:26.697Z
69b41226d108c10efc543211,banana,28,92,1045,0.842125,lote_F,madura,sem risco,,2026-03-13T13:33:26.815Z
69b41352d108c10efc543212,banana,28,92,1050,0.846154,lote_F,madura,sem risco,,2026-03-13T13:38:26.888Z
69b4147ed108c10efc543213,banana,28,92,1044,0.841319,lote_F,madura,sem risco,,2026-03-13T13:43:26.694Z
69b415aad108c10efc543214,banana,28,92,1041,0.838901,lote_F,madura,sem risco,,2026-03-13T13:48:26.843Z
69b416d7d108c10efc543215,banana,28,92,1037,0.835678,lote_F,madura,sem risco,,2026-03-13T13:53:27.119Z
69b41802d108c10efc543216,banana,28.5,92,1037,0.835678,lote_F,madura,sem risco,,2026-03-13T13:58:26.915Z
69b4192ed108c10efc543217,banana,28.5,92,1044,0.841319,lote_F,madura,sem risco,,2026-03-13T14:03:26.796Z
69b41a5bd108c10efc543218,banana,28.5,92,1041,0.838901,lote_F,madura,sem risco,,2026-03-13T14:08:27.114Z
69b41b86d108c10efc543219,banana,28.5,92,1039,0.837289,lote_F,madura,sem risco,,2026-03-13T14:13:26.942Z
69b41cb2d108c10efc54321a,banana,28.5,92,1047,0.843736,lote_F,madura,sem risco,,2026-03-13T14:18:26.756Z
69b41dded108c10efc54321b,banana,28.5,92,1045,0.842125,lote_F,madura,sem risco,,2026-03-13T14:23:26.778Z
69b41f0ad108c10efc54321c,banana,28.9,92,1051,0.84696,lote_F,madura,sem risco,,2026-03-13T14:28:26.949Z
69b42036d108c10efc54321d,banana,28.9,92,1055,0.850183,lote_F,madura,sem risco,,2026-03-13T14:33:26.942Z
69b42162d108c10efc54321e,banana,28.9,92,1053,0.848571,lote_F,madura,sem risco,,2026-03-13T14:38:26.786Z
69b4228ed108c10efc54321f,banana,28.9,92,1063,0.85663,lote_F,madura,sem risco,,2026-03-13T14:43:26.953Z
69b423bad108c10efc543220,banana,28.9,92,1070,0.862271,lote_F,madura,sem risco,,2026-03-13T14:48:26.987Z
69b424e7d108c10efc543221,banana,28.9,92,1069,0.861465,lote_F,madura,sem risco,,2026-03-13T14:53:27.145Z
69b42612d108c10efc543222,banana,29,92,1080,0.87033,lote_F,madura,sem risco,,2026-03-13T14:58:26.865Z
69b4273fd108c10efc543223,banana,29.3,92,1095,0.882418,lote_F,madura,sem risco,,2026-03-13T15:03:27.003Z
69b4286bd108c10efc543224,banana,29.3,92,1097,0.884029,lote_F,madura,sem risco,,2026-03-13T15:08:27.048Z
69b42996d108c10efc543225,banana,29.3,92,1111,0.895311,lote_F,madura,sem risco,,2026-03-13T15:13:26.868Z
69b42ac3d108c10efc543226,banana,29.3,92,1124,0.905788,lote_F,madura,sem risco,,2026-03-13T15:18:27.117Z
69b42beed108c10efc543227,banana,29.8,92,1129,0.909817,lote_F,madura,sem risco,,2026-03-13T15:23:26.993Z
69b42d1bd108c10efc543228,banana,29.8,92,1140,0.918681,lote_F,madura,sem risco,,2026-03-13T15:28:27.057Z
69b42e47d108c10efc543229,banana,29.8,92,1148,0.925128,lote_F,madura,sem risco,,2026-03-13T15:33:27.416Z
69b42f73d108c10efc54322a,banana,29.8,92,1152,0.928352,lote_F,madura,sem risco,,2026-03-13T15:38:27.530Z
69b4309ed108c10efc54322b,banana,29.8,92,1155,0.930769,lote_F,madura,sem risco,,2026-03-13T15:43:26.889Z
69b431cad108c10efc54322c,banana,30.2,91,1165,0.938828,lote_F,madura,sem risco,,2026-03-13T15:48:26.886Z
69b432f6d108c10efc54322d,banana,30.2,91,1170,0.942857,lote_F,madura,sem risco,,2026-03-13T15:53:26.949Z
69b43425d108c10efc54322e,banana,30.2,91,1107,0.892088,lote_F,madura,sem risco,,2026-03-13T15:58:29.949Z
69b4354ed108c10efc54322f,banana,30.2,91,1053,0.848571,lote_F,madura,sem risco,,2026-03-13T16:03:26.913Z
69b4367ad108c10efc543230,banana,30.2,91,1061,0.855018,lote_F,madura,sem risco,,2026-03-13T16:08:26.963Z
69b437a7d108c10efc543231,banana,30.2,90,957,0.771209,lote_F,madura,sem risco,,2026-03-13T16:13:27.096Z
69b438d3d108c10efc543232,banana,30.3,90,983,0.792161,lote_F,madura,sem risco,,2026-03-13T16:18:27.080Z
69b439fed108c10efc543233,banana,30.2,88,1012,0.815531,lote_F,madura,sem risco,,2026-03-13T16:23:26.957Z
69b43b2ad108c10efc543234,banana,30.2,89,1034,0.83326,lote_F,madura,sem risco,,2026-03-13T16:28:26.949Z
69b43c57d108c10efc543235,banana,30.8,90,1033,0.832454,lote_F,madura,sem risco,,2026-03-13T16:33:27.238Z
69b43d83d108c10efc543236,banana,30.8,90,1002,0.807473,lote_F,madura,sem risco,,2026-03-13T16:38:27.129Z
69b43eb2d108c10efc543237,banana,30.8,90,958,0.772015,lote_F,madura,sem risco,,2026-03-13T16:43:30.275Z
69b43fdbd108c10efc543238,banana,30.2,90,991,0.798608,lote_F,madura,sem risco,,2026-03-13T16:48:27.034Z
69b44107d108c10efc543239,banana,30.2,90,1034,0.83326,lote_F,madura,sem risco,,2026-03-13T16:53:27.169Z
69b44233d108c10efc54323a,banana,30.8,90,1066,0.859048,lote_F,madura,sem risco,,2026-03-13T16:58:27.003Z
69b4435fd108c10efc54323b,banana,30.8,91,1084,0.873553,lote_F,madura,sem risco,,2026-03-13T17:03:27.098Z
69b4448bd108c10efc54323c,banana,30.8,91,1109,0.8937,lote_F,madura,sem risco,,2026-03-13T17:08:27.158Z
69b445b7d108c10efc54323d,banana,30.8,91,1123,0.904982,lote_F,madura,sem risco,,2026-03-13T17:13:27.218Z
69b446e3d108c10efc54323e,banana,30.8,91,1139,0.917875,lote_F,madura,sem risco,,2026-03-13T17:18:27.047Z
69b4480fd108c10efc54323f,banana,30.8,91,1150,0.92674,lote_F,madura,sem risco,,2026-03-13T17:23:27.164Z
69b4493bd108c10efc543240,banana,30.8,91,1158,0.933187,lote_F,madura,sem risco,,2026-03-13T17:28:27.218Z
69b44a67d108c10efc543241,banana,30.8,91,1171,0.943663,lote_F,madura,sem risco,,2026-03-13T17:33:27.022Z
69b44b93d108c10efc543242,banana,30.8,91,1176,0.947692,lote_F,madura,sem risco,,2026-03-13T17:38:27.201Z
69b44cbfd108c10efc543243,banana,30.8,91,1169,0.942051,lote_F,madura,sem risco,,2026-03-13T17:43:27.240Z
69b44debd108c10efc543244,banana,30.2,91,1143,0.921099,lote_F,madura,sem risco,,2026-03-13T17:48:27.410Z
69b44f17d108c10efc543245,banana,30.2,91,1135,0.914652,lote_F,madura,sem risco,,2026-03-13T17:53:27.091Z
69b45043d108c10efc543246,banana,29.8,92,1122,0.904176,lote_F,madura,sem risco,,2026-03-13T17:58:27.239Z
69b4516fd108c10efc543247,banana,29.8,92,1126,0.907399,lote_F,madura,sem risco,,2026-03-13T18:03:27.268Z
69b4529bd108c10efc543248,banana,29.8,92,1147,0.924322,lote_F,madura,sem risco,,2026-03-13T18:08:27.104Z
69b453c7d108c10efc543249,banana,29.8,92,1154,0.929963,lote_F,madura,sem risco,,2026-03-13T18:13:27.198Z
69b454f6d108c10efc54324a,banana,29.9,92,1169,0.942051,lote_F,madura,sem risco,,2026-03-13T18:18:30.146Z
69b4561fd108c10efc54324b,banana,30.2,92,1189,0.958169,lote_F,madura,sem risco,,2026-03-13T18:23:27.102Z
69b4574bd108c10efc54324c,banana,30.2,92,1189,0.958169,lote_F,madura,sem risco,,2026-03-13T18:28:27.761Z
69b45877d108c10efc54324d,banana,30.2,92,1191,0.95978,lote_F,madura,sem risco,,2026-03-13T18:33:27.177Z
69b459a3d108c10efc54324e,banana,30.2,92,1194,0.962198,lote_F,madura,sem risco,,2026-03-13T18:38:27.419Z
69b45acfd108c10efc54324f,banana,29.8,93,1200,0.967033,lote_F,madura,sem risco,,2026-03-13T18:43:27.123Z
69b45bfdd108c10efc543250,banana,30.2,92,1212,0.976703,lote_F,madura,sem risco,,2026-03-13T18:48:29.026Z
69b45d27d108c10efc543251,banana,30.2,92,1223,0.985568,lote_F,madura,sem risco,,2026-03-13T18:53:27.120Z
69b45e53d108c10efc543252,banana,30.2,92,1227,0.988791,lote_F,madura,sem risco,,2026-03-13T18:58:27.977Z
69b45f7fd108c10efc543253,banana,30.2,92,1229,0.990403,lote_F,madura,sem risco,,2026-03-13T19:03:27.116Z
69b460abd108c10efc543254,banana,30.2,92,1224,0.986374,lote_F,madura,sem risco,,2026-03-13T19:08:27.428Z
69b461d9d108c10efc543255,banana,29.8,93,1232,0.992821,lote_F,madura,sem risco,,2026-03-13T19:13:29.007Z
69b46303d108c10efc543256,banana,29.8,93,1230,0.991209,lote_F,madura,sem risco,,2026-03-13T19:18:27.127Z
69b4642fd108c10efc543257,banana,29.8,93,1196,0.96381,lote_F,madura,sem risco,,2026-03-13T19:23:27.336Z
69b4655bd108c10efc543258,banana,29.8,93,1151,0.927546,lote_F,madura,sem risco,,2026-03-13T19:28:27.497Z
69b46687d108c10efc543259,banana,29.3,92,1148,0.925128,lote_F,madura,sem risco,,2026-03-13T19:33:27.181Z
69b467b3d108c10efc54325a,banana,29.3,92,1154,0.929963,lote_F,madura,sem risco,,2026-03-13T19:38:27.241Z
69b468dfd108c10efc54325b,banana,29.3,92,1150,0.92674,lote_F,madura,sem risco,,2026-03-13T19:43:27.386Z
69b46a0bd108c10efc54325c,banana,29.3,92,1136,0.915458,lote_F,madura,sem risco,,2026-03-13T19:48:27.361Z
69b46b37d108c10efc54325d,banana,29.3,92,1144,0.921905,lote_F,madura,sem risco,,2026-03-13T19:53:27.459Z
69b46c63d108c10efc54325e,banana,29.3,92,1148,0.925128,lote_F,madura,sem risco,,2026-03-13T19:58:27.488Z
69b46d8fd108c10efc54325f,banana,29.3,92,1149,0.925934,lote_F,madura,sem risco,,2026-03-13T20:03:27.324Z
69b46ebdd108c10efc543260,banana,29.3,92,1164,0.938022,lote_F,madura,sem risco,,2026-03-13T20:08:29.989Z
69b46fe7d108c10efc543261,banana,29.3,92,1174,0.946081,lote_F,madura,sem risco,,2026-03-13T20:13:27.414Z
69b47113d108c10efc543262,banana,29.3,93,1196,0.96381,lote_F,madura,sem risco,,2026-03-13T20:18:27.433Z
69b4723fd108c10efc543263,banana,29.3,93,1237,0.99685,lote_F,madura,sem risco,,2026-03-13T20:23:27.567Z
69b4736bd108c10efc543264,banana,29.3,93,1247,1.004908,lote_F,madura,sem risco,,2026-03-13T20:28:27.513Z
69b4749cd108c10efc543265,banana,29.3,93,1258,1.013773,lote_F,madura,sem risco,,2026-03-13T20:33:32.570Z
69b475c3d108c10efc543266,banana,29.3,93,1268,1.021832,lote_F,madura,sem risco,,2026-03-13T20:38:27.376Z
69b476efd108c10efc543267,banana,29.3,93,1274,1.026667,lote_F,madura,sem risco,,2026-03-13T20:43:27.409Z
69b4781bd108c10efc543268,banana,29.3,93,1278,1.02989,lote_F,madura,sem risco,,2026-03-13T20:48:27.616Z
69b47947d108c10efc543269,banana,29.3,93,1223,0.985568,lote_F,madura,sem risco,,2026-03-13T20:53:27.463Z
69b47a73d108c10efc54326a,banana,28.9,93,1214,0.978315,lote_F,madura,sem risco,,2026-03-13T20:58:27.575Z
69b47ba0d108c10efc54326b,banana,28.5,92,1092,0.88,lote_F,madura,sem risco,,2026-03-13T21:03:28.061Z
69b47ccbd108c10efc54326c,banana,27.6,93,1119,0.901758,lote_F,madura,sem risco,,2026-03-13T21:08:27.484Z
69b47df7d108c10efc54326d,banana,27,92,1129,0.909817,lote_F,madura,sem risco,,2026-03-13T21:13:27.856Z
69b47f23d108c10efc54326e,banana,27.1,92,1185,0.954945,lote_F,madura,sem risco,,2026-03-13T21:18:27.771Z
69b4804fd108c10efc54326f,banana,27.1,93,1233,0.993626,lote_F,madura,sem risco,,2026-03-13T21:23:27.601Z
69b4817bd108c10efc543270,banana,27.6,93,1275,1.027472,lote_F,madura,sem risco,,2026-03-13T21:28:27.648Z
69b482a8d108c10efc543271,banana,28,92,1305,1.051648,lote_F,madura,sem risco,,2026-03-13T21:33:28.282Z
69b483d3d108c10efc543272,banana,28,93,1332,1.073407,lote_F,madura,sem risco,,2026-03-13T21:38:27.401Z
69b484ffd108c10efc543273,banana,28,93,1352,1.089524,lote_F,madura,sem risco,,2026-03-13T21:43:27.583Z
69b4862bd108c10efc543274,banana,28,93,1370,1.104029,lote_F,madura,sem risco,,2026-03-13T21:48:27.688Z
69b48784d108c10efc543275,banana,28.5,93,1385,1.116117,lote_F,madura,sem risco,,2026-03-13T21:54:12.203Z
69b48883d108c10efc543276,banana,28.3,93,1399,1.127399,lote_F,madura,sem risco,,2026-03-13T21:58:27.448Z
69b489afd108c10efc543277,banana,28.5,93,1388,1.118535,lote_F,madura,sem risco,,2026-03-13T22:03:27.708Z
69b48ae4d108c10efc543278,banana,28,93,1385,1.116117,lote_F,madura,sem risco,,2026-03-13T22:08:36.880Z
69b48c07d108c10efc543279,banana,28,93,1401,1.129011,lote_F,madura,sem risco,,2026-03-13T22:13:27.472Z
69b48d33d108c10efc54327a,banana,28,93,1412,1.137875,lote_F,madura,sem risco,,2026-03-13T22:18:27.709Z
69b48e68d108c10efc54327b,banana,28,93,1495,1.204762,lote_F,madura,sem risco,,2026-03-13T22:23:36.422Z
69b48f8bd108c10efc54327c,banana,28,93,1489,1.199927,lote_F,madura,sem risco,,2026-03-13T22:28:27.513Z
69b490b7d108c10efc54327d,banana,28.5,93,1497,1.206374,lote_F,madura,sem risco,,2026-03-13T22:33:27.802Z
69b491e3d108c10efc54327e,banana,28.5,93,1503,1.211209,lote_F,madura,sem risco,,2026-03-13T22:38:27.869Z
69b4930fd108c10efc54327f,banana,28.5,93,1510,1.21685,lote_F,madura,sem risco,,2026-03-13T22:43:27.713Z
69b4943cd108c10efc543280,banana,28.5,93,1519,1.224103,lote_F,madura,sem risco,,2026-03-13T22:48:28.129Z
69b49567d108c10efc543281,banana,28.5,93,1524,1.228132,lote_F,madura,sem risco,,2026-03-13T22:53:27.840Z
69b496d9d108c10efc543282,banana,28.5,93,1527,1.230549,lote_F,madura,sem risco,,2026-03-13T22:59:37.076Z
69b497bfd108c10efc543283,banana,28.5,93,1535,1.236996,lote_F,madura,sem risco,,2026-03-13T23:03:27.611Z
69b498ebd108c10efc543284,banana,28.5,93,1537,1.238608,lote_F,madura,sem risco,,2026-03-13T23:08:27.855Z
69b49a17d108c10efc543285,banana,28.5,93,1552,1.250696,lote_F,madura,sem risco,,2026-03-13T23:13:27.985Z
69b49b43d108c10efc543286,banana,28.5,93,1552,1.250696,lote_F,madura,sem risco,,2026-03-13T23:18:27.815Z
69b49c6fd108c10efc543287,banana,28.5,93,1555,1.253114,lote_F,madura,sem risco,,2026-03-13T23:23:27.643Z
69b49d9bd108c10efc543288,banana,28.5,93,1562,1.258755,lote_F,madura,sem risco,,2026-03-13T23:28:27.807Z
69b49ecfd108c10efc543289,banana,28.5,93,1564,1.260366,lote_F,madura,sem risco,,2026-03-13T23:33:35.014Z
69b49ff6d108c10efc54328a,banana,28.9,93,1569,1.264396,lote_F,madura,sem risco,,2026-03-13T23:38:30.720Z
69b4a11fd108c10efc54328b,banana,28.6,93,1583,1.275678,lote_F,madura,sem risco,,2026-03-13T23:43:27.897Z
69b4a24bd108c10efc54328c,banana,28.9,93,1594,1.284542,lote_F,madura,sem risco,,2026-03-13T23:48:27.845Z
69b4a377d108c10efc54328d,banana,28.5,93,1595,1.285348,lote_F,madura,sem risco,,2026-03-13T23:53:27.760Z
69b4a4a6d108c10efc54328e,banana,28.5,93,1608,1.295824,lote_F,madura,sem risco,,2026-03-13T23:58:30.783Z
69b4a5d2d108c10efc54328f,banana,28.5,93,1613,1.299853,lote_F,madura,sem risco,,2026-03-14T00:03:30.800Z
69b4a6fcd108c10efc543290,banana,28.5,93,1624,1.308718,lote_F,madura,sem risco,,2026-03-14T00:08:28.192Z
69b4a827d108c10efc543291,banana,28.5,93,1625,1.309524,lote_F,madura,sem risco,,2026-03-14T00:13:27.808Z
69b4a95ed108c10efc543292,banana,28.5,93,1632,1.315165,lote_F,madura,sem risco,,2026-03-14T00:18:38.079Z
69b4aa80d108c10efc543293,banana,28.5,93,1643,1.324029,lote_F,madura,sem risco,,2026-03-14T00:23:28.180Z
69b4ababd108c10efc543294,banana,28.5,93,1545,1.245055,lote_F,madura,sem risco,,2026-03-14T00:28:27.821Z
69b4acd7d108c10efc543295,banana,28.5,93,1439,1.159634,lote_F,madura,sem risco,,2026-03-14T00:33:27.846Z
69b4ae03d108c10efc543296,banana,27.6,93,1438,1.158828,lote_F,madura,sem risco,,2026-03-14T00:38:27.881Z
69b4af58d108c10efc543297,banana,27.6,93,1426,1.149158,lote_F,madura,sem risco,,2026-03-14T00:44:08.071Z
69b4b05bd108c10efc543298,banana,27.6,93,1435,1.15641,lote_F,madura,sem risco,,2026-03-14T00:48:27.745Z
69b4b187d108c10efc543299,banana,27.6,93,1449,1.167692,lote_F,madura,sem risco,,2026-03-14T00:53:27.895Z
69b4b2b4d108c10efc54329a,banana,27.6,93,1463,1.178974,lote_F,madura,sem risco,,2026-03-14T00:58:28.029Z
69b4b3dfd108c10efc54329b,banana,27.6,93,1486,1.197509,lote_F,madura,sem risco,,2026-03-14T01:03:27.864Z
69b4b50cd108c10efc54329c,banana,27.6,93,1502,1.210403,lote_F,madura,sem risco,,2026-03-14T01:08:28.007Z
69b4b637d108c10efc54329d,banana,27.6,94,1520,1.224908,lote_F,madura,sem risco,,2026-03-14T01:13:27.927Z
69b4b790d108c10efc54329e,banana,27.6,94,1530,1.232967,lote_F,madura,sem risco,,2026-03-14T01:19:12.922Z
69b4b88fd108c10efc54329f,banana,27.9,94,1545,1.245055,lote_F,madura,sem risco,,2026-03-14T01:23:27.897Z
69b4bae8d108c10efc5432a0,banana,28,93,1575,1.269231,lote_F,madura,sem risco,,2026-03-14T01:33:28.203Z
69b4bc13d108c10efc5432a1,banana,28,93,1586,1.278095,lote_F,madura,sem risco,,2026-03-14T01:38:27.904Z
69b4bd40d108c10efc5432a2,banana,28,93,1597,1.28696,lote_F,madura,sem risco,,2026-03-14T01:43:28.047Z
69b4be6cd108c10efc5432a3,banana,28,93,1607,1.295018,lote_F,madura,sem risco,,2026-03-14T01:48:28.619Z
69b4bf97d108c10efc5432a4,banana,28,93,1619,1.304689,lote_F,madura,sem risco,,2026-03-14T01:53:27.784Z
69b4c0c4d108c10efc5432a5,banana,28,93,1627,1.311136,lote_F,madura,sem risco,,2026-03-14T01:58:28.047Z
69b4c1f0d108c10efc5432a6,banana,28,93,1635,1.317582,lote_F,madura,sem risco,,2026-03-14T02:03:28.498Z
69b4c31bd108c10efc5432a7,banana,28,93,1639,1.320806,lote_F,madura,sem risco,,2026-03-14T02:08:27.803Z
69b4c448d108c10efc5432a8,banana,28,93,1667,1.34337,lote_F,madura,sem risco,,2026-03-14T02:13:28.057Z
69b4c574d108c10efc5432a9,banana,28,93,1711,1.378828,lote_F,madura,sem risco,,2026-03-14T02:18:28.708Z
69b4c69fd108c10efc5432aa,banana,28,93,1734,1.397363,lote_F,madura,sem risco,,2026-03-14T02:23:27.927Z
69b4c7ccd108c10efc5432ab,banana,28,93,1752,1.411868,lote_F,madura,sem risco,,2026-03-14T02:28:28.067Z
69b4c8f8d108c10efc5432ac,banana,28,93,1752,1.411868,lote_F,madura,sem risco,,2026-03-14T02:33:28.097Z
69b4ca23d108c10efc5432ad,banana,28,93,1768,1.424762,lote_F,madura,sem risco,,2026-03-14T02:38:27.941Z
69b4cb50d108c10efc5432ae,banana,28,93,1765,1.422344,lote_F,madura,sem risco,,2026-03-14T02:43:28.074Z
69b4cc7cd108c10efc5432af,banana,28,93,1767,1.423956,lote_F,madura,sem risco,,2026-03-14T02:48:28.004Z
69b4cda8d108c10efc5432b0,banana,28,93,1762,1.419927,lote_F,madura,sem risco,,2026-03-14T02:53:28.038Z
69b4ced3d108c10efc5432b1,banana,28,93,1764,1.421538,lote_F,madura,sem risco,,2026-03-14T02:58:27.970Z
69b4d000d108c10efc5432b2,banana,28,93,1763,1.420733,lote_F,madura,sem risco,,2026-03-14T03:03:28.010Z
69b4d12cd108c10efc5432b3,banana,28,93,1760,1.418315,lote_F,madura,sem risco,,2026-03-14T03:08:28.159Z
69b4d257d108c10efc5432b4,banana,28,93,1750,1.410256,lote_F,madura,sem risco,,2026-03-14T03:13:27.981Z
69b4d384d108c10efc5432b5,banana,28,93,1734,1.397363,lote_F,madura,sem risco,,2026-03-14T03:18:28.013Z
69b4d4b0d108c10efc5432b6,banana,28,93,1714,1.381245,lote_F,madura,sem risco,,2026-03-14T03:23:28.149Z
69b4d5dcd108c10efc5432b7,banana,28,93,1702,1.371575,lote_F,madura,sem risco,,2026-03-14T03:28:28.188Z
69b4d708d108c10efc5432b8,banana,28,93,1691,1.362711,lote_F,madura,sem risco,,2026-03-14T03:33:28.022Z
69b4d834d108c10efc5432b9,banana,28,93,1694,1.365128,lote_F,madura,sem risco,,2026-03-14T03:38:28.160Z
69b4d960d108c10efc5432ba,banana,28,93,1694,1.365128,lote_F,madura,sem risco,,2026-03-14T03:43:28.200Z
69b4da8cd108c10efc5432bb,banana,28,93,1693,1.364322,lote_F,madura,sem risco,,2026-03-14T03:48:28.028Z
69b4dbb8d108c10efc5432bc,banana,28,93,1695,1.365934,lote_F,madura,sem risco,,2026-03-14T03:53:28.167Z
69b4dce4d108c10efc5432bd,banana,28,93,1700,1.369963,lote_F,madura,sem risco,,2026-03-14T03:58:28.201Z
69b4de10d108c10efc5432be,banana,28,93,1693,1.364322,lote_F,madura,sem risco,,2026-03-14T04:03:28.543Z
69b4df3cd108c10efc5432bf,banana,28,93,1687,1.359487,lote_F,madura,sem risco,,2026-03-14T04:08:28.067Z
69b4e068d108c10efc5432c0,banana,27.6,94,1693,1.364322,lote_F,madura,sem risco,,2026-03-14T04:13:28.719Z
69b4e194d108c10efc5432c1,banana,27.6,94,1700,1.369963,lote_F,madura,sem risco,,2026-03-14T04:18:28.038Z
69b4e2c0d108c10efc5432c2,banana,27.6,94,1709,1.377216,lote_F,madura,sem risco,,2026-03-14T04:23:28.034Z
69b4e3ecd108c10efc5432c3,banana,27.6,94,1706,1.374799,lote_F,madura,sem risco,,2026-03-14T04:28:28.213Z
69b4e518d108c10efc5432c4,banana,27.6,94,1712,1.379634,lote_F,madura,sem risco,,2026-03-14T04:33:28.154Z
69b4e644d108c10efc5432c5,banana,27.6,94,1713,1.38044,lote_F,madura,sem risco,,2026-03-14T04:38:28.083Z
69b4e770d108c10efc5432c6,banana,27.6,94,1718,1.384469,lote_F,madura,sem risco,,2026-03-14T04:43:28.122Z
69b4e89cd108c10efc5432c7,banana,27.6,94,1716,1.382857,lote_F,madura,sem risco,,2026-03-14T04:48:28.146Z
69b4e9c8d108c10efc5432c8,banana,27.6,94,1724,1.389304,lote_F,madura,sem risco,,2026-03-14T04:53:28.056Z
69b4eaf7d108c10efc5432c9,banana,27.6,94,1737,1.39978,lote_F,madura,sem risco,,2026-03-14T04:58:31.607Z
69b4ec20d108c10efc5432ca,banana,27.6,94,1737,1.39978,lote_F,madura,sem risco,,2026-03-14T05:03:28.304Z
69b4ed4cd108c10efc5432cb,banana,27.6,94,1746,1.407033,lote_F,madura,sem risco,,2026-03-14T05:08:28.194Z
69b4ee78d108c10efc5432cc,banana,27.6,94,1755,1.414286,lote_F,madura,sem risco,,2026-03-14T05:13:28.243Z
69b4efa4d108c10efc5432cd,banana,27.6,94,1753,1.412674,lote_F,madura,sem risco,,2026-03-14T05:18:28.192Z
69b4f0d0d108c10efc5432ce,banana,27.6,94,1762,1.419927,lote_F,madura,sem risco,,2026-03-14T05:23:28.229Z
69b4f1fcd108c10efc5432cf,banana,27.6,94,1772,1.427985,lote_F,madura,sem risco,,2026-03-14T05:28:28.245Z
69b4f328d108c10efc5432d0,banana,27.6,94,1768,1.424762,lote_F,madura,sem risco,,2026-03-14T05:33:28.389Z
69b4f454d108c10efc5432d1,banana,27.6,94,1778,1.432821,lote_F,madura,sem risco,,2026-03-14T05:38:28.316Z
69b4f580d108c10efc5432d2,banana,27.6,94,1780,1.434432,lote_F,madura,sem risco,,2026-03-14T05:43:28.459Z
69b4f6acd108c10efc5432d3,banana,27.6,94,1784,1.437656,lote_F,madura,sem risco,,2026-03-14T05:48:28.385Z
69b4f7d8d108c10efc5432d4,banana,27.2,94,1782,1.436044,lote_F,madura,sem risco,,2026-03-14T05:53:28.420Z
69b4f904d108c10efc5432d5,banana,27.1,94,1787,1.440073,lote_F,madura,sem risco,,2026-03-14T05:58:28.352Z
69b4fa30d108c10efc5432d6,banana,27.1,94,1791,1.443297,lote_F,madura,sem risco,,2026-03-14T06:03:28.184Z
69b4fb5cd108c10efc5432d7,banana,27.1,94,1793,1.444908,lote_F,madura,sem risco,,2026-03-14T06:08:28.322Z
69b4fc88d108c10efc5432d8,banana,27.1,94,1792,1.444103,lote_F,madura,sem risco,,2026-03-14T06:13:28.360Z
69b4fdb4d108c10efc5432d9,banana,27.1,94,1800,1.450549,lote_F,madura,sem risco,,2026-03-14T06:18:28.195Z
69b4fee0d108c10efc5432da,banana,27.1,94,1803,1.452967,lote_F,madura,sem risco,,2026-03-14T06:23:28.330Z
69b5000cd108c10efc5432db,banana,27.1,94,1806,1.455385,lote_F,madura,sem risco,,2026-03-14T06:28:28.363Z
69b50138d108c10efc5432dc,banana,27.1,94,1811,1.459414,lote_F,madura,sem risco,,2026-03-14T06:33:28.406Z
69b50264d108c10efc5432dd,banana,27.1,94,1817,1.464249,lote_F,madura,sem risco,,2026-03-14T06:38:28.437Z
69b50390d108c10efc5432de,banana,27.1,94,1813,1.461026,lote_F,madura,sem risco,,2026-03-14T06:43:28.473Z
69b504bcd108c10efc5432df,banana,27.1,94,1815,1.462637,lote_F,madura,sem risco,,2026-03-14T06:48:28.410Z
69b505e8d108c10efc5432e0,banana,27.1,94,1821,1.467473,lote_F,madura,sem risco,,2026-03-14T06:53:28.344Z
69b50714d108c10efc5432e1,banana,27.1,94,1816,1.463443,lote_F,madura,sem risco,,2026-03-14T06:58:28.376Z
69b50840d108c10efc5432e2,banana,27.1,94,1820,1.466667,lote_F,madura,sem risco,,2026-03-14T07:03:28.417Z
69b5096cd108c10efc5432e3,banana,27.1,94,1822,1.468278,lote_F,madura,sem risco,,2026-03-14T07:08:28.451Z
69b50a98d108c10efc5432e4,banana,27.1,94,1826,1.471502,lote_F,madura,sem risco,,2026-03-14T07:13:28.388Z
69b50bc4d108c10efc5432e5,banana,27.1,94,1831,1.475531,lote_F,madura,sem risco,,2026-03-14T07:18:28.421Z
69b50cf0d108c10efc5432e6,banana,26.7,94,1830,1.474725,lote_F,madura,sem risco,,2026-03-14T07:23:28.557Z
69b50e1cd108c10efc5432e7,banana,26.7,94,1833,1.477143,lote_F,madura,sem risco,,2026-03-14T07:28:28.393Z
69b50f4bd108c10efc5432e8,banana,26.7,94,1839,1.481978,lote_F,madura,sem risco,,2026-03-14T07:33:31.295Z
69b51074d108c10efc5432e9,banana,26.7,94,1838,1.481172,lote_F,madura,sem risco,,2026-03-14T07:38:28.474Z
69b511a0d108c10efc5432ea,banana,26.7,94,1845,1.486813,lote_F,madura,sem risco,,2026-03-14T07:43:28.496Z
69b512ccd108c10efc5432eb,banana,26.7,94,1848,1.489231,lote_F,madura,sem risco,,2026-03-14T07:48:28.369Z
69b513f8d108c10efc5432ec,banana,26.7,94,1846,1.487619,lote_F,madura,sem risco,,2026-03-14T07:53:28.616Z
69b51524d108c10efc5432ed,banana,26.7,94,1849,1.490037,lote_F,madura,sem risco,,2026-03-14T07:58:28.605Z
69b51650d108c10efc5432ee,banana,26.7,94,1856,1.495678,lote_F,madura,sem risco,,2026-03-14T08:03:28.567Z
69b5177cd108c10efc5432ef,banana,26.7,94,1855,1.494872,lote_F,madura,sem risco,,2026-03-14T08:08:28.410Z
69b518a8d108c10efc5432f0,banana,26.7,94,1851,1.491648,lote_F,madura,sem risco,,2026-03-14T08:13:28.442Z
69b519d4d108c10efc5432f1,banana,26.7,94,1856,1.495678,lote_F,madura,sem risco,,2026-03-14T08:18:28.647Z
69b51b00d108c10efc5432f2,banana,26.7,94,1860,1.498901,lote_F,madura,sem risco,,2026-03-14T08:23:28.486Z
69b51c2cd108c10efc5432f3,banana,26.7,94,1860,1.498901,lote_F,madura,sem risco,,2026-03-14T08:28:28.526Z
69b51d58d108c10efc5432f4,banana,26.7,94,1862,1.500513,lote_F,madura,sem risco,,2026-03-14T08:33:28.591Z
69b51e84d108c10efc5432f5,banana,26.7,94,1861,1.499707,lote_F,madura,sem risco,,2026-03-14T08:38:28.429Z
69b51fb0d108c10efc5432f6,banana,26.7,94,1866,1.503736,lote_F,madura,sem risco,,2026-03-14T08:43:28.521Z
69b520dcd108c10efc5432f7,banana,26.7,94,1865,1.50293,lote_F,madura,sem risco,,2026-03-14T08:48:28.557Z
69b52208d108c10efc5432f8,banana,26.7,94,1869,1.506154,lote_F,madura,sem risco,,2026-03-14T08:53:28.697Z
69b52334d108c10efc5432f9,banana,26.6,94,1872,1.508571,lote_F,madura,sem risco,,2026-03-14T08:58:28.741Z
69b52460d108c10efc5432fa,banana,26.3,94,1871,1.507766,lote_F,madura,sem risco,,2026-03-14T09:03:28.563Z
69b5258cd108c10efc5432fb,banana,26.2,94,1869,1.506154,lote_F,madura,sem risco,,2026-03-14T09:08:28.604Z
69b526b8d108c10efc5432fc,banana,26.2,94,1874,1.510183,lote_F,madura,sem risco,,2026-03-14T09:13:28.536Z
69b527e4d108c10efc5432fd,banana,26.2,94,1881,1.515824,lote_F,madura,sem risco,,2026-03-14T09:18:28.800Z
69b52910d108c10efc5432fe,banana,26.2,94,1876,1.511795,lote_F,madura,sem risco,,2026-03-14T09:23:28.761Z
69b52a3cd108c10efc5432ff,banana,26.2,94,1887,1.520659,lote_F,madura,sem risco,,2026-03-14T09:28:28.548Z
69b52b68d108c10efc543300,banana,26.2,94,1883,1.517436,lote_F,madura,sem risco,,2026-03-14T09:33:28.678Z
69b52c94d108c10efc543301,banana,26.2,94,1884,1.518242,lote_F,madura,sem risco,,2026-03-14T09:38:28.621Z
69b52dc0d108c10efc543302,banana,26.2,94,1883,1.517436,lote_F,madura,sem risco,,2026-03-14T09:43:28.637Z
69b52eedd108c10efc543303,banana,26.2,94,1888,1.521465,lote_F,madura,sem risco,,2026-03-14T09:48:29.198Z
69b53018d108c10efc543304,banana,26.2,94,1892,1.524689,lote_F,madura,sem risco,,2026-03-14T09:53:28.625Z
69b53144d108c10efc543305,banana,26.2,94,1886,1.519853,lote_F,madura,sem risco,,2026-03-14T09:58:28.759Z
69b53270d108c10efc543306,banana,26.2,94,1891,1.523883,lote_F,madura,sem risco,,2026-03-14T10:03:28.798Z
69b5339cd108c10efc543307,banana,26.2,94,1897,1.528718,lote_F,madura,sem risco,,2026-03-14T10:08:28.630Z
69b534c8d108c10efc543308,banana,26.2,94,1901,1.531941,lote_F,madura,madura,42,2026-03-14T10:13:28.882Z
69b535f4d108c10efc543309,banana,26.2,94,1903,1.533553,lote_F,madura,madura,42,2026-03-14T10:18:28.805Z
69b53720d108c10efc54330a,banana,26.2,94,1904,1.534359,lote_F,madura,madura,42,2026-03-14T10:23:28.627Z
69b5384cd108c10efc54330b,banana,26.2,94,1909,1.538388,lote_F,madura,madura,42,2026-03-14T10:28:28.781Z
69b53978d108c10efc54330c,banana,26.2,94,1917,1.544835,lote_F,madura,madura,42,2026-03-14T10:33:28.811Z
69b53aa4d108c10efc54330d,banana,26.2,94,1915,1.543224,lote_F,madura,madura,42,2026-03-14T10:38:28.746Z
69b53bd0d108c10efc54330e,banana,26.2,94,1919,1.546447,lote_F,madura,madura,42,2026-03-14T10:43:28.674Z
69b53cfcd108c10efc54330f,banana,26.2,94,1922,1.548864,lote_F,madura,madura,42,2026-03-14T10:48:28.813Z
69b53e28d108c10efc543310,banana,26.2,94,1921,1.548059,lote_F,madura,madura,42,2026-03-14T10:53:28.849Z
69b53f54d108c10efc543311,banana,26.2,94,1924,1.550476,lote_F,madura,madura,42,2026-03-14T10:58:28.683Z
69b58741de046abf293e7f6c,banana,28.1,92,1887,1.520659,lote_F,madura,sem risco,,2026-03-14T16:05:21.607Z
69b58c92e9a4d426f7b44012,banana,28.5,92,1894,1.5263,lote_G,madura,sem risco,,2026-03-14T16:28:02.758Z
69b58dbfe9a4d426f7b44013,banana,28.5,92,1865,1.50293,lote_G,madura,sem risco,,2026-03-14T16:33:03.138Z
69b58eebe9a4d426f7b44014,banana,28.5,92,1872,1.508571,lote_G,madura,sem risco,,2026-03-14T16:38:03.081Z
69b59016e9a4d426f7b44015,banana,28.5,92,1880,1.515018,lote_G,madura,sem risco,,2026-03-14T16:43:02.941Z
69b59142e9a4d426f7b44016,banana,28.5,92,1893,1.525494,lote_G,madura,sem risco,,2026-03-14T16:48:02.865Z
69b5926fe9a4d426f7b44017,banana,28.5,92,1896,1.527912,lote_G,madura,sem risco,,2026-03-14T16:53:03.010Z
69b5939ae9a4d426f7b44018,banana,28.9,92,1908,1.537582,lote_G,madura,madura,42,2026-03-14T16:58:02.940Z
69b594c7e9a4d426f7b44019,banana,28.9,92,1916,1.544029,lote_G,madura,madura,42,2026-03-14T17:03:03.084Z
69b595f2e9a4d426f7b4401a,banana,28.9,92,1922,1.548864,lote_G,madura,madura,42,2026-03-14T17:08:02.813Z
69b5971ee9a4d426f7b4401b,banana,28.9,92,1928,1.5537,lote_G,madura,madura,42,2026-03-14T17:13:02.847Z
69b5984ee9a4d426f7b4401c,banana,28.9,92,1931,1.556117,lote_G,madura,madura,42,2026-03-14T17:18:06.092Z
69b59976e9a4d426f7b4401d,banana,28.9,92,1937,1.560952,lote_G,madura,madura,42,2026-03-14T17:23:02.943Z
69b59aa2e9a4d426f7b4401e,banana,28.9,92,1943,1.565788,lote_G,madura,madura,42,2026-03-14T17:28:02.959Z
69b59bcfe9a4d426f7b4401f,banana,28.9,92,1956,1.576264,lote_G,madura,madura,42,2026-03-14T17:33:03.637Z
69b59cfae9a4d426f7b44020,banana,28.9,92,1962,1.581099,lote_G,madura,madura,42,2026-03-14T17:38:02.845Z
69b59e26e9a4d426f7b44021,banana,29.3,92,1970,1.587546,lote_G,madura,madura,42,2026-03-14T17:43:02.962Z
69b59f53e9a4d426f7b44022,banana,29.3,92,1973,1.589963,lote_G,madura,madura,42,2026-03-14T17:48:03.107Z
69b5a07ee9a4d426f7b44023,banana,29.3,92,1985,1.599634,lote_G,madura,madura,42,2026-03-14T17:53:02.925Z
69b5a1aae9a4d426f7b44024,banana,29.3,92,1988,1.602051,lote_G,madura,madura,42,2026-03-14T17:58:02.862Z
69b5a2d6e9a4d426f7b44025,banana,29.3,92,1995,1.607692,lote_G,madura,madura,42,2026-03-14T18:03:02.900Z
69b5a406e9a4d426f7b44026,banana,29.3,92,1997,1.609304,lote_G,madura,madura,42,2026-03-14T18:08:06.210Z
69b5a52ee9a4d426f7b44027,banana,29.3,92,2005,1.615751,lote_G,madura,madura,42,2026-03-14T18:13:02.966Z
69b5a65be9a4d426f7b44028,banana,29.3,92,2008,1.618168,lote_G,madura,madura,42,2026-03-14T18:18:03.015Z
69b5a787e9a4d426f7b44029,banana,29.3,92,2011,1.620586,lote_G,madura,madura,42,2026-03-14T18:23:03.048Z
69b5a8b3e9a4d426f7b4402a,banana,29.3,92,2023,1.630256,lote_G,madura,madura,42,2026-03-14T18:28:03.189Z
69b5a9dfe9a4d426f7b4402b,banana,29.3,92,2029,1.635092,lote_G,madura,madura,42,2026-03-14T18:33:03.113Z
69b5ab0be9a4d426f7b4402c,banana,29.8,92,2029,1.635092,lote_G,madura,madura,42,2026-03-14T18:38:03.055Z
69b5ac37e9a4d426f7b4402d,banana,29.8,92,2040,1.643956,lote_G,madura,madura,42,2026-03-14T18:43:03.162Z
69b5ad63e9a4d426f7b4402e,banana,29.8,92,2055,1.656044,lote_G,madura,madura,42,2026-03-14T18:48:03.118Z
69b5ae8fe9a4d426f7b4402f,banana,29.8,92,2053,1.654432,lote_G,madura,madura,42,2026-03-14T18:53:03.069Z
69b5afbbe9a4d426f7b44030,banana,30.2,91,2070,1.668132,lote_G,madura,madura,42,2026-03-14T18:58:03.194Z
69b5b0e7e9a4d426f7b44031,banana,30.8,91,2086,1.681026,lote_G,madura,madura,42,2026-03-14T19:03:03.226Z
69b5b213e9a4d426f7b44032,banana,30.8,91,2096,1.689084,lote_G,madura,madura,42,2026-03-14T19:08:03.158Z
69b5b33fe9a4d426f7b44033,banana,31.3,91,2097,1.68989,lote_G,madura,madura,42,2026-03-14T19:13:03.706Z
69b5b46ae9a4d426f7b44034,banana,31.3,91,2107,1.697949,lote_G,madura,madura,42,2026-03-14T19:18:02.926Z
69b5b6c3e9a4d426f7b44035,banana,31.8,91,2089,1.683443,lote_G,madura,madura,42,2026-03-14T19:28:03.415Z
69b5b7efe9a4d426f7b44036,banana,31.3,91,2101,1.693114,lote_G,madura,madura,42,2026-03-14T19:33:03.265Z
69b5b91ee9a4d426f7b44037,banana,31.7,91,2111,1.701172,lote_G,madura,madura,42,2026-03-14T19:38:06.463Z
69b5ba4ae9a4d426f7b44038,banana,31.8,91,2114,1.70359,lote_G,madura,madura,42,2026-03-14T19:43:06.052Z
69b5bb87e9a4d426f7b44039,banana,31.8,91,2128,1.714872,lote_G,madura,madura,42,2026-03-14T19:48:23.815Z
69b5bc9ee9a4d426f7b4403a,banana,31.8,91,2132,1.718095,lote_G,madura,madura,42,2026-03-14T19:53:02.991Z
69b5bdcbe9a4d426f7b4403b,banana,31.8,91,2132,1.718095,lote_G,madura,madura,42,2026-03-14T19:58:03.226Z
69b5bef7e9a4d426f7b4403c,banana,31.5,91,2123,1.710842,lote_G,madura,madura,42,2026-03-14T20:03:03.354Z
69b5c023e9a4d426f7b4403d,banana,31.3,91,2128,1.714872,lote_G,madura,madura,42,2026-03-14T20:08:03.287Z
69b5c14fe9a4d426f7b4403e,banana,31.3,92,2136,1.721319,lote_G,madura,madura,42,2026-03-14T20:13:03.135Z
69b5c27ee9a4d426f7b4403f,banana,31.3,92,2137,1.722125,lote_G,madura,madura,42,2026-03-14T20:18:06.127Z
69b5c3a7e9a4d426f7b44040,banana,31.3,92,2130,1.716483,lote_G,madura,madura,42,2026-03-14T20:23:03.293Z
69b5c4d3e9a4d426f7b44041,banana,31.3,92,2116,1.705202,lote_G,madura,madura,42,2026-03-14T20:28:03.288Z
69b5c5ffe9a4d426f7b44042,banana,30.8,92,2103,1.694725,lote_G,madura,madura,42,2026-03-14T20:33:03.177Z
69b5c72be9a4d426f7b44043,banana,30.8,92,2117,1.706007,lote_G,madura,madura,42,2026-03-14T20:38:03.316Z
69b5c858e9a4d426f7b44044,banana,30.8,92,2167,1.7463,lote_G,madura,madura,42,2026-03-14T20:43:04.239Z
69b5c983e9a4d426f7b44045,banana,30.2,92,2157,1.738242,lote_G,madura,madura,42,2026-03-14T20:48:03.026Z
69b5cab7e9a4d426f7b44046,banana,30.2,92,2160,1.740659,lote_G,madura,madura,42,2026-03-14T20:53:11.463Z
69b5cbe3e9a4d426f7b44047,banana,30.2,92,2156,1.737436,lote_G,madura,madura,42,2026-03-14T20:58:11.716Z
69b5cd07e9a4d426f7b44048,banana,30.2,92,2146,1.729377,lote_G,madura,madura,42,2026-03-14T21:03:03.073Z
69b5ce33e9a4d426f7b44049,banana,30.2,92,2143,1.72696,lote_G,madura,madura,42,2026-03-14T21:08:03.203Z
69b5cf61e9a4d426f7b4404a,banana,30.2,92,2145,1.728571,lote_G,madura,madura,42,2026-03-14T21:13:05.005Z
69b5d1b7e9a4d426f7b4404b,banana,30.2,92,2130,1.716483,lote_G,madura,madura,42,2026-03-14T21:23:03.413Z
69b5d2e3e9a4d426f7b4404c,banana,30.2,92,2126,1.71326,lote_G,madura,madura,42,2026-03-14T21:28:03.891Z
69b5d40fe9a4d426f7b4404d,banana,30.2,92,2126,1.71326,lote_G,madura,madura,42,2026-03-14T21:33:03.546Z
69b5d53be9a4d426f7b4404e,banana,30.2,92,2126,1.71326,lote_G,madura,madura,42,2026-03-14T21:38:03.230Z
69b5d66ae9a4d426f7b4404f,banana,30.2,92,2119,1.707619,lote_G,madura,madura,42,2026-03-14T21:43:06.536Z
69b5d793e9a4d426f7b44050,banana,30.2,92,2127,1.714066,lote_G,madura,madura,42,2026-03-14T21:48:03.189Z
69b5d8bfe9a4d426f7b44051,banana,30.2,92,2131,1.717289,lote_G,madura,madura,42,2026-03-14T21:53:03.219Z
69b5d9ebe9a4d426f7b44052,banana,30.2,92,2137,1.722125,lote_G,madura,madura,42,2026-03-14T21:58:03.256Z
69b5db17e9a4d426f7b44053,banana,30.2,92,2140,1.724542,lote_G,madura,madura,42,2026-03-14T22:03:03.292Z
69b5dc43e9a4d426f7b44054,banana,30.2,92,2149,1.731795,lote_G,madura,madura,42,2026-03-14T22:08:03.861Z
69b5dd6fe9a4d426f7b44055,banana,30.2,92,2158,1.739048,lote_G,madura,madura,42,2026-03-14T22:13:03.162Z
69b5de9be9a4d426f7b44056,banana,30.2,92,2152,1.734212,lote_G,madura,madura,42,2026-03-14T22:18:03.315Z
69b5dfcae9a4d426f7b44057,banana,30.2,92,2159,1.739854,lote_G,madura,madura,42,2026-03-14T22:23:06.522Z
69b5e0f3e9a4d426f7b44058,banana,30.2,92,2157,1.738242,lote_G,madura,madura,42,2026-03-14T22:28:03.479Z
69b5e21fe9a4d426f7b44059,banana,30.2,92,2164,1.743883,lote_G,madura,madura,42,2026-03-14T22:33:03.305Z
69b5e34be9a4d426f7b4405a,banana,30.2,92,2166,1.745494,lote_G,madura,madura,42,2026-03-14T22:38:03.637Z
69b5e477e9a4d426f7b4405b,banana,30.2,92,2169,1.747912,lote_G,madura,madura,42,2026-03-14T22:43:03.379Z
69b5e5a3e9a4d426f7b4405c,banana,30.2,92,2172,1.75033,lote_G,madura,madura,42,2026-03-14T22:48:03.309Z
69b5e6cfe9a4d426f7b4405d,banana,30.2,92,2175,1.752747,lote_G,madura,madura,42,2026-03-14T22:53:03.387Z
69b5e7fce9a4d426f7b4405e,banana,30.2,92,2181,1.757582,lote_G,madura,madura,42,2026-03-14T22:58:04.098Z
69b5e927e9a4d426f7b4405f,banana,30.2,92,2176,1.753553,lote_G,madura,madura,42,2026-03-14T23:03:03.325Z
69b5ea53e9a4d426f7b44060,banana,30.2,92,2184,1.76,lote_G,madura,madura,42,2026-03-14T23:08:03.882Z
69b5eb7fe9a4d426f7b44061,banana,30.2,92,2177,1.754359,lote_G,madura,madura,42,2026-03-14T23:13:03.389Z
69b5ecabe9a4d426f7b44062,banana,29.8,93,2170,1.748718,lote_G,madura,madura,42,2026-03-14T23:18:03.426Z
69b5edd7e9a4d426f7b44063,banana,29.8,93,2164,1.743883,lote_G,madura,madura,42,2026-03-14T23:23:03.371Z
69b5ef03e9a4d426f7b44064,banana,29.8,93,2165,1.744689,lote_G,madura,madura,42,2026-03-14T23:28:03.407Z
69b5f02fe9a4d426f7b44065,banana,29.8,93,2166,1.745494,lote_G,madura,madura,42,2026-03-14T23:33:03.881Z
69b5f15be9a4d426f7b44066,banana,29.8,93,2168,1.747106,lote_G,madura,madura,42,2026-03-14T23:38:03.376Z
69b5f287e9a4d426f7b44067,banana,29.7,93,2169,1.747912,lote_G,madura,madura,42,2026-03-14T23:43:03.405Z
69b5f3b3e9a4d426f7b44068,banana,29.3,93,2164,1.743883,lote_G,madura,madura,42,2026-03-14T23:48:03.543Z
69b5f4dfe9a4d426f7b44069,banana,29.3,93,2167,1.7463,lote_G,madura,madura,42,2026-03-14T23:53:03.586Z
69b5f60be9a4d426f7b4406a,banana,29.3,93,2159,1.739854,lote_G,madura,madura,42,2026-03-14T23:58:03.416Z
69b5f737e9a4d426f7b4406b,banana,29.3,93,2152,1.734212,lote_G,madura,madura,42,2026-03-15T00:03:03.641Z
69b5f863e9a4d426f7b4406c,banana,29.3,93,2148,1.730989,lote_G,madura,madura,42,2026-03-15T00:08:03.482Z
69b5f98fe9a4d426f7b4406d,banana,29.3,93,2144,1.727766,lote_G,madura,madura,42,2026-03-15T00:13:03.651Z
69b5fabbe9a4d426f7b4406e,banana,29.3,93,2150,1.732601,lote_G,madura,madura,42,2026-03-15T00:18:03.451Z
69b5fbebe9a4d426f7b4406f,banana,29.3,93,2152,1.734212,lote_G,madura,madura,42,2026-03-15T00:23:07.104Z
69b5fd17e9a4d426f7b44070,banana,29.3,93,2152,1.734212,lote_G,madura,madura,42,2026-03-15T00:28:07.635Z
69b5fe3fe9a4d426f7b44071,banana,28.9,93,2143,1.72696,lote_G,madura,madura,42,2026-03-15T00:33:03.461Z
69b5ff6de9a4d426f7b44072,banana,28.9,93,2141,1.725348,lote_G,madura,madura,42,2026-03-15T00:38:05.152Z
69b60097e9a4d426f7b44073,banana,28.9,93,2141,1.725348,lote_G,madura,madura,42,2026-03-15T00:43:03.949Z
69b601c3e9a4d426f7b44074,banana,28.9,93,2142,1.726154,lote_G,madura,madura,42,2026-03-15T00:48:03.611Z
69b602efe9a4d426f7b44075,banana,28.9,93,2147,1.730183,lote_G,madura,madura,42,2026-03-15T00:53:03.638Z
69b6041be9a4d426f7b44076,banana,28.9,93,2152,1.734212,lote_G,madura,madura,42,2026-03-15T00:58:03.783Z
69b60547e9a4d426f7b44077,banana,28.9,93,2146,1.729377,lote_G,madura,madura,42,2026-03-15T01:03:03.777Z
69b60676e9a4d426f7b44078,banana,28.9,93,2143,1.72696,lote_G,madura,madura,42,2026-03-15T01:08:06.978Z
69b6079fe9a4d426f7b44079,banana,28.9,93,2135,1.720513,lote_G,madura,madura,42,2026-03-15T01:13:03.654Z
69b608cee9a4d426f7b4407a,banana,28.9,93,2137,1.722125,lote_G,madura,madura,42,2026-03-15T01:18:06.949Z
69b609f7e9a4d426f7b4407b,banana,28.9,93,2141,1.725348,lote_G,madura,madura,42,2026-03-15T01:23:03.727Z
69b60b23e9a4d426f7b4407c,banana,28.9,93,2149,1.731795,lote_G,madura,madura,42,2026-03-15T01:28:03.662Z
69b60c4fe9a4d426f7b4407d,banana,28.9,93,2146,1.729377,lote_G,madura,madura,42,2026-03-15T01:33:03.694Z
69b60d7be9a4d426f7b4407e,banana,28.9,93,2153,1.735018,lote_G,madura,madura,42,2026-03-15T01:38:03.724Z
69b60ea7e9a4d426f7b4407f,banana,28.9,93,2153,1.735018,lote_G,madura,madura,42,2026-03-15T01:43:03.780Z
69b60fd3e9a4d426f7b44080,banana,28.5,93,2143,1.72696,lote_G,madura,madura,42,2026-03-15T01:48:03.738Z
69b610ffe9a4d426f7b44081,banana,28.5,93,2136,1.721319,lote_G,madura,madura,42,2026-03-15T01:53:03.626Z
69b6122be9a4d426f7b44082,banana,28.5,93,2135,1.720513,lote_G,madura,madura,42,2026-03-15T01:58:03.904Z
69b61358e9a4d426f7b44083,banana,28.5,93,2132,1.718095,lote_G,madura,madura,42,2026-03-15T02:03:04.039Z
69b61483e9a4d426f7b44084,banana,28.5,93,2132,1.718095,lote_G,madura,madura,42,2026-03-15T02:08:03.941Z
69b615b3e9a4d426f7b44085,banana,28.5,93,2128,1.714872,lote_G,madura,madura,42,2026-03-15T02:13:07.011Z
69b616dbe9a4d426f7b44086,banana,28.5,93,2128,1.714872,lote_G,madura,madura,42,2026-03-15T02:18:03.934Z
69b61808e9a4d426f7b44087,banana,28.5,93,2128,1.714872,lote_G,madura,madura,42,2026-03-15T02:23:04.261Z
69b61936e9a4d426f7b44088,banana,28.5,93,2134,1.719707,lote_G,madura,madura,42,2026-03-15T02:28:06.525Z
69b61a5fe9a4d426f7b44089,banana,28.5,93,2120,1.708425,lote_G,madura,madura,42,2026-03-15T02:33:03.847Z
69b61b8be9a4d426f7b4408a,banana,28.3,93,2109,1.69956,lote_G,madura,madura,42,2026-03-15T02:38:03.761Z
69b61cb8e9a4d426f7b4408b,banana,28,93,2114,1.70359,lote_G,madura,madura,42,2026-03-15T02:43:04.308Z
69b61de3e9a4d426f7b4408c,banana,28,93,2121,1.709231,lote_G,madura,madura,42,2026-03-15T02:48:03.625Z
69b61f12e9a4d426f7b4408d,banana,28,93,2123,1.710842,lote_G,madura,madura,42,2026-03-15T02:53:06.334Z
69b6203fe9a4d426f7b4408e,banana,28,93,2120,1.708425,lote_G,madura,madura,42,2026-03-15T02:58:07.414Z
69b62167e9a4d426f7b4408f,banana,28,93,2120,1.708425,lote_G,madura,madura,42,2026-03-15T03:03:03.832Z
69b62293e9a4d426f7b44090,banana,28,93,2120,1.708425,lote_G,madura,madura,42,2026-03-15T03:08:03.969Z
69b623c0e9a4d426f7b44091,banana,28,93,2111,1.701172,lote_G,madura,madura,42,2026-03-15T03:13:04.005Z
69b624ebe9a4d426f7b44092,banana,28,93,2104,1.695531,lote_G,madura,madura,42,2026-03-15T03:18:03.836Z
69b62617e9a4d426f7b44093,banana,28,93,2106,1.697143,lote_G,madura,madura,42,2026-03-15T03:23:03.983Z
69b62744e9a4d426f7b44094,banana,28,93,2097,1.68989,lote_G,madura,madura,42,2026-03-15T03:28:04.010Z
69b6286fe9a4d426f7b44095,banana,28,93,2086,1.681026,lote_G,madura,madura,42,2026-03-15T03:33:03.872Z
69b6299ee9a4d426f7b44096,banana,28,93,2088,1.682637,lote_G,madura,madura,42,2026-03-15T03:38:06.424Z
69b62ac8e9a4d426f7b44097,banana,28,93,2082,1.677802,lote_G,madura,madura,42,2026-03-15T03:43:04.542Z
69b62bf3e9a4d426f7b44098,banana,28,93,2079,1.675385,lote_G,madura,madura,42,2026-03-15T03:48:03.848Z
69b62d1fe9a4d426f7b44099,banana,28,93,2082,1.677802,lote_G,madura,madura,42,2026-03-15T03:53:03.884Z
69b62e4fe9a4d426f7b4409a,banana,28,93,2089,1.683443,lote_G,madura,madura,42,2026-03-15T03:58:07.098Z
69b62f78e9a4d426f7b4409b,banana,28,93,2069,1.667326,lote_G,madura,madura,42,2026-03-15T04:03:04.066Z
69b630a3e9a4d426f7b4409c,banana,28,93,2063,1.662491,lote_G,madura,madura,42,2026-03-15T04:08:03.913Z
69b631cfe9a4d426f7b4409d,banana,28,93,2064,1.663297,lote_G,madura,madura,42,2026-03-15T04:13:03.921Z
69b632fce9a4d426f7b4409e,banana,28,93,2069,1.667326,lote_G,madura,madura,42,2026-03-15T04:18:04.185Z
69b63428e9a4d426f7b4409f,banana,28,93,2070,1.668132,lote_G,madura,madura,42,2026-03-15T04:23:04.104Z
69b63553e9a4d426f7b440a0,banana,28,93,2071,1.668938,lote_G,madura,madura,42,2026-03-15T04:28:03.938Z
69b63680e9a4d426f7b440a1,banana,28,93,2095,1.688278,lote_G,madura,madura,42,2026-03-15T04:33:04.224Z
69b637afe9a4d426f7b440a2,banana,28,93,2102,1.693919,lote_G,madura,madura,42,2026-03-15T04:38:07.190Z
69b638dae9a4d426f7b440a3,banana,28,93,2112,1.701978,lote_G,madura,madura,42,2026-03-15T04:43:06.907Z
69b63a03e9a4d426f7b440a4,banana,28,93,2116,1.705202,lote_G,madura,madura,42,2026-03-15T04:48:03.975Z
69b63b30e9a4d426f7b440a5,banana,28,93,2120,1.708425,lote_G,madura,madura,42,2026-03-15T04:53:04.109Z
69b63c5ce9a4d426f7b440a6,banana,28,93,2125,1.712454,lote_G,madura,madura,42,2026-03-15T04:58:04.460Z
69b63d88e9a4d426f7b440a7,banana,28,93,2136,1.721319,lote_G,madura,madura,42,2026-03-15T05:03:04.014Z
69b63eb4e9a4d426f7b440a8,banana,28,93,2134,1.719707,lote_G,madura,madura,42,2026-03-15T05:08:04.013Z
69b63fdfe9a4d426f7b440a9,banana,28,93,2152,1.734212,lote_G,madura,madura,42,2026-03-15T05:13:03.945Z
69b6410be9a4d426f7b440aa,banana,28,93,2158,1.739048,lote_G,madura,madura,42,2026-03-15T05:18:03.983Z
69b64238e9a4d426f7b440ab,banana,28,93,2169,1.747912,lote_G,madura,madura,42,2026-03-15T05:23:04.533Z
69b64363e9a4d426f7b440ac,banana,28,93,2186,1.761612,lote_G,madura,madura,42,2026-03-15T05:28:03.916Z
69b64490e9a4d426f7b440ad,banana,28,93,2183,1.759194,lote_G,madura,madura,42,2026-03-15T05:33:04.009Z
69b645bce9a4d426f7b440ae,banana,28,93,2197,1.770476,lote_G,madura,madura,42,2026-03-15T05:38:04.035Z
69b646e8e9a4d426f7b440af,banana,27.6,94,2208,1.779341,lote_G,madura,madura,42,2026-03-15T05:43:04.063Z
69b64814e9a4d426f7b440b0,banana,27.6,94,2204,1.776117,lote_G,madura,madura,42,2026-03-15T05:48:04.099Z
69b64940e9a4d426f7b440b1,banana,27.6,94,2218,1.787399,lote_G,madura,madura,42,2026-03-15T05:53:04.030Z
69b64a6ce9a4d426f7b440b2,banana,27.6,94,2230,1.79707,lote_G,madura,madura,42,2026-03-15T05:58:04.066Z
69b64b98e9a4d426f7b440b3,banana,27.6,94,2224,1.792234,lote_G,madura,madura,42,2026-03-15T06:03:04.002Z
69b64cc4e9a4d426f7b440b4,banana,27.6,94,2235,1.801099,lote_G,madura,madura,42,2026-03-15T06:08:04.038Z
69b64df0e9a4d426f7b440b5,banana,27.6,94,2242,1.80674,lote_G,madura,madura,42,2026-03-15T06:13:04.077Z
69b64f1ce9a4d426f7b440b6,banana,27.6,94,2241,1.805934,lote_G,madura,madura,42,2026-03-15T06:18:04.114Z
69b65048e9a4d426f7b440b7,banana,27.6,94,2248,1.811575,lote_G,madura,madura,42,2026-03-15T06:23:04.051Z
69b65174e9a4d426f7b440b8,banana,27.6,94,2252,1.814799,lote_G,madura,madura,42,2026-03-15T06:28:04.086Z
69b652a0e9a4d426f7b440b9,banana,27.6,94,2255,1.817216,lote_G,madura,madura,42,2026-03-15T06:33:04.124Z
69b653cce9a4d426f7b440ba,banana,27.6,94,2256,1.818022,lote_G,madura,madura,42,2026-03-15T06:38:04.051Z
69b654f8e9a4d426f7b440bb,banana,27.6,94,2259,1.82044,lote_G,madura,madura,42,2026-03-15T06:43:04.189Z
69b65624e9a4d426f7b440bc,banana,27.6,94,2268,1.827692,lote_G,madura,madura,42,2026-03-15T06:48:04.225Z
69b65750e9a4d426f7b440bd,banana,27.6,94,2267,1.826886,lote_G,madura,madura,42,2026-03-15T06:53:04.159Z
69b6587ce9a4d426f7b440be,banana,27.6,94,2270,1.829304,lote_G,madura,madura,42,2026-03-15T06:58:04.096Z
69b659a8e9a4d426f7b440bf,banana,27.6,94,2269,1.828498,lote_G,madura,madura,42,2026-03-15T07:03:04.134Z
69b65ad4e9a4d426f7b440c0,banana,27.6,94,2275,1.833333,lote_G,madura,madura,42,2026-03-15T07:08:04.369Z
69b65c00e9a4d426f7b440c1,banana,27.6,94,2279,1.836557,lote_G,madura,madura,42,2026-03-15T07:13:04.103Z
69b65d2ce9a4d426f7b440c2,banana,27.6,94,2285,1.841392,lote_G,madura,madura,42,2026-03-15T07:18:04.237Z
69b65e58e9a4d426f7b440c3,banana,27.6,94,2291,1.846227,lote_G,madura,madura,42,2026-03-15T07:23:04.170Z
69b65f84e9a4d426f7b440c4,banana,27.6,94,2298,1.851868,lote_G,madura,madura,42,2026-03-15T07:28:04.419Z
69b660b0e9a4d426f7b440c5,banana,27.6,94,2316,1.866374,lote_G,madura,madura,42,2026-03-15T07:33:04.157Z
69b661dce9a4d426f7b440c6,banana,27.6,94,2303,1.855897,lote_G,madura,madura,42,2026-03-15T07:38:04.287Z
69b66308e9a4d426f7b440c7,banana,27.6,94,2307,1.859121,lote_G,madura,madura,42,2026-03-15T07:43:04.332Z
69b66434e9a4d426f7b440c8,banana,27.6,94,2312,1.86315,lote_G,madura,madura,42,2026-03-15T07:48:04.355Z
69b66560e9a4d426f7b440c9,banana,27.6,94,2319,1.868791,lote_G,madura,madura,42,2026-03-15T07:53:04.185Z
69b6668ce9a4d426f7b440ca,banana,27.6,94,2310,1.861538,lote_G,madura,madura,42,2026-03-15T07:58:04.321Z
69b667b8e9a4d426f7b440cb,banana,27.6,94,2318,1.867985,lote_G,madura,madura,42,2026-03-15T08:03:04.260Z
69b668e4e9a4d426f7b440cc,banana,27.6,94,2328,1.876044,lote_G,madura,madura,42,2026-03-15T08:08:04.190Z
69b66a10e9a4d426f7b440cd,banana,27.6,94,2328,1.876044,lote_G,madura,madura,42,2026-03-15T08:13:04.230Z
69b66b3ce9a4d426f7b440ce,banana,27.6,94,2328,1.876044,lote_G,madura,madura,42,2026-03-15T08:18:04.265Z
69b66c68e9a4d426f7b440cf,banana,27.6,94,2332,1.879267,lote_G,madura,madura,42,2026-03-15T08:23:04.198Z
69b66d94e9a4d426f7b440d0,banana,27.6,94,2340,1.885714,lote_G,madura,madura,42,2026-03-15T08:28:04.234Z
69b66ec0e9a4d426f7b440d1,banana,27.6,94,2344,1.888938,lote_G,madura,madura,42,2026-03-15T08:33:04.270Z
69b66fece9a4d426f7b440d2,banana,27.6,94,2342,1.887326,lote_G,madura,madura,42,2026-03-15T08:38:04.334Z
69b67118e9a4d426f7b440d3,banana,27.6,94,2344,1.888938,lote_G,madura,madura,42,2026-03-15T08:43:04.241Z
69b67244e9a4d426f7b440d4,banana,27.6,94,2345,1.889744,lote_G,madura,madura,42,2026-03-15T08:48:04.274Z
69b67370e9a4d426f7b440d5,banana,27.6,94,2349,1.892967,lote_G,madura,madura,42,2026-03-15T08:53:04.325Z
69b6749ce9a4d426f7b440d6,banana,27.6,94,2353,1.896191,lote_G,madura,madura,42,2026-03-15T08:58:04.245Z
69b675c8e9a4d426f7b440d7,banana,27.6,94,2354,1.896996,lote_G,madura,madura,42,2026-03-15T09:03:04.399Z
69b676f4e9a4d426f7b440d8,banana,27.6,94,2358,1.90022,lote_G,madura,madura,42,2026-03-15T09:08:04.439Z
69b67820e9a4d426f7b440d9,banana,27.4,94,2360,1.901832,lote_G,madura,madura,42,2026-03-15T09:13:04.250Z
69b6794ce9a4d426f7b440da,banana,27.2,94,2357,1.899414,lote_G,madura,madura,42,2026-03-15T09:18:04.278Z
69b67a78e9a4d426f7b440db,banana,27.1,94,2365,1.905861,lote_G,madura,madura,42,2026-03-15T09:23:04.536Z
69b67ba4e9a4d426f7b440dc,banana,27.1,94,2369,1.909084,lote_G,madura,madura,42,2026-03-15T09:28:04.587Z
69b67cd0e9a4d426f7b440dd,banana,27.1,94,2366,1.906667,lote_G,madura,madura,42,2026-03-15T09:33:04.405Z
69b67dfce9a4d426f7b440de,banana,27.1,94,2375,1.913919,lote_G,madura,madura,42,2026-03-15T09:38:04.539Z
69b67f28e9a4d426f7b440df,banana,27.1,94,2373,1.912308,lote_G,madura,madura,42,2026-03-15T09:43:04.592Z
69b68054e9a4d426f7b440e0,banana,27.1,94,2375,1.913919,lote_G,madura,madura,42,2026-03-15T09:48:04.412Z
69b68180e9a4d426f7b440e1,banana,27.1,94,2382,1.91956,lote_G,madura,madura,42,2026-03-15T09:53:04.548Z
69b683dae9a4d426f7b440e2,banana,27.1,94,2381,1.918755,lote_G,madura,madura,42,2026-03-15T10:03:06.960Z
69b68504e9a4d426f7b440e3,banana,27.1,94,2389,1.925201,lote_G,madura,madura,42,2026-03-15T10:08:04.447Z
69b68630e9a4d426f7b440e4,banana,27.1,94,2393,1.928425,lote_G,madura,madura,42,2026-03-15T10:13:04.481Z
69b6875ce9a4d426f7b440e5,banana,27.1,94,2385,1.921978,lote_G,madura,madura,42,2026-03-15T10:18:04.517Z
69b68888e9a4d426f7b440e6,banana,27.1,94,2395,1.930037,lote_G,madura,madura,42,2026-03-15T10:23:04.451Z
69b689b4e9a4d426f7b440e7,banana,27.1,94,2398,1.932454,lote_G,madura,madura,42,2026-03-15T10:28:04.497Z
69b68ae0e9a4d426f7b440e8,banana,27.1,94,2400,1.934066,lote_G,madura,madura,42,2026-03-15T10:33:04.524Z
69b68c0ce9a4d426f7b440e9,banana,27.1,94,2396,1.930843,lote_G,madura,madura,42,2026-03-15T10:38:04.461Z
69b68d3be9a4d426f7b440ea,banana,27.2,94,2404,1.937289,lote_G,madura,madura,42,2026-03-15T10:43:07.668Z
69b68e64e9a4d426f7b440eb,banana,27.4,94,2404,1.937289,lote_G,madura,madura,42,2026-03-15T10:48:04.529Z
69b68f90e9a4d426f7b440ec,banana,27.6,94,2408,1.940513,lote_G,madura,madura,42,2026-03-15T10:53:04.567Z
69b690bfe9a4d426f7b440ed,banana,27.6,94,2399,1.93326,lote_G,madura,madura,42,2026-03-15T10:58:07.425Z
69b691e8e9a4d426f7b440ee,banana,27.6,94,2410,1.942124,lote_G,madura,madura,42,2026-03-15T11:03:04.519Z
69b69315e9a4d426f7b440ef,banana,27.6,94,2418,1.948571,lote_G,madura,madura,42,2026-03-15T11:08:05.412Z
69b69440e9a4d426f7b440f0,banana,27.6,94,2407,1.939707,lote_G,madura,madura,42,2026-03-15T11:13:04.512Z
69b6956ce9a4d426f7b440f1,banana,27.6,94,2413,1.944542,lote_G,madura,madura,42,2026-03-15T11:18:04.544Z
69b69698e9a4d426f7b440f2,banana,27.6,94,2415,1.946154,lote_G,madura,madura,42,2026-03-15T11:23:04.680Z
69b697c4e9a4d426f7b440f3,banana,27.6,94,2412,1.943736,lote_G,madura,madura,42,2026-03-15T11:28:04.612Z
69b698f0e9a4d426f7b440f4,banana,27.6,94,2410,1.942124,lote_G,madura,madura,42,2026-03-15T11:33:04.574Z
69b69a1ce9a4d426f7b440f5,banana,27.6,94,2411,1.94293,lote_G,madura,madura,42,2026-03-15T11:38:04.584Z
69b69b48e9a4d426f7b440f6,banana,27.6,94,2415,1.946154,lote_G,madura,madura,42,2026-03-15T11:43:04.626Z
69b69c74e9a4d426f7b440f7,banana,27.6,94,2412,1.943736,lote_G,madura,madura,42,2026-03-15T11:48:04.780Z
69b69da0e9a4d426f7b440f8,banana,27.6,94,2420,1.950183,lote_G,madura,madura,42,2026-03-15T11:53:04.599Z
69b69ed5e9a4d426f7b440f9,banana,27.6,94,2428,1.95663,lote_G,madura,madura,42,2026-03-15T11:58:13.895Z
69b69ff8e9a4d426f7b440fa,banana,27.6,94,2427,1.955824,lote_G,madura,madura,42,2026-03-15T12:03:04.630Z
69b6a124e9a4d426f7b440fb,banana,27.6,94,2431,1.959048,lote_G,madura,madura,42,2026-03-15T12:08:04.629Z
69b6a250e9a4d426f7b440fc,banana,27.6,94,2439,1.965495,lote_G,madura,madura,42,2026-03-15T12:13:04.739Z
69b6a37ce9a4d426f7b440fd,banana,27.6,94,2446,1.971135,lote_G,madura,madura,42,2026-03-15T12:18:04.773Z
69b6a4a8e9a4d426f7b440fe,banana,27.6,94,2444,1.969524,lote_G,madura,madura,42,2026-03-15T12:23:04.620Z
69b6a5d7e9a4d426f7b440ff,banana,27.6,94,2443,1.968718,lote_G,madura,madura,42,2026-03-15T12:28:07.624Z
69b6a700e9a4d426f7b44100,banana,27.6,94,2453,1.976777,lote_G,madura,madura,42,2026-03-15T12:33:04.676Z
69b6a82ce9a4d426f7b44101,banana,27.6,94,2457,1.98,lote_G,madura,madura,42,2026-03-15T12:38:04.813Z
69b6a958e9a4d426f7b44102,banana,27.6,94,2458,1.980806,lote_G,madura,madura,42,2026-03-15T12:43:04.758Z
69b6aa84e9a4d426f7b44103,banana,27.6,94,2459,1.981612,lote_G,madura,madura,42,2026-03-15T12:48:04.688Z
69b6abb0e9a4d426f7b44104,banana,27.6,94,2470,1.990476,lote_G,madura,madura,42,2026-03-15T12:53:04.831Z
69b6acdce9a4d426f7b44105,banana,27.6,94,2492,2.008205,lote_G,madura,madura,42,2026-03-15T12:58:04.656Z
69b6ae09e9a4d426f7b44106,banana,27.6,94,2468,1.988864,lote_G,madura,madura,42,2026-03-15T13:03:05.315Z
69b6af37e9a4d426f7b44107,banana,27.6,94,2472,1.992088,lote_G,madura,madura,42,2026-03-15T13:08:07.798Z
69b6b060e9a4d426f7b44108,banana,27.6,94,2477,1.996117,lote_G,madura,madura,42,2026-03-15T13:13:04.659Z
69b6b18ce9a4d426f7b44109,banana,28,93,2486,2.00337,lote_G,madura,madura,42,2026-03-15T13:18:04.720Z
69b6b2bbe9a4d426f7b4410a,banana,28,93,2479,1.997729,lote_G,madura,madura,42,2026-03-15T13:23:07.985Z
69b6b3e4e9a4d426f7b4410b,banana,28,93,2481,1.999341,lote_G,madura,madura,42,2026-03-15T13:28:04.663Z
69b6b510e9a4d426f7b4410c,banana,28,93,2492,2.008205,lote_G,madura,madura,42,2026-03-15T13:33:04.850Z
69b6b63ce9a4d426f7b4410d,banana,28,93,2490,2.006593,lote_G,madura,madura,42,2026-03-15T13:38:04.739Z
69b6b769e9a4d426f7b4410e,banana,28,93,2496,2.011429,lote_G,madura,madura,42,2026-03-15T13:43:05.206Z
69b6b89de9a4d426f7b4410f,banana,28,93,2496,2.011429,lote_G,madura,madura,42,2026-03-15T13:48:13.917Z
69b6b9c0e9a4d426f7b44110,banana,28,93,2498,2.01304,lote_G,madura,madura,42,2026-03-15T13:53:04.685Z
69b6baf0e9a4d426f7b44111,banana,28,93,2506,2.019487,lote_G,madura,madura,42,2026-03-15T13:58:08.038Z
69b6bc18e9a4d426f7b44112,banana,28.5,93,2513,2.025128,lote_G,madura,madura,42,2026-03-15T14:03:04.921Z
69b6bd44e9a4d426f7b44113,banana,28.5,93,2511,2.023516,lote_G,madura,madura,42,2026-03-15T14:08:04.911Z
69b6be70e9a4d426f7b44114,banana,28.5,93,2508,2.021099,lote_G,madura,madura,42,2026-03-15T14:13:04.899Z
69b6bf9de9a4d426f7b44115,banana,28.5,93,2517,2.028352,lote_G,madura,madura,42,2026-03-15T14:18:05.371Z
69b6c0c8e9a4d426f7b44116,banana,28.5,93,2520,2.030769,lote_G,madura,madura,42,2026-03-15T14:23:04.758Z
69b6c1fde9a4d426f7b44117,banana,28.5,93,2521,2.031575,lote_G,madura,madura,42,2026-03-15T14:28:13.582Z
69b6c324e9a4d426f7b44118,banana,28.5,93,2528,2.037216,lote_G,madura,madura,42,2026-03-15T14:33:08.326Z
69b6c44ce9a4d426f7b44119,banana,28.5,93,2530,2.038828,lote_G,madura,madura,42,2026-03-15T14:38:04.865Z
69b6c6aae9a4d426f7b4411a,banana,28.9,93,2537,2.044469,lote_G,madura,madura,42,2026-03-15T14:48:10.279Z
69b6c7d1e9a4d426f7b4411b,banana,28.9,93,2540,2.046886,lote_G,madura,madura,42,2026-03-15T14:53:05.387Z
69b6c8ffe9a4d426f7b4411c,banana,28.9,93,2539,2.046081,lote_G,madura,madura,42,2026-03-15T14:58:07.560Z
69b6ca28e9a4d426f7b4411d,banana,28.9,93,2545,2.050916,lote_G,madura,madura,42,2026-03-15T15:03:04.953Z
69b6cb58e9a4d426f7b4411e,banana,28.9,93,2549,2.054139,lote_G,madura,madura,42,2026-03-15T15:08:08.593Z
69b6cc83e9a4d426f7b4411f,banana,28.9,93,2557,2.060586,lote_G,madura,madura,42,2026-03-15T15:13:07.373Z
69b6cdace9a4d426f7b44120,banana,28.9,92,2567,2.068645,lote_G,madura,madura,42,2026-03-15T15:18:04.881Z
69b6ced8e9a4d426f7b44121,banana,29,92,2560,2.063004,lote_G,madura,madura,42,2026-03-15T15:23:04.993Z
69b6d006e9a4d426f7b44122,banana,29.3,92,2565,2.067033,lote_G,madura,madura,42,2026-03-15T15:28:06.584Z
69b6d130e9a4d426f7b44123,banana,29.3,92,2562,2.064615,lote_G,madura,madura,42,2026-03-15T15:33:04.771Z
69b6d25de9a4d426f7b44124,banana,29.3,93,2574,2.074286,lote_G,madura,madura,42,2026-03-15T15:38:05.110Z
69b6d388e9a4d426f7b44125,banana,29.3,93,2568,2.069451,lote_G,madura,madura,42,2026-03-15T15:43:04.942Z
69b6d4bae9a4d426f7b44126,banana,29.3,93,2573,2.07348,lote_G,madura,madura,42,2026-03-15T15:48:10.144Z
69b6d5e3e9a4d426f7b44127,banana,29.3,93,2584,2.082344,lote_G,madura,madura,42,2026-03-15T15:53:07.695Z
69b6d70de9a4d426f7b44128,banana,29.3,93,2585,2.08315,lote_G,madura,madura,42,2026-03-15T15:58:05.148Z
69b6d839e9a4d426f7b44129,banana,29.3,93,2590,2.087179,lote_G,madura,madura,42,2026-03-15T16:03:05.073Z
69b6d968e9a4d426f7b4412a,banana,29.3,93,2595,2.091209,lote_G,madura,madura,42,2026-03-15T16:08:08.623Z
69b6da94e9a4d426f7b4412b,banana,29.3,93,2601,2.096044,lote_G,madura,alerta,12,2026-03-15T16:13:08.130Z
69c0c86a44ea8e9ad30798b5,ambiente,28.9,76,334,0.269157,lote_J,sem risco,sem risco,,2026-03-23T04:58:18.829Z
69c0c99644ea8e9ad30798b6,ambiente,28.9,76,338,0.272381,lote_J,sem risco,sem risco,,2026-03-23T05:03:18.950Z
69c0cac244ea8e9ad30798b7,ambiente,28.9,76,348,0.28044,lote_J,sem risco,sem risco,,2026-03-23T05:08:18.943Z
69c0cbee44ea8e9ad30798b8,ambiente,28.6,76,350,0.282051,lote_J,sem risco,sem risco,,2026-03-23T05:13:18.810Z
69c0cd1a44ea8e9ad30798b9,ambiente,28.5,76,364,0.293333,lote_J,sem risco,sem risco,,2026-03-23T05:18:18.915Z
69c0ce4744ea8e9ad30798ba,ambiente,28.9,76,360,0.29011,lote_J,sem risco,sem risco,,2026-03-23T05:23:19.003Z
69c0cf7244ea8e9ad30798bb,ambiente,28.9,76,369,0.297363,lote_J,sem risco,sem risco,,2026-03-23T05:28:18.980Z
69c0d09e44ea8e9ad30798bc,ambiente,28.9,76,373,0.300586,lote_J,sem risco,sem risco,,2026-03-23T05:33:18.855Z
69c0d1ca44ea8e9ad30798bd,ambiente,28.9,76,374,0.301392,lote_J,sem risco,sem risco,,2026-03-23T05:38:18.948Z
69c0d2f744ea8e9ad30798be,ambiente,28.5,76,380,0.306227,lote_J,sem risco,sem risco,,2026-03-23T05:43:19.030Z
69c0d42344ea8e9ad30798bf,ambiente,28.5,76,381,0.307033,lote_J,sem risco,sem risco,,2026-03-23T05:48:19.068Z
69c0d54e44ea8e9ad30798c0,ambiente,28.9,75,385,0.310256,lote_J,sem risco,sem risco,,2026-03-23T05:53:18.871Z
69c2da834f3e7eb1d6eb0fc7,ambiente,28.5,74,464,0.373919,lote_K,sem risco,sem risco,,2026-03-24T18:40:03.683Z
69c2dbaf4f3e7eb1d6eb0fc8,ambiente,28.5,73,438,0.352967,lote_K,sem risco,sem risco,,2026-03-24T18:45:03.669Z
69c2dcdb4f3e7eb1d6eb0fc9,ambiente,28.5,74,438,0.352967,lote_K,sem risco,sem risco,,2026-03-24T18:50:03.865Z
69c2de074f3e7eb1d6eb0fca,ambiente,28.5,74,437,0.352161,lote_K,sem risco,sem risco,,2026-03-24T18:55:03.809Z
69c2df334f3e7eb1d6eb0fcb,ambiente,28.6,74,444,0.357802,lote_K,sem risco,sem risco,,2026-03-24T19:00:03.662Z
69c2e05f4f3e7eb1d6eb0fcc,ambiente,28.9,74,448,0.361026,lote_K,sem risco,sem risco,,2026-03-24T19:05:03.795Z
69c2e18b4f3e7eb1d6eb0fcd,ambiente,28.9,74,447,0.36022,lote_K,sem risco,sem risco,,2026-03-24T19:10:03.962Z
69c2e2b74f3e7eb1d6eb0fce,ambiente,28.5,73,450,0.362637,lote_K,sem risco,sem risco,,2026-03-24T19:15:03.764Z
69c2e3e74f3e7eb1d6eb0fcf,ambiente,28.5,73,450,0.362637,lote_K,sem risco,sem risco,,2026-03-24T19:20:07.001Z
69c2e5134f3e7eb1d6eb0fd0,ambiente,28.5,73,453,0.365055,lote_K,sem risco,sem risco,,2026-03-24T19:25:07.128Z
69c2e63b4f3e7eb1d6eb0fd1,ambiente,28.5,73,456,0.367473,lote_K,sem risco,sem risco,,2026-03-24T19:30:03.984Z
69c2e7684f3e7eb1d6eb0fd2,ambiente,28.5,73,461,0.371502,lote_K,sem risco,sem risco,,2026-03-24T19:35:04.447Z
69c2e8934f3e7eb1d6eb0fd3,ambiente,28.5,73,458,0.369084,lote_K,sem risco,sem risco,,2026-03-24T19:40:03.742Z
69c2ea664f3e7eb1d6eb0fd4,ambiente,28.5,77,377,0.30381,lote_L,madura,sem risco,,2026-03-24T19:47:50.492Z
69c2eb924f3e7eb1d6eb0fd5,ambiente,28.5,79,407,0.327985,lote_L,madura,sem risco,,2026-03-24T19:52:50.530Z
69c2ecbe4f3e7eb1d6eb0fd6,ambiente,28.1,84,423,0.340879,lote_L,madura,sem risco,,2026-03-24T19:57:50.454Z
69c2edea4f3e7eb1d6eb0fd7,ambiente,28,88,431,0.347326,lote_L,madura,sem risco,,2026-03-24T20:02:50.505Z
69c2ef174f3e7eb1d6eb0fd8,ambiente,28,89,439,0.353773,lote_L,madura,sem risco,,2026-03-24T20:07:51.154Z
69c2f0424f3e7eb1d6eb0fd9,ambiente,28,91,450,0.362637,lote_L,madura,sem risco,,2026-03-24T20:12:50.343Z
69c2f16e4f3e7eb1d6eb0fda,ambiente,28.2,91,451,0.363443,lote_L,madura,sem risco,,2026-03-24T20:17:50.495Z
69c2f29a4f3e7eb1d6eb0fdb,ambiente,28.5,91,454,0.365861,lote_L,madura,sem risco,,2026-03-24T20:22:50.684Z
69c2f3c64f3e7eb1d6eb0fdc,ambiente,28.5,92,454,0.365861,lote_L,madura,sem risco,,2026-03-24T20:27:50.568Z
69c2f4f24f3e7eb1d6eb0fdd,ambiente,28.5,92,432,0.348132,lote_L,madura,sem risco,,2026-03-24T20:32:50.411Z
69c2f61e4f3e7eb1d6eb0fde,ambiente,28,92,441,0.355385,lote_L,madura,sem risco,,2026-03-24T20:37:50.539Z
69c2f74a4f3e7eb1d6eb0fdf,ambiente,27.6,92,424,0.341685,lote_L,madura,sem risco,,2026-03-24T20:42:50.557Z
69c2f8764f3e7eb1d6eb0fe0,ambiente,28,92,449,0.361832,lote_L,madura,sem risco,,2026-03-24T20:47:50.419Z
69c2f9a24f3e7eb1d6eb0fe1,ambiente,28,92,454,0.365861,lote_L,madura,sem risco,,2026-03-24T20:52:50.685Z
69c2face4f3e7eb1d6eb0fe2,ambiente,28,92,450,0.362637,lote_L,madura,sem risco,,2026-03-24T20:57:50.703Z
69c2fbfa4f3e7eb1d6eb0fe3,ambiente,28,92,521,0.419853,lote_L,madura,sem risco,,2026-03-24T21:02:50.621Z
69c2fd264f3e7eb1d6eb0fe4,ambiente,28,92,527,0.424689,lote_L,madura,sem risco,,2026-03-24T21:07:50.461Z
69c2fe524f3e7eb1d6eb0fe5,ambiente,28,92,521,0.419853,lote_L,madura,sem risco,,2026-03-24T21:12:50.596Z
69c2ff7e4f3e7eb1d6eb0fe6,ambiente,28,92,520,0.419048,lote_L,madura,sem risco,,2026-03-24T21:17:50.625Z
69c300aa4f3e7eb1d6eb0fe7,ambiente,28,92,516,0.415824,lote_L,madura,sem risco,,2026-03-24T21:22:50.457Z
69c301d74f3e7eb1d6eb0fe8,ambiente,27.6,93,517,0.41663,lote_L,madura,sem risco,,2026-03-24T21:27:51.112Z
69c303024f3e7eb1d6eb0fe9,ambiente,27.6,93,517,0.41663,lote_L,madura,sem risco,,2026-03-24T21:32:50.458Z
69c3042e4f3e7eb1d6eb0fea,ambiente,27.6,93,525,0.423077,lote_L,madura,sem risco,,2026-03-24T21:37:50.669Z
69c3055a4f3e7eb1d6eb0feb,ambiente,27.6,93,527,0.424689,lote_L,madura,sem risco,,2026-03-24T21:42:50.510Z
69c306864f3e7eb1d6eb0fec,ambiente,27.6,93,527,0.424689,lote_L,madura,sem risco,,2026-03-24T21:47:50.604Z
69c307b24f3e7eb1d6eb0fed,ambiente,27.6,93,500,0.40293,lote_L,madura,sem risco,,2026-03-24T21:52:50.637Z
69c308e14f3e7eb1d6eb0fee,ambiente,27.1,93,502,0.404542,lote_L,madura,sem risco,,2026-03-24T21:57:53.688Z
69c30a0a4f3e7eb1d6eb0fef,ambiente,27.1,93,494,0.398095,lote_L,madura,sem risco,,2026-03-24T22:02:50.550Z
69c30b364f3e7eb1d6eb0ff0,ambiente,27.1,93,504,0.406154,lote_L,madura,sem risco,,2026-03-24T22:07:50.586Z
69c30c624f3e7eb1d6eb0ff1,ambiente,27.1,93,502,0.404542,lote_L,madura,sem risco,,2026-03-24T22:12:50.689Z
69c30d8e4f3e7eb1d6eb0ff2,ambiente,27.1,93,499,0.402125,lote_L,madura,sem risco,,2026-03-24T22:17:50.510Z
69c30eba4f3e7eb1d6eb0ff3,ambiente,27.1,93,502,0.404542,lote_L,madura,sem risco,,2026-03-24T22:22:50.700Z
69c30fe64f3e7eb1d6eb0ff4,ambiente,27.1,93,509,0.410183,lote_L,madura,sem risco,,2026-03-24T22:27:50.488Z
69c311124f3e7eb1d6eb0ff5,ambiente,27.1,93,506,0.407766,lote_L,madura,sem risco,,2026-03-24T22:32:50.562Z
69c3123e4f3e7eb1d6eb0ff6,ambiente,27.1,93,504,0.406154,lote_L,madura,sem risco,,2026-03-24T22:37:50.699Z
69c3136a4f3e7eb1d6eb0ff7,ambiente,27.1,93,505,0.40696,lote_L,madura,sem risco,,2026-03-24T22:42:50.735Z
69c314964f3e7eb1d6eb0ff8,ambiente,27.1,93,507,0.408571,lote_L,madura,sem risco,,2026-03-24T22:47:50.542Z
69c315c24f3e7eb1d6eb0ff9,ambiente,27.1,93,511,0.411795,lote_L,madura,sem risco,,2026-03-24T22:52:50.709Z
69c316ee4f3e7eb1d6eb0ffa,ambiente,27.1,93,502,0.404542,lote_L,madura,sem risco,,2026-03-24T22:57:50.704Z
69c3181a4f3e7eb1d6eb0ffb,ambiente,27.1,93,500,0.40293,lote_L,madura,sem risco,,2026-03-24T23:02:50.830Z
69c319464f3e7eb1d6eb0ffc,ambiente,27.1,93,503,0.405348,lote_L,madura,sem risco,,2026-03-24T23:07:50.562Z
69c31a724f3e7eb1d6eb0ffd,ambiente,27.1,93,501,0.403736,lote_L,madura,sem risco,,2026-03-24T23:12:50.704Z
69c31b9b4f3e7eb1d6eb0ffe,ambiente,27.1,93,497,0.400513,lote_L,madura,sem risco,,2026-03-24T23:17:47.482Z
69c31cc74f3e7eb1d6eb0fff,ambiente,27.1,93,495,0.398901,lote_L,madura,sem risco,,2026-03-24T23:22:47.197Z
69c31df34f3e7eb1d6eb1000,ambiente,26.7,93,497,0.400513,lote_L,madura,sem risco,,2026-03-24T23:27:47.221Z
69c31f1f4f3e7eb1d6eb1001,ambiente,27.1,93,498,0.401319,lote_L,madura,sem risco,,2026-03-24T23:32:47.524Z
69c3204b4f3e7eb1d6eb1002,ambiente,27.1,93,493,0.397289,lote_L,madura,sem risco,,2026-03-24T23:37:47.423Z
69c321774f3e7eb1d6eb1003,ambiente,26.7,93,491,0.395678,lote_L,madura,sem risco,,2026-03-24T23:42:47.256Z
69c322a34f3e7eb1d6eb1004,ambiente,27.1,94,493,0.397289,lote_L,madura,sem risco,,2026-03-24T23:47:47.395Z
69c323cf4f3e7eb1d6eb1005,ambiente,27.1,94,495,0.398901,lote_L,madura,sem risco,,2026-03-24T23:52:47.392Z
69c324fb4f3e7eb1d6eb1006,ambiente,27.1,94,488,0.39326,lote_L,madura,sem risco,,2026-03-24T23:57:47.232Z
69c326274f3e7eb1d6eb1007,ambiente,27.1,93,484,0.390037,lote_L,madura,sem risco,,2026-03-25T00:02:47.364Z
69c327534f3e7eb1d6eb1008,ambiente,26.7,93,486,0.391648,lote_L,madura,sem risco,,2026-03-25T00:07:47.393Z
69c3287f4f3e7eb1d6eb1009,ambiente,26.7,93,490,0.394872,lote_L,madura,sem risco,,2026-03-25T00:12:47.393Z
69c329ab4f3e7eb1d6eb100a,ambiente,26.7,93,490,0.394872,lote_L,madura,sem risco,,2026-03-25T00:17:47.285Z
69c32ad74f3e7eb1d6eb100b,ambiente,27.1,94,489,0.394066,lote_L,madura,sem risco,,2026-03-25T00:22:47.428Z
69c32c034f3e7eb1d6eb100c,ambiente,27.1,94,486,0.391648,lote_L,madura,sem risco,,2026-03-25T00:27:47.480Z
69c32d304f3e7eb1d6eb100d,ambiente,27.1,94,470,0.378755,lote_L,madura,sem risco,,2026-03-25T00:32:48.098Z
69c32e5b4f3e7eb1d6eb100e,ambiente,26.7,93,463,0.373114,lote_L,madura,sem risco,,2026-03-25T00:37:47.271Z
69c32f874f3e7eb1d6eb100f,ambiente,26.2,93,439,0.353773,lote_L,madura,sem risco,,2026-03-25T00:42:47.494Z
69c330b34f3e7eb1d6eb1010,ambiente,25.8,93,438,0.352967,lote_L,madura,sem risco,,2026-03-25T00:47:47.329Z
69c331df4f3e7eb1d6eb1011,ambiente,25.3,93,440,0.354579,lote_L,madura,sem risco,,2026-03-25T00:52:47.465Z
69c3330b4f3e7eb1d6eb1012,ambiente,25.3,93,430,0.34652,lote_L,madura,sem risco,,2026-03-25T00:57:47.495Z
69c334374f3e7eb1d6eb1013,ambiente,25.3,93,417,0.336044,lote_L,madura,sem risco,,2026-03-25T01:02:47.537Z
69c335634f3e7eb1d6eb1014,ambiente,25.3,93,415,0.334432,lote_L,madura,sem risco,,2026-03-25T01:07:47.321Z
69c3368f4f3e7eb1d6eb1015,ambiente,24.8,93,426,0.343297,lote_L,madura,sem risco,,2026-03-25T01:12:47.605Z
69c337bb4f3e7eb1d6eb1016,ambiente,24.8,93,431,0.347326,lote_L,madura,sem risco,,2026-03-25T01:17:47.317Z
69c338e74f3e7eb1d6eb1017,ambiente,25.3,93,440,0.354579,lote_L,madura,sem risco,,2026-03-25T01:22:47.370Z
69c33a134f3e7eb1d6eb1018,ambiente,25.3,93,448,0.361026,lote_L,madura,sem risco,,2026-03-25T01:27:47.513Z
69c33b3f4f3e7eb1d6eb1019,ambiente,25.8,94,434,0.349744,lote_L,madura,sem risco,,2026-03-25T01:32:47.502Z
69c33c6b4f3e7eb1d6eb101a,ambiente,25.8,94,424,0.341685,lote_L,madura,sem risco,,2026-03-25T01:37:47.379Z
69c33d974f3e7eb1d6eb101b,ambiente,25.3,93,407,0.327985,lote_L,madura,sem risco,,2026-03-25T01:42:47.417Z
69c33ec34f3e7eb1d6eb101c,ambiente,24.8,93,411,0.331209,lote_L,madura,sem risco,,2026-03-25T01:47:47.553Z
69c33fef4f3e7eb1d6eb101d,ambiente,24.8,93,405,0.326374,lote_L,madura,sem risco,,2026-03-25T01:52:47.594Z
69c3411b4f3e7eb1d6eb101e,ambiente,24.8,93,409,0.329597,lote_L,madura,sem risco,,2026-03-25T01:57:47.397Z
69c342474f3e7eb1d6eb101f,ambiente,24.8,93,410,0.330403,lote_L,madura,sem risco,,2026-03-25T02:02:47.460Z
69c343734f3e7eb1d6eb1020,ambiente,24.8,93,406,0.327179,lote_L,madura,sem risco,,2026-03-25T02:07:47.700Z
69c3449f4f3e7eb1d6eb1021,ambiente,24.8,93,408,0.328791,lote_L,madura,sem risco,,2026-03-25T02:12:47.585Z
69c345cb4f3e7eb1d6eb1022,ambiente,24.8,93,406,0.327179,lote_L,madura,sem risco,,2026-03-25T02:17:47.465Z
69c346f74f3e7eb1d6eb1023,ambiente,24.8,93,400,0.322344,lote_L,madura,sem risco,,2026-03-25T02:22:47.706Z
69c348234f3e7eb1d6eb1024,ambiente,24.8,93,394,0.317509,lote_L,madura,sem risco,,2026-03-25T02:27:47.639Z
69c3494f4f3e7eb1d6eb1025,ambiente,24.6,93,395,0.318315,lote_L,madura,sem risco,,2026-03-25T02:32:47.478Z
69c34a7b4f3e7eb1d6eb1026,ambiente,24.5,93,392,0.315897,lote_L,madura,sem risco,,2026-03-25T02:37:47.613Z
69c34ba74f3e7eb1d6eb1027,ambiente,24.5,93,398,0.320733,lote_L,madura,sem risco,,2026-03-25T02:42:47.649Z
69c34cd34f3e7eb1d6eb1028,ambiente,24.5,93,396,0.319121,lote_L,madura,sem risco,,2026-03-25T02:47:47.587Z
69c34dff4f3e7eb1d6eb1029,ambiente,24.5,93,390,0.314286,lote_L,madura,sem risco,,2026-03-25T02:52:47.648Z
69c34f2b4f3e7eb1d6eb102a,ambiente,24.5,93,388,0.312674,lote_L,madura,sem risco,,2026-03-25T02:57:47.652Z
69c350574f3e7eb1d6eb102b,ambiente,24.5,93,397,0.319927,lote_L,madura,sem risco,,2026-03-25T03:02:47.651Z
69c351834f3e7eb1d6eb102c,ambiente,24.5,93,405,0.326374,lote_L,madura,sem risco,,2026-03-25T03:07:47.522Z
69c352af4f3e7eb1d6eb102d,ambiente,24.8,93,411,0.331209,lote_L,madura,sem risco,,2026-03-25T03:12:47.672Z
69c353db4f3e7eb1d6eb102e,ambiente,24.8,93,413,0.332821,lote_L,madura,sem risco,,2026-03-25T03:17:47.703Z
69c355074f3e7eb1d6eb102f,ambiente,24.8,93,409,0.329597,lote_L,madura,sem risco,,2026-03-25T03:22:47.644Z
69c356334f3e7eb1d6eb1030,ambiente,24.8,93,417,0.336044,lote_L,madura,sem risco,,2026-03-25T03:27:47.632Z
69c3575f4f3e7eb1d6eb1031,ambiente,24.8,93,423,0.340879,lote_L,madura,sem risco,,2026-03-25T03:32:47.660Z
69c3588b4f3e7eb1d6eb1032,ambiente,25.3,93,426,0.343297,lote_L,madura,sem risco,,2026-03-25T03:37:47.695Z
69c359b74f3e7eb1d6eb1033,ambiente,25.3,93,427,0.344103,lote_L,madura,sem risco,,2026-03-25T03:42:47.574Z
69c35ae34f3e7eb1d6eb1034,ambiente,25.3,93,457,0.368278,lote_L,madura,sem risco,,2026-03-25T03:47:47.712Z
69c35c124f3e7eb1d6eb1035,ambiente,25.3,93,468,0.377143,lote_L,madura,sem risco,,2026-03-25T03:52:50.280Z
69c35d3b4f3e7eb1d6eb1036,ambiente,25.3,93,478,0.385201,lote_L,madura,sem risco,,2026-03-25T03:57:47.721Z
69c35e674f3e7eb1d6eb1037,ambiente,25.8,93,483,0.389231,lote_L,madura,sem risco,,2026-03-25T04:02:47.721Z
69c35f934f3e7eb1d6eb1038,ambiente,25.8,93,486,0.391648,lote_L,madura,sem risco,,2026-03-25T04:07:47.788Z
69c360bf4f3e7eb1d6eb1039,ambiente,25.8,93,485,0.390842,lote_L,madura,sem risco,,2026-03-25T04:12:47.795Z
69c361eb4f3e7eb1d6eb103a,ambiente,25.8,93,483,0.389231,lote_L,madura,sem risco,,2026-03-25T04:17:47.582Z
69c363184f3e7eb1d6eb103b,ambiente,25.8,93,482,0.388425,lote_L,madura,sem risco,,2026-03-25T04:22:48.495Z
69c364434f3e7eb1d6eb103c,ambiente,25.8,93,480,0.386813,lote_L,madura,sem risco,,2026-03-25T04:27:47.824Z
69c3656f4f3e7eb1d6eb103d,ambiente,25.8,93,477,0.384396,lote_L,madura,sem risco,,2026-03-25T04:32:47.606Z
69c3669c4f3e7eb1d6eb103e,ambiente,25.8,93,474,0.381978,lote_L,madura,sem risco,,2026-03-25T04:37:48.564Z
69c367c74f3e7eb1d6eb103f,ambiente,25.8,93,471,0.37956,lote_L,madura,sem risco,,2026-03-25T04:42:47.602Z
69c368f34f3e7eb1d6eb1040,ambiente,25.8,93,473,0.381172,lote_L,madura,sem risco,,2026-03-25T04:47:47.843Z
69c36a1f4f3e7eb1d6eb1041,ambiente,25.8,93,472,0.380366,lote_L,madura,sem risco,,2026-03-25T04:52:47.640Z
69c36b4b4f3e7eb1d6eb1042,ambiente,25.8,93,470,0.378755,lote_L,madura,sem risco,,2026-03-25T04:57:47.819Z
69c36c774f3e7eb1d6eb1043,ambiente,25.8,93,471,0.37956,lote_L,madura,sem risco,,2026-03-25T05:02:47.851Z
69c36da34f3e7eb1d6eb1044,ambiente,25.8,93,469,0.377949,lote_L,madura,sem risco,,2026-03-25T05:07:47.685Z
69c36ed04f3e7eb1d6eb1045,ambiente,25.8,93,469,0.377949,lote_L,madura,sem risco,,2026-03-25T05:12:48.538Z
69c36ffb4f3e7eb1d6eb1046,ambiente,25.8,93,473,0.381172,lote_L,madura,sem risco,,2026-03-25T05:17:47.813Z
69c371274f3e7eb1d6eb1047,ambiente,25.8,93,471,0.37956,lote_L,madura,sem risco,,2026-03-25T05:22:47.856Z
69c372534f3e7eb1d6eb1048,ambiente,25.8,93,475,0.382784,lote_L,madura,sem risco,,2026-03-25T05:27:47.729Z
69c3737f4f3e7eb1d6eb1049,ambiente,25.8,93,474,0.381978,lote_L,madura,sem risco,,2026-03-25T05:32:47.824Z
69c374ab4f3e7eb1d6eb104a,ambiente,25.8,93,474,0.381978,lote_L,madura,sem risco,,2026-03-25T05:37:47.855Z
69c375d74f3e7eb1d6eb104b,ambiente,25.8,93,473,0.381172,lote_L,madura,sem risco,,2026-03-25T05:42:47.845Z
69c377034f3e7eb1d6eb104c,ambiente,25.8,93,475,0.382784,lote_L,madura,sem risco,,2026-03-25T05:47:47.786Z
69c3782f4f3e7eb1d6eb104d,ambiente,25.8,93,474,0.381978,lote_L,madura,sem risco,,2026-03-25T05:52:47.923Z
69c3795b4f3e7eb1d6eb104e,ambiente,25.8,93,475,0.382784,lote_L,madura,sem risco,,2026-03-25T05:57:47.901Z
69c37a874f3e7eb1d6eb104f,ambiente,25.8,93,471,0.37956,lote_L,madura,sem risco,,2026-03-25T06:02:47.781Z
69c37bb34f3e7eb1d6eb1050,ambiente,25.8,93,473,0.381172,lote_L,madura,sem risco,,2026-03-25T06:07:47.917Z
69c37cdf4f3e7eb1d6eb1051,ambiente,25.8,93,474,0.381978,lote_L,madura,sem risco,,2026-03-25T06:12:47.914Z
69c37e0c4f3e7eb1d6eb1052,ambiente,25.8,93,473,0.381172,lote_L,madura,sem risco,,2026-03-25T06:17:48.000Z
69c37f374f3e7eb1d6eb1053,ambiente,25.8,93,470,0.378755,lote_L,madura,sem risco,,2026-03-25T06:22:47.823Z
69c380634f3e7eb1d6eb1054,ambiente,25.8,93,472,0.380366,lote_L,madura,sem risco,,2026-03-25T06:27:47.862Z
69c3818f4f3e7eb1d6eb1055,ambiente,25.8,93,470,0.378755,lote_L,madura,sem risco,,2026-03-25T06:32:47.996Z
69c382bc4f3e7eb1d6eb1056,ambiente,25.8,93,467,0.376337,lote_L,madura,sem risco,,2026-03-25T06:37:48.037Z
69c383e74f3e7eb1d6eb1057,ambiente,25.8,93,464,0.373919,lote_L,madura,sem risco,,2026-03-25T06:42:47.870Z
69c385144f3e7eb1d6eb1058,ambiente,25.8,93,466,0.375531,lote_L,madura,sem risco,,2026-03-25T06:47:48.005Z
69c386404f3e7eb1d6eb1059,ambiente,25.8,93,462,0.372308,lote_L,madura,sem risco,,2026-03-25T06:52:48.042Z
69c3876c4f3e7eb1d6eb105a,ambiente,25.8,93,467,0.376337,lote_L,madura,sem risco,,2026-03-25T06:57:48.023Z
69c388974f3e7eb1d6eb105b,ambiente,25.8,93,465,0.374725,lote_L,madura,sem risco,,2026-03-25T07:02:47.905Z
69c389c44f3e7eb1d6eb105c,ambiente,25.8,93,464,0.373919,lote_L,madura,sem risco,,2026-03-25T07:07:48.050Z
69c38af04f3e7eb1d6eb105d,ambiente,25.8,93,462,0.372308,lote_L,madura,sem risco,,2026-03-25T07:12:48.186Z
69c38c1b4f3e7eb1d6eb105e,ambiente,25.8,93,459,0.36989,lote_L,madura,sem risco,,2026-03-25T07:17:47.920Z
69c38d484f3e7eb1d6eb105f,ambiente,25.8,93,462,0.372308,lote_L,madura,sem risco,,2026-03-25T07:22:48.020Z
69c38e744f3e7eb1d6eb1060,ambiente,25.8,93,458,0.369084,lote_L,madura,sem risco,,2026-03-25T07:27:48.049Z
69c38fa04f3e7eb1d6eb1061,ambiente,25.8,94,460,0.370696,lote_L,madura,sem risco,,2026-03-25T07:32:48.084Z
69c390cb4f3e7eb1d6eb1062,ambiente,25.8,94,461,0.371502,lote_L,madura,sem risco,,2026-03-25T07:37:47.922Z
69c391f84f3e7eb1d6eb1063,ambiente,25.8,94,462,0.372308,lote_L,madura,sem risco,,2026-03-25T07:42:48.092Z
69c393244f3e7eb1d6eb1064,ambiente,25.3,94,461,0.371502,lote_L,madura,sem risco,,2026-03-25T07:47:48.135Z
69c3944f4f3e7eb1d6eb1065,ambiente,25.3,94,462,0.372308,lote_L,madura,sem risco,,2026-03-25T07:52:47.923Z
69c3957b4f3e7eb1d6eb1066,ambiente,25.3,94,461,0.371502,lote_L,madura,sem risco,,2026-03-25T07:57:47.996Z
69c396a84f3e7eb1d6eb1067,ambiente,25.3,94,462,0.372308,lote_L,madura,sem risco,,2026-03-25T08:02:48.087Z
69c397d44f3e7eb1d6eb1068,ambiente,25.3,94,459,0.36989,lote_L,madura,sem risco,,2026-03-25T08:07:48.135Z
69c399004f3e7eb1d6eb1069,ambiente,25.3,94,462,0.372308,lote_L,madura,sem risco,,2026-03-25T08:12:48.003Z
69c39a2c4f3e7eb1d6eb106a,ambiente,25.3,94,458,0.369084,lote_L,madura,sem risco,,2026-03-25T08:17:48.105Z
69c39b584f3e7eb1d6eb106b,ambiente,25.3,94,460,0.370696,lote_L,madura,sem risco,,2026-03-25T08:22:48.182Z
69c39c834f3e7eb1d6eb106c,ambiente,25.3,94,458,0.369084,lote_L,madura,sem risco,,2026-03-25T08:27:47.983Z
69c39db04f3e7eb1d6eb106d,ambiente,25.3,94,458,0.369084,lote_L,madura,sem risco,,2026-03-25T08:32:48.155Z
69c39edc4f3e7eb1d6eb106e,ambiente,25.3,94,461,0.371502,lote_L,madura,sem risco,,2026-03-25T08:37:48.164Z
69c3a0084f3e7eb1d6eb106f,ambiente,25.3,94,459,0.36989,lote_L,madura,sem risco,,2026-03-25T08:42:48.335Z
69c3a1344f3e7eb1d6eb1070,ambiente,25.3,94,458,0.369084,lote_L,madura,sem risco,,2026-03-25T08:47:48.063Z
69c3a2604f3e7eb1d6eb1071,ambiente,25.3,94,462,0.372308,lote_L,madura,sem risco,,2026-03-25T08:52:48.147Z
69c3a38c4f3e7eb1d6eb1072,ambiente,25.3,94,461,0.371502,lote_L,madura,sem risco,,2026-03-25T08:57:48.194Z
69c3a4b84f3e7eb1d6eb1073,ambiente,25.3,94,463,0.373114,lote_L,madura,sem risco,,2026-03-25T09:02:48.886Z
69c3a5e44f3e7eb1d6eb1074,ambiente,25.3,94,462,0.372308,lote_L,madura,sem risco,,2026-03-25T09:07:48.027Z
69c3a7104f3e7eb1d6eb1075,ambiente,25.3,94,464,0.373919,lote_L,madura,sem risco,,2026-03-25T09:12:48.193Z
69c3a83c4f3e7eb1d6eb1076,ambiente,25.3,94,464,0.373919,lote_L,madura,sem risco,,2026-03-25T09:17:48.222Z
69c3a9684f3e7eb1d6eb1077,ambiente,25.3,94,465,0.374725,lote_L,madura,sem risco,,2026-03-25T09:22:48.103Z
69c3aa944f3e7eb1d6eb1078,ambiente,25.3,94,463,0.373114,lote_L,madura,sem risco,,2026-03-25T09:27:48.297Z
69c3abc04f3e7eb1d6eb1079,ambiente,25.3,94,468,0.377143,lote_L,madura,sem risco,,2026-03-25T09:32:48.241Z
69c3acec4f3e7eb1d6eb107a,ambiente,25.3,94,469,0.377949,lote_L,madura,sem risco,,2026-03-25T09:37:48.315Z
69c3ae184f3e7eb1d6eb107b,ambiente,25.3,94,471,0.37956,lote_L,madura,sem risco,,2026-03-25T09:42:48.138Z
69c3af444f3e7eb1d6eb107c,ambiente,25.3,94,476,0.38359,lote_L,madura,sem risco,,2026-03-25T09:47:48.388Z
69c3b0704f3e7eb1d6eb107d,ambiente,25.3,94,481,0.387619,lote_L,madura,sem risco,,2026-03-25T09:52:48.293Z
69c3b19c4f3e7eb1d6eb107e,ambiente,25.3,94,473,0.381172,lote_L,madura,sem risco,,2026-03-25T09:57:48.158Z
69c3b2c84f3e7eb1d6eb107f,ambiente,25.3,94,479,0.386007,lote_L,madura,sem risco,,2026-03-25T10:02:48.198Z
69c3b3f44f3e7eb1d6eb1080,ambiente,25.3,94,480,0.386813,lote_L,madura,sem risco,,2026-03-25T10:07:48.338Z
69c3b5204f3e7eb1d6eb1081,ambiente,25.3,94,480,0.386813,lote_L,madura,sem risco,,2026-03-25T10:12:48.985Z
69c3b64c4f3e7eb1d6eb1082,ambiente,25.3,94,480,0.386813,lote_L,madura,sem risco,,2026-03-25T10:17:48.139Z
69c3b7784f3e7eb1d6eb1083,ambiente,25.3,94,483,0.389231,lote_L,madura,sem risco,,2026-03-25T10:22:48.288Z
69c3b8a44f3e7eb1d6eb1084,ambiente,25.3,94,480,0.386813,lote_L,madura,sem risco,,2026-03-25T10:27:48.334Z
69c3b9d04f3e7eb1d6eb1085,ambiente,25.3,93,484,0.390037,lote_L,madura,sem risco,,2026-03-25T10:32:48.196Z
69c3bafc4f3e7eb1d6eb1086,ambiente,25.3,93,482,0.388425,lote_L,madura,sem risco,,2026-03-25T10:37:48.349Z
69c3bc284f3e7eb1d6eb1087,ambiente,25.3,94,482,0.388425,lote_L,madura,sem risco,,2026-03-25T10:42:48.304Z
69c3bd544f3e7eb1d6eb1088,ambiente,25.3,94,483,0.389231,lote_L,madura,sem risco,,2026-03-25T10:47:48.426Z
69c3be804f3e7eb1d6eb1089,ambiente,25.3,94,486,0.391648,lote_L,madura,sem risco,,2026-03-25T10:52:48.219Z
69c3bfac4f3e7eb1d6eb108a,ambiente,25.3,94,489,0.394066,lote_L,madura,sem risco,,2026-03-25T10:57:48.347Z
69c3c0d84f3e7eb1d6eb108b,ambiente,25.3,93,490,0.394872,lote_L,madura,sem risco,,2026-03-25T11:02:48.402Z
69c3c2044f3e7eb1d6eb108c,ambiente,25.3,93,489,0.394066,lote_L,madura,sem risco,,2026-03-25T11:07:48.262Z
69c3c3304f3e7eb1d6eb108d,ambiente,25.3,93,491,0.395678,lote_L,madura,sem risco,,2026-03-25T11:12:48.398Z
69c3c45c4f3e7eb1d6eb108e,ambiente,25.3,93,489,0.394066,lote_L,madura,sem risco,,2026-03-25T11:17:48.429Z
69c3c5884f3e7eb1d6eb108f,ambiente,25.3,93,496,0.399707,lote_L,madura,sem risco,,2026-03-25T11:22:48.474Z
69c3c6b44f3e7eb1d6eb1090,ambiente,25.3,93,494,0.398095,lote_L,madura,sem risco,,2026-03-25T11:27:48.285Z
69c3c7e04f3e7eb1d6eb1091,ambiente,25.3,93,496,0.399707,lote_L,madura,sem risco,,2026-03-25T11:32:48.339Z
69c3c90c4f3e7eb1d6eb1092,ambiente,25.5,93,497,0.400513,lote_L,madura,sem risco,,2026-03-25T11:37:48.574Z
69c3ca384f3e7eb1d6eb1093,ambiente,25.8,93,496,0.399707,lote_L,madura,sem risco,,2026-03-25T11:42:48.651Z
69c3cb644f3e7eb1d6eb1094,ambiente,25.8,93,495,0.398901,lote_L,madura,sem risco,,2026-03-25T11:47:48.343Z
69c3cc904f3e7eb1d6eb1095,ambiente,25.8,93,497,0.400513,lote_L,madura,sem risco,,2026-03-25T11:52:48.489Z
69c3cdbc4f3e7eb1d6eb1096,ambiente,25.8,93,494,0.398095,lote_L,madura,sem risco,,2026-03-25T11:57:48.520Z
69c3cee84f3e7eb1d6eb1097,ambiente,25.8,93,497,0.400513,lote_L,madura,sem risco,,2026-03-25T12:02:48.346Z
69c3d0144f3e7eb1d6eb1098,ambiente,25.8,93,501,0.403736,lote_L,madura,sem risco,,2026-03-25T12:07:48.592Z
69c3d1404f3e7eb1d6eb1099,ambiente,25.8,93,500,0.40293,lote_L,madura,sem risco,,2026-03-25T12:12:48.475Z
69c3d26c4f3e7eb1d6eb109a,ambiente,25.8,93,499,0.402125,lote_L,madura,sem risco,,2026-03-25T12:17:48.347Z
69c3d39a4f3e7eb1d6eb109b,ambiente,25.8,93,498,0.401319,lote_L,madura,sem risco,,2026-03-25T12:22:50.050Z
69c3d4c44f3e7eb1d6eb109c,ambiente,25.8,93,497,0.400513,lote_L,madura,sem risco,,2026-03-25T12:27:48.432Z
69c3d5f04f3e7eb1d6eb109d,ambiente,25.8,93,500,0.40293,lote_L,madura,sem risco,,2026-03-25T12:32:48.418Z
69c3d71c4f3e7eb1d6eb109e,ambiente,25.8,93,498,0.401319,lote_L,madura,sem risco,,2026-03-25T12:37:48.426Z
69c3d8494f3e7eb1d6eb109f,ambiente,25.8,93,499,0.402125,lote_L,madura,sem risco,,2026-03-25T12:42:49.261Z
69c3d9744f3e7eb1d6eb10a0,ambiente,25.9,93,497,0.400513,lote_L,madura,sem risco,,2026-03-25T12:47:48.372Z
69c3daa04f3e7eb1d6eb10a1,ambiente,26.2,93,495,0.398901,lote_L,madura,sem risco,,2026-03-25T12:52:48.560Z
69c3dbcc4f3e7eb1d6eb10a2,ambiente,26.2,93,497,0.400513,lote_L,madura,sem risco,,2026-03-25T12:57:48.429Z
69c3dcf84f3e7eb1d6eb10a3,ambiente,26.2,93,497,0.400513,lote_L,madura,sem risco,,2026-03-25T13:02:48.681Z
69c3de244f3e7eb1d6eb10a4,ambiente,26.2,93,493,0.397289,lote_L,madura,sem risco,,2026-03-25T13:07:48.717Z
69c3df504f3e7eb1d6eb10a5,ambiente,26.2,93,499,0.402125,lote_L,madura,sem risco,,2026-03-25T13:12:48.561Z
69c3e07c4f3e7eb1d6eb10a6,ambiente,26.2,93,501,0.403736,lote_L,madura,sem risco,,2026-03-25T13:17:48.495Z
69c3e1a84f3e7eb1d6eb10a7,ambiente,26.2,93,503,0.405348,lote_L,madura,sem risco,,2026-03-25T13:22:48.584Z
69c3e2d44f3e7eb1d6eb10a8,ambiente,26.2,93,504,0.406154,lote_L,madura,sem risco,,2026-03-25T13:27:48.607Z
69c3e4004f3e7eb1d6eb10a9,ambiente,26.2,93,502,0.404542,lote_L,madura,sem risco,,2026-03-25T13:32:48.591Z
69c3e52c4f3e7eb1d6eb10aa,ambiente,26.2,93,504,0.406154,lote_L,madura,sem risco,,2026-03-25T13:37:48.592Z
69c3e6584f3e7eb1d6eb10ab,ambiente,26.7,93,509,0.410183,lote_L,madura,sem risco,,2026-03-25T13:42:48.667Z
69c3e7844f3e7eb1d6eb10ac,ambiente,26.7,93,506,0.407766,lote_L,madura,sem risco,,2026-03-25T13:47:48.674Z
69c3e8b14f3e7eb1d6eb10ad,ambiente,26.7,93,506,0.407766,lote_L,madura,sem risco,,2026-03-25T13:52:49.315Z
69c3e9dc4f3e7eb1d6eb10ae,ambiente,26.7,93,506,0.407766,lote_L,madura,sem risco,,2026-03-25T13:57:48.570Z
69c3eb084f3e7eb1d6eb10af,ambiente,26.7,93,505,0.40696,lote_L,madura,sem risco,,2026-03-25T14:02:48.717Z
69c3ec344f3e7eb1d6eb10b0,ambiente,26.7,93,505,0.40696,lote_L,madura,sem risco,,2026-03-25T14:07:48.544Z
69c3ed604f3e7eb1d6eb10b1,ambiente,26.7,93,508,0.409377,lote_L,madura,sem risco,,2026-03-25T14:12:48.737Z
69c3ee8c4f3e7eb1d6eb10b2,ambiente,26.7,93,509,0.410183,lote_L,madura,sem risco,,2026-03-25T14:17:48.753Z
69c3efb84f3e7eb1d6eb10b3,ambiente,26.7,93,512,0.412601,lote_L,madura,sem risco,,2026-03-25T14:22:48.665Z
69c3f0e44f3e7eb1d6eb10b4,ambiente,26.7,93,516,0.415824,lote_L,madura,sem risco,,2026-03-25T14:27:48.580Z
69c3f2104f3e7eb1d6eb10b5,ambiente,26.7,93,513,0.413407,lote_L,madura,sem risco,,2026-03-25T14:32:48.678Z
69c3f33c4f3e7eb1d6eb10b6,ambiente,26.7,93,514,0.414212,lote_L,madura,sem risco,,2026-03-25T14:37:48.761Z
69c3f4684f3e7eb1d6eb10b7,ambiente,27.1,93,518,0.417436,lote_L,madura,sem risco,,2026-03-25T14:42:48.653Z
69c3f5944f3e7eb1d6eb10b8,ambiente,27.1,93,522,0.420659,lote_L,madura,sem risco,,2026-03-25T14:47:48.684Z
69c3f6c04f3e7eb1d6eb10b9,ambiente,27.1,93,525,0.423077,lote_L,madura,sem risco,,2026-03-25T14:52:48.742Z
69c3f7ec4f3e7eb1d6eb10ba,ambiente,27.1,93,529,0.4263,lote_L,madura,sem risco,,2026-03-25T14:57:48.703Z
69c3f9184f3e7eb1d6eb10bb,ambiente,27.1,93,535,0.431136,lote_L,madura,sem risco,,2026-03-25T15:02:48.602Z
69c3fa444f3e7eb1d6eb10bc,ambiente,27.6,93,537,0.432747,lote_L,madura,sem risco,,2026-03-25T15:07:48.769Z
69c3fb704f3e7eb1d6eb10bd,ambiente,27.6,93,539,0.434359,lote_L,madura,sem risco,,2026-03-25T15:12:48.883Z
69c3fc9c4f3e7eb1d6eb10be,ambiente,27.6,93,540,0.435165,lote_L,madura,sem risco,,2026-03-25T15:17:48.653Z
69c3fdc84f3e7eb1d6eb10bf,ambiente,27.6,93,546,0.44,lote_L,madura,sem risco,,2026-03-25T15:22:48.775Z
69c3fef44f3e7eb1d6eb10c0,ambiente,27.6,93,548,0.441612,lote_L,madura,sem risco,,2026-03-25T15:27:48.778Z
69c400204f3e7eb1d6eb10c1,ambiente,27.6,93,550,0.443223,lote_L,madura,sem risco,,2026-03-25T15:32:48.655Z
69c4014c4f3e7eb1d6eb10c2,ambiente,27.7,93,549,0.442418,lote_L,madura,sem risco,,2026-03-25T15:37:48.747Z
69c402784f3e7eb1d6eb10c3,ambiente,28,92,552,0.444835,lote_L,madura,sem risco,,2026-03-25T15:42:48.780Z
69c403a44f3e7eb1d6eb10c4,ambiente,28,92,552,0.444835,lote_L,madura,sem risco,,2026-03-25T15:47:48.967Z
69c404d04f3e7eb1d6eb10c5,ambiente,28,92,553,0.445641,lote_L,madura,sem risco,,2026-03-25T15:52:48.697Z
69c405fc4f3e7eb1d6eb10c6,ambiente,28,92,552,0.444835,lote_L,madura,sem risco,,2026-03-25T15:57:48.790Z
69c407284f3e7eb1d6eb10c7,ambiente,28,92,554,0.446447,lote_L,madura,sem risco,,2026-03-25T16:02:48.868Z
69c408544f3e7eb1d6eb10c8,ambiente,28,92,555,0.447253,lote_L,madura,sem risco,,2026-03-25T16:07:48.705Z
69c409824f3e7eb1d6eb10c9,ambiente,28,92,557,0.448864,lote_L,madura,sem risco,,2026-03-25T16:12:50.998Z
69c40aac4f3e7eb1d6eb10ca,ambiente,28,92,559,0.450476,lote_L,madura,sem risco,,2026-03-25T16:17:48.665Z
69c40bd84f3e7eb1d6eb10cb,ambiente,28,92,532,0.428718,lote_L,madura,sem risco,,2026-03-25T16:22:48.868Z
69c40d044f3e7eb1d6eb10cc,ambiente,28,92,525,0.423077,lote_L,madura,sem risco,,2026-03-25T16:27:48.848Z
69c40e304f3e7eb1d6eb10cd,ambiente,28,92,525,0.423077,lote_L,madura,sem risco,,2026-03-25T16:32:48.829Z
69c40f5c4f3e7eb1d6eb10ce,ambiente,28,92,527,0.424689,lote_L,madura,sem risco,,2026-03-25T16:37:48.917Z
69c410884f3e7eb1d6eb10cf,ambiente,28,92,528,0.425494,lote_L,madura,sem risco,,2026-03-25T16:42:48.951Z
69c411b44f3e7eb1d6eb10d0,ambiente,28,92,528,0.425494,lote_L,madura,sem risco,,2026-03-25T16:47:48.762Z
69c412e04f3e7eb1d6eb10d1,ambiente,27.6,93,528,0.425494,lote_L,madura,sem risco,,2026-03-25T16:52:48.921Z
69c4140c4f3e7eb1d6eb10d2,ambiente,27.6,93,532,0.428718,lote_L,madura,sem risco,,2026-03-25T16:57:48.956Z
69c415384f3e7eb1d6eb10d3,ambiente,27.6,93,530,0.427106,lote_L,madura,sem risco,,2026-03-25T17:02:48.888Z
69c416644f3e7eb1d6eb10d4,ambiente,27.6,93,534,0.43033,lote_L,madura,sem risco,,2026-03-25T17:07:48.925Z
69c417904f3e7eb1d6eb10d5,ambiente,27.6,93,529,0.4263,lote_L,madura,sem risco,,2026-03-25T17:12:48.962Z
69c418bc4f3e7eb1d6eb10d6,ambiente,27.6,93,531,0.427912,lote_L,madura,sem risco,,2026-03-25T17:17:48.952Z
69c419e84f3e7eb1d6eb10d7,ambiente,27.6,93,535,0.431136,lote_L,madura,sem risco,,2026-03-25T17:22:48.834Z
69c41b144f3e7eb1d6eb10d8,ambiente,27.6,93,537,0.432747,lote_L,madura,sem risco,,2026-03-25T17:27:48.876Z
69c41c404f3e7eb1d6eb10d9,ambiente,27.6,93,537,0.432747,lote_L,madura,sem risco,,2026-03-25T17:32:48.956Z
69c41d6d4f3e7eb1d6eb10da,ambiente,27.6,93,540,0.435165,lote_L,madura,sem risco,,2026-03-25T17:37:49.655Z
69c41e984f3e7eb1d6eb10db,ambiente,27.6,93,539,0.434359,lote_L,madura,sem risco,,2026-03-25T17:42:48.875Z
69c41fc44f3e7eb1d6eb10dc,ambiente,27.6,93,544,0.438388,lote_L,madura,sem risco,,2026-03-25T17:47:48.807Z
69c420f04f3e7eb1d6eb10dd,ambiente,28,92,547,0.440806,lote_L,madura,sem risco,,2026-03-25T17:52:48.842Z
69c4221c4f3e7eb1d6eb10de,ambiente,28,92,548,0.441612,lote_L,madura,sem risco,,2026-03-25T17:57:48.811Z
69c423484f3e7eb1d6eb10df,ambiente,28,92,549,0.442418,lote_L,madura,sem risco,,2026-03-25T18:02:48.796Z
69c424754f3e7eb1d6eb10e0,ambiente,28,92,548,0.441612,lote_L,madura,sem risco,,2026-03-25T18:07:49.013Z
69c425a04f3e7eb1d6eb10e1,ambiente,28,92,551,0.444029,lote_L,madura,sem risco,,2026-03-25T18:12:48.887Z
69c426cd4f3e7eb1d6eb10e2,ambiente,28,92,557,0.448864,lote_L,madura,sem risco,,2026-03-25T18:17:49.052Z
69c427f94f3e7eb1d6eb10e3,ambiente,28,92,557,0.448864,lote_L,madura,sem risco,,2026-03-25T18:22:49.016Z
69c429244f3e7eb1d6eb10e4,ambiente,28,92,559,0.450476,lote_L,madura,sem risco,,2026-03-25T18:27:48.903Z
69c42a504f3e7eb1d6eb10e5,ambiente,28,92,560,0.451282,lote_L,madura,sem risco,,2026-03-25T18:32:48.906Z
69c42b7d4f3e7eb1d6eb10e6,ambiente,28,92,559,0.450476,lote_L,madura,sem risco,,2026-03-25T18:37:49.047Z
69c42ca94f3e7eb1d6eb10e7,ambiente,28,92,563,0.4537,lote_L,madura,sem risco,,2026-03-25T18:42:49.069Z
69c42dd44f3e7eb1d6eb10e8,ambiente,28,92,560,0.451282,lote_L,madura,sem risco,,2026-03-25T18:47:48.901Z
69c42f004f3e7eb1d6eb10e9,ambiente,28,92,565,0.455311,lote_L,madura,sem risco,,2026-03-25T18:52:48.979Z
69c4302d4f3e7eb1d6eb10ea,ambiente,28,92,563,0.4537,lote_L,madura,sem risco,,2026-03-25T18:57:49.076Z
69c431594f3e7eb1d6eb10eb,ambiente,28,92,563,0.4537,lote_L,madura,sem risco,,2026-03-25T19:02:49.114Z
69c432844f3e7eb1d6eb10ec,ambiente,28,92,568,0.457729,lote_L,madura,sem risco,,2026-03-25T19:07:48.964Z
69c433b14f3e7eb1d6eb10ed,ambiente,28,92,569,0.458535,lote_L,madura,sem risco,,2026-03-25T19:12:49.120Z
69c434dd4f3e7eb1d6eb10ee,ambiente,28,92,570,0.459341,lote_L,madura,sem risco,,2026-03-25T19:17:49.257Z
69c436084f3e7eb1d6eb10ef,ambiente,28,92,572,0.460952,lote_L,madura,sem risco,,2026-03-25T19:22:48.966Z
69c437354f3e7eb1d6eb10f0,ambiente,28,92,572,0.460952,lote_L,madura,sem risco,,2026-03-25T19:27:49.030Z
69c438614f3e7eb1d6eb10f1,ambiente,28,92,572,0.460952,lote_L,madura,sem risco,,2026-03-25T19:32:49.122Z
69c4398c4f3e7eb1d6eb10f2,ambiente,28,92,577,0.464982,lote_L,madura,sem risco,,2026-03-25T19:37:48.958Z
69c43ab94f3e7eb1d6eb10f3,ambiente,28,92,575,0.46337,lote_L,madura,sem risco,,2026-03-25T19:42:49.092Z
69c43be54f3e7eb1d6eb10f4,ambiente,28.5,92,577,0.464982,lote_L,madura,sem risco,,2026-03-25T19:47:49.171Z
69c43d114f3e7eb1d6eb10f5,ambiente,28.5,92,579,0.466593,lote_L,madura,sem risco,,2026-03-25T19:52:49.103Z
69c43e3d4f3e7eb1d6eb10f6,ambiente,28.5,92,583,0.469817,lote_L,madura,sem risco,,2026-03-25T19:57:49.150Z
69c43f694f3e7eb1d6eb10f7,ambiente,28.5,92,585,0.471429,lote_L,madura,sem risco,,2026-03-25T20:02:49.075Z
69c440954f3e7eb1d6eb10f8,ambiente,28.5,92,585,0.471429,lote_L,madura,sem risco,,2026-03-25T20:07:49.005Z
69c441c14f3e7eb1d6eb10f9,ambiente,28.9,92,582,0.469011,lote_L,madura,sem risco,,2026-03-25T20:12:49.143Z
69c442ed4f3e7eb1d6eb10fa,ambiente,28.9,92,581,0.468205,lote_L,madura,sem risco,,2026-03-25T20:17:49.179Z
69c444194f3e7eb1d6eb10fb,ambiente,28.5,92,574,0.462564,lote_L,madura,sem risco,,2026-03-25T20:22:49.215Z
69c445454f3e7eb1d6eb10fc,ambiente,28.5,92,573,0.461758,lote_L,madura,sem risco,,2026-03-25T20:27:49.203Z
69c446714f3e7eb1d6eb10fd,ambiente,28.5,93,570,0.459341,lote_L,madura,sem risco,,2026-03-25T20:32:49.185Z
69c4479d4f3e7eb1d6eb10fe,ambiente,28.1,92,563,0.4537,lote_L,madura,sem risco,,2026-03-25T20:37:49.222Z
69c448c94f3e7eb1d6eb10ff,ambiente,28,92,567,0.456923,lote_L,madura,sem risco,,2026-03-25T20:42:49.222Z
69c449f54f3e7eb1d6eb1100,ambiente,28,92,566,0.456117,lote_L,madura,sem risco,,2026-03-25T20:47:49.097Z
69c44b214f3e7eb1d6eb1101,ambiente,28,92,568,0.457729,lote_L,madura,sem risco,,2026-03-25T20:52:49.107Z
69c44c4d4f3e7eb1d6eb1102,ambiente,28,92,565,0.455311,lote_L,madura,sem risco,,2026-03-25T20:57:49.265Z
69c44d794f3e7eb1d6eb1103,ambiente,28,92,566,0.456117,lote_L,madura,sem risco,,2026-03-25T21:02:49.271Z
69c44ea54f3e7eb1d6eb1104,ambiente,28,92,565,0.455311,lote_L,madura,sem risco,,2026-03-25T21:07:49.137Z
69c44fd14f3e7eb1d6eb1105,ambiente,28,92,551,0.444029,lote_L,madura,sem risco,,2026-03-25T21:12:49.300Z
69c450fd4f3e7eb1d6eb1106,ambiente,28,92,548,0.441612,lote_L,madura,sem risco,,2026-03-25T21:17:49.209Z
69c452294f3e7eb1d6eb1107,ambiente,27.6,93,551,0.444029,lote_L,madura,sem risco,,2026-03-25T21:22:49.146Z
69c453554f3e7eb1d6eb1108,ambiente,27.6,93,548,0.441612,lote_L,madura,sem risco,,2026-03-25T21:27:49.184Z
69c454814f3e7eb1d6eb1109,ambiente,27.6,93,548,0.441612,lote_L,madura,sem risco,,2026-03-25T21:32:49.328Z
69c455ad4f3e7eb1d6eb110a,ambiente,27.6,93,550,0.443223,lote_L,madura,sem risco,,2026-03-25T21:37:49.360Z
69c456d94f3e7eb1d6eb110b,ambiente,27.6,93,548,0.441612,lote_L,madura,sem risco,,2026-03-25T21:42:49.189Z
69c458054f3e7eb1d6eb110c,ambiente,27.6,94,552,0.444835,lote_L,madura,sem risco,,2026-03-25T21:47:49.323Z
69c459314f3e7eb1d6eb110d,ambiente,27.6,93,554,0.446447,lote_L,madura,sem risco,,2026-03-25T21:52:49.390Z
69c45a5d4f3e7eb1d6eb110e,ambiente,27.6,93,558,0.44967,lote_L,madura,sem risco,,2026-03-25T21:57:49.191Z
69c45b894f3e7eb1d6eb110f,ambiente,27.6,94,560,0.451282,lote_L,madura,sem risco,,2026-03-25T22:02:49.334Z
69c45cb54f3e7eb1d6eb1110,ambiente,27.6,94,560,0.451282,lote_L,madura,sem risco,,2026-03-25T22:07:49.438Z
69c45de14f3e7eb1d6eb1111,ambiente,27.5,94,558,0.44967,lote_L,madura,sem risco,,2026-03-25T22:12:49.419Z
69c45f0d4f3e7eb1d6eb1112,ambiente,27.2,94,554,0.446447,lote_L,madura,sem risco,,2026-03-25T22:17:49.339Z
69c460394f3e7eb1d6eb1113,ambiente,27.1,94,562,0.452894,lote_L,madura,sem risco,,2026-03-25T22:22:49.290Z
69c461654f3e7eb1d6eb1114,ambiente,27.1,94,564,0.454506,lote_L,madura,sem risco,,2026-03-25T22:27:49.383Z
69c462914f3e7eb1d6eb1115,ambiente,27.1,94,566,0.456117,lote_L,madura,sem risco,,2026-03-25T22:32:49.566Z
69c463bd4f3e7eb1d6eb1116,ambiente,27.1,94,570,0.459341,lote_L,madura,sem risco,,2026-03-25T22:37:49.259Z
69c464e94f3e7eb1d6eb1117,ambiente,27.1,94,566,0.456117,lote_L,madura,sem risco,,2026-03-25T22:42:49.382Z
69c466154f3e7eb1d6eb1118,ambiente,27.1,94,564,0.454506,lote_L,madura,sem risco,,2026-03-25T22:47:49.451Z
69c467414f3e7eb1d6eb1119,ambiente,27.1,94,561,0.452088,lote_L,madura,sem risco,,2026-03-25T22:52:49.455Z
69c4686d4f3e7eb1d6eb111a,ambiente,27.1,94,559,0.450476,lote_L,madura,sem risco,,2026-03-25T22:57:49.429Z
69c469994f3e7eb1d6eb111b,ambiente,27.1,94,557,0.448864,lote_L,madura,sem risco,,2026-03-25T23:02:49.443Z
69c46ac54f3e7eb1d6eb111c,ambiente,27.1,94,555,0.447253,lote_L,madura,sem risco,,2026-03-25T23:07:49.504Z
69c46bf14f3e7eb1d6eb111d,ambiente,27.1,94,558,0.44967,lote_L,madura,sem risco,,2026-03-25T23:12:49.342Z
69c46d1d4f3e7eb1d6eb111e,ambiente,27.1,94,553,0.445641,lote_L,madura,sem risco,,2026-03-25T23:17:49.512Z
69c46e4a4f3e7eb1d6eb111f,ambiente,27.1,94,549,0.442418,lote_L,madura,sem risco,,2026-03-25T23:22:50.338Z
69c46f754f3e7eb1d6eb1120,ambiente,27.1,94,550,0.443223,lote_L,madura,sem risco,,2026-03-25T23:27:49.341Z
69c470a14f3e7eb1d6eb1121,ambiente,27.1,94,550,0.443223,lote_L,madura,sem risco,,2026-03-25T23:32:49.377Z
69c471cd4f3e7eb1d6eb1122,ambiente,27.1,94,546,0.44,lote_L,madura,sem risco,,2026-03-25T23:37:49.639Z
69c472f94f3e7eb1d6eb1123,ambiente,27.1,94,540,0.435165,lote_L,madura,sem risco,,2026-03-25T23:42:49.550Z
69c474254f3e7eb1d6eb1124,ambiente,26.7,94,539,0.434359,lote_L,madura,sem risco,,2026-03-25T23:47:49.348Z
69c475514f3e7eb1d6eb1125,ambiente,26.7,94,536,0.431941,lote_L,madura,sem risco,,2026-03-25T23:52:49.516Z
69c4767d4f3e7eb1d6eb1126,ambiente,26.7,94,532,0.428718,lote_L,madura,sem risco,,2026-03-25T23:57:49.567Z
69c477a94f3e7eb1d6eb1127,ambiente,26.2,94,529,0.4263,lote_L,madura,sem risco,,2026-03-26T00:02:49.398Z
69c478d54f3e7eb1d6eb1128,ambiente,26.2,94,526,0.423883,lote_L,madura,sem risco,,2026-03-26T00:07:49.553Z
69c47a014f3e7eb1d6eb1129,ambiente,26.2,94,526,0.423883,lote_L,madura,sem risco,,2026-03-26T00:12:49.550Z
69c47b2d4f3e7eb1d6eb112a,ambiente,26.2,94,526,0.423883,lote_L,madura,sem risco,,2026-03-26T00:17:49.726Z
69c47c594f3e7eb1d6eb112b,ambiente,26.2,94,521,0.419853,lote_L,madura,sem risco,,2026-03-26T00:22:49.532Z
69c47d854f3e7eb1d6eb112c,ambiente,25.8,94,526,0.423883,lote_L,madura,sem risco,,2026-03-26T00:27:49.400Z
69c47eb14f3e7eb1d6eb112d,ambiente,26.2,94,524,0.422271,lote_L,madura,sem risco,,2026-03-26T00:32:49.563Z
69c47fdd4f3e7eb1d6eb112e,ambiente,26.2,94,525,0.423077,lote_L,madura,sem risco,,2026-03-26T00:37:49.466Z
69c481094f3e7eb1d6eb112f,ambiente,26.2,94,526,0.423883,lote_L,madura,sem risco,,2026-03-26T00:42:49.688Z
69c482354f3e7eb1d6eb1130,ambiente,25.8,94,528,0.425494,lote_L,madura,sem risco,,2026-03-26T00:47:49.450Z
69c483614f3e7eb1d6eb1131,ambiente,25.8,94,530,0.427106,lote_L,madura,sem risco,,2026-03-26T00:52:49.609Z
69c4848d4f3e7eb1d6eb1132,ambiente,25.8,94,532,0.428718,lote_L,madura,sem risco,,2026-03-26T00:57:49.674Z
69c485b94f3e7eb1d6eb1133,ambiente,25.8,94,528,0.425494,lote_L,madura,sem risco,,2026-03-26T01:02:49.513Z
69c486e54f3e7eb1d6eb1134,ambiente,25.8,94,529,0.4263,lote_L,madura,sem risco,,2026-03-26T01:07:49.655Z
69c488114f3e7eb1d6eb1135,ambiente,25.8,94,531,0.427912,lote_L,madura,sem risco,,2026-03-26T01:12:49.689Z
69c4893e4f3e7eb1d6eb1136,ambiente,25.8,94,530,0.427106,lote_L,madura,sem risco,,2026-03-26T01:17:50.303Z
69c48a694f3e7eb1d6eb1137,ambiente,25.8,94,533,0.429524,lote_L,madura,sem risco,,2026-03-26T01:22:49.560Z
69c48b954f3e7eb1d6eb1138,ambiente,25.8,94,529,0.4263,lote_L,madura,sem risco,,2026-03-26T01:27:49.655Z
69c48cc14f3e7eb1d6eb1139,ambiente,25.8,94,516,0.415824,lote_L,madura,sem risco,,2026-03-26T01:32:49.529Z
69c48ded4f3e7eb1d6eb113a,ambiente,25.8,94,523,0.421465,lote_L,madura,sem risco,,2026-03-26T01:37:49.559Z
69c48f194f3e7eb1d6eb113b,ambiente,25.3,94,524,0.422271,lote_L,madura,sem risco,,2026-03-26T01:42:49.656Z
69c490454f3e7eb1d6eb113c,ambiente,25.8,94,523,0.421465,lote_L,madura,sem risco,,2026-03-26T01:47:49.743Z
69c491714f3e7eb1d6eb113d,ambiente,25.8,94,523,0.421465,lote_L,madura,sem risco,,2026-03-26T01:52:49.579Z
69c4929d4f3e7eb1d6eb113e,ambiente,25.3,94,515,0.415018,lote_L,madura,sem risco,,2026-03-26T01:57:49.670Z
69c493c94f3e7eb1d6eb113f,ambiente,25.3,94,514,0.414212,lote_L,madura,sem risco,,2026-03-26T02:02:49.711Z
69c494f54f3e7eb1d6eb1140,ambiente,24.8,94,520,0.419048,lote_L,madura,sem risco,,2026-03-26T02:07:49.546Z
69c496214f3e7eb1d6eb1141,ambiente,25.3,94,522,0.420659,lote_L,madura,sem risco,,2026-03-26T02:12:49.718Z
69c4974d4f3e7eb1d6eb1142,ambiente,25.3,94,519,0.418242,lote_L,madura,sem risco,,2026-03-26T02:17:49.761Z
69c498794f3e7eb1d6eb1143,ambiente,25.3,94,521,0.419853,lote_L,madura,sem risco,,2026-03-26T02:22:49.789Z
69c499a54f3e7eb1d6eb1144,ambiente,25.3,94,526,0.423883,lote_L,madura,sem risco,,2026-03-26T02:27:49.722Z
69c49ad14f3e7eb1d6eb1145,ambiente,25.3,94,530,0.427106,lote_L,madura,sem risco,,2026-03-26T02:32:49.774Z
69c49bfd4f3e7eb1d6eb1146,ambiente,25.3,94,522,0.420659,lote_L,madura,sem risco,,2026-03-26T02:37:49.799Z
69c49d294f3e7eb1d6eb1147,ambiente,25.3,94,511,0.411795,lote_L,madura,sem risco,,2026-03-26T02:42:49.649Z
69c49e554f3e7eb1d6eb1148,ambiente,24.8,94,512,0.412601,lote_L,madura,sem risco,,2026-03-26T02:47:49.673Z
69c49f814f3e7eb1d6eb1149,ambiente,24.8,94,507,0.408571,lote_L,madura,sem risco,,2026-03-26T02:52:49.801Z
69c4a0ad4f3e7eb1d6eb114a,ambiente,24.8,94,505,0.40696,lote_L,madura,sem risco,,2026-03-26T02:57:49.742Z
69c4a1d94f3e7eb1d6eb114b,ambiente,24.5,94,506,0.407766,lote_L,madura,sem risco,,2026-03-26T03:02:49.671Z
69c4a3054f3e7eb1d6eb114c,ambiente,24.5,94,516,0.415824,lote_L,madura,sem risco,,2026-03-26T03:07:49.808Z
69c4a4334f3e7eb1d6eb114d,ambiente,24.8,94,519,0.418242,lote_L,madura,sem risco,,2026-03-26T03:12:51.852Z
69c4a55d4f3e7eb1d6eb114e,ambiente,24.8,94,520,0.419048,lote_L,madura,sem risco,,2026-03-26T03:17:49.677Z
69c4a6894f3e7eb1d6eb114f,ambiente,24.8,94,526,0.423883,lote_L,madura,sem risco,,2026-03-26T03:22:49.713Z
69c4a7b54f3e7eb1d6eb1150,ambiente,24.8,94,527,0.424689,lote_L,madura,sem risco,,2026-03-26T03:27:49.860Z
69c4a8e14f3e7eb1d6eb1151,ambiente,24.8,94,521,0.419853,lote_L,madura,sem risco,,2026-03-26T03:32:49.896Z
69c4aa0d4f3e7eb1d6eb1152,ambiente,24.8,94,524,0.422271,lote_L,madura,sem risco,,2026-03-26T03:37:49.721Z
69c4ab394f3e7eb1d6eb1153,ambiente,24.8,94,532,0.428718,lote_L,madura,sem risco,,2026-03-26T03:42:49.861Z
69c4ac7d4f3e7eb1d6eb1154,ambiente,24.8,94,538,0.433553,lote_L,sem risco,sem risco,,2026-03-26T03:48:13.011Z
69c4ada94f3e7eb1d6eb1155,ambiente,24.8,94,543,0.437582,lote_L,sem risco,sem risco,,2026-03-26T03:53:13.080Z
69c4aed44f3e7eb1d6eb1156,ambiente,25.3,94,546,0.44,lote_L,sem risco,sem risco,,2026-03-26T03:58:12.912Z
69c4b0014f3e7eb1d6eb1157,ambiente,25.3,94,547,0.440806,lote_L,sem risco,sem risco,,2026-03-26T04:03:13.018Z
69c4b12d4f3e7eb1d6eb1158,ambiente,25.3,94,552,0.444835,lote_L,sem risco,sem risco,,2026-03-26T04:08:13.050Z
69c4b2584f3e7eb1d6eb1159,ambiente,25.3,94,551,0.444029,lote_L,sem risco,sem risco,,2026-03-26T04:13:12.923Z
69c4b3844f3e7eb1d6eb115a,ambiente,25.3,94,552,0.444835,lote_L,sem risco,sem risco,,2026-03-26T04:18:12.953Z
69c4b4b14f3e7eb1d6eb115b,ambiente,25.3,94,553,0.445641,lote_L,sem risco,sem risco,,2026-03-26T04:23:13.042Z
69c4b5dd4f3e7eb1d6eb115c,ambiente,25.3,94,557,0.448864,lote_L,sem risco,sem risco,,2026-03-26T04:28:13.079Z
69c4b7084f3e7eb1d6eb115d,ambiente,25.3,94,558,0.44967,lote_L,sem risco,sem risco,,2026-03-26T04:33:12.913Z
69c4b8354f3e7eb1d6eb115e,ambiente,25.3,94,561,0.452088,lote_L,sem risco,sem risco,,2026-03-26T04:38:13.048Z
69c4b9614f3e7eb1d6eb115f,ambiente,25.3,94,558,0.44967,lote_L,sem risco,sem risco,,2026-03-26T04:43:13.116Z
69c4ba8c4f3e7eb1d6eb1160,ambiente,25.3,94,562,0.452894,lote_L,sem risco,sem risco,,2026-03-26T04:48:12.963Z
69c4bbb94f3e7eb1d6eb1161,ambiente,25.3,94,563,0.4537,lote_L,sem risco,sem risco,,2026-03-26T04:53:13.110Z
69c4bce54f3e7eb1d6eb1162,ambiente,25.3,94,563,0.4537,lote_L,sem risco,sem risco,,2026-03-26T04:58:13.158Z
69c4be114f3e7eb1d6eb1163,ambiente,25.3,93,567,0.456923,lote_L,sem risco,sem risco,,2026-03-26T05:03:13.081Z
69c4bf3c4f3e7eb1d6eb1164,ambiente,25.3,94,562,0.452894,lote_L,sem risco,sem risco,,2026-03-26T05:08:12.980Z
69c4c0694f3e7eb1d6eb1165,ambiente,25.7,93,563,0.4537,lote_L,sem risco,sem risco,,2026-03-26T05:13:13.100Z
69c4c1954f3e7eb1d6eb1166,ambiente,25.8,93,565,0.455311,lote_L,sem risco,sem risco,,2026-03-26T05:18:13.192Z
69c4c2c14f3e7eb1d6eb1167,ambiente,25.8,93,567,0.456923,lote_L,sem risco,sem risco,,2026-03-26T05:23:13.004Z
69c4c3ed4f3e7eb1d6eb1168,ambiente,25.8,93,567,0.456923,lote_L,sem risco,sem risco,,2026-03-26T05:28:13.153Z
69c4c5194f3e7eb1d6eb1169,ambiente,25.8,93,568,0.457729,lote_L,sem risco,sem risco,,2026-03-26T05:33:13.189Z
69c4c6454f3e7eb1d6eb116a,ambiente,25.8,93,566,0.456117,lote_L,sem risco,sem risco,,2026-03-26T05:38:13.227Z
69c4c7714f3e7eb1d6eb116b,ambiente,25.8,93,572,0.460952,lote_L,sem risco,sem risco,,2026-03-26T05:43:13.058Z
69c4c89d4f3e7eb1d6eb116c,ambiente,25.8,93,572,0.460952,lote_L,sem risco,sem risco,,2026-03-26T05:48:13.198Z
69c4c9c94f3e7eb1d6eb116d,ambiente,25.8,93,570,0.459341,lote_L,sem risco,sem risco,,2026-03-26T05:53:13.199Z
69c4caf54f3e7eb1d6eb116e,ambiente,25.8,93,573,0.461758,lote_L,sem risco,sem risco,,2026-03-26T05:58:13.096Z
69c4cc214f3e7eb1d6eb116f,ambiente,25.8,93,576,0.464176,lote_L,sem risco,sem risco,,2026-03-26T06:03:13.182Z
69c4cd4d4f3e7eb1d6eb1170,ambiente,25.8,93,577,0.464982,lote_L,sem risco,sem risco,,2026-03-26T06:08:13.150Z
69c4ce794f3e7eb1d6eb1171,ambiente,25.8,93,577,0.464982,lote_L,sem risco,sem risco,,2026-03-26T06:13:13.093Z
69c4cfa54f3e7eb1d6eb1172,ambiente,25.8,93,578,0.465788,lote_L,sem risco,sem risco,,2026-03-26T06:18:13.123Z
69c4d0d14f3e7eb1d6eb1173,ambiente,25.8,93,579,0.466593,lote_L,sem risco,sem risco,,2026-03-26T06:23:13.263Z
69c4d1fd4f3e7eb1d6eb1174,ambiente,25.8,93,580,0.467399,lote_L,sem risco,sem risco,,2026-03-26T06:28:13.402Z
69c4d3294f3e7eb1d6eb1175,ambiente,25.8,93,577,0.464982,lote_L,sem risco,sem risco,,2026-03-26T06:33:13.123Z
69c4d4554f3e7eb1d6eb1176,ambiente,25.8,93,583,0.469817,lote_L,sem risco,sem risco,,2026-03-26T06:38:13.238Z
69c4d5814f3e7eb1d6eb1177,ambiente,25.8,93,584,0.470623,lote_L,sem risco,sem risco,,2026-03-26T06:43:13.268Z
69c4d6b04f3e7eb1d6eb1178,ambiente,25.8,93,584,0.470623,lote_L,sem risco,sem risco,,2026-03-26T06:48:16.915Z
69c4d7d94f3e7eb1d6eb1179,ambiente,25.8,93,588,0.473846,lote_L,sem risco,sem risco,,2026-03-26T06:53:13.076Z
69c4d9054f3e7eb1d6eb117a,ambiente,25.8,93,583,0.469817,lote_L,sem risco,sem risco,,2026-03-26T06:58:13.768Z
69c4da314f3e7eb1d6eb117b,ambiente,25.8,93,586,0.472234,lote_L,sem risco,sem risco,,2026-03-26T07:03:13.134Z
69c4db5d4f3e7eb1d6eb117c,ambiente,25.8,93,589,0.474652,lote_L,sem risco,sem risco,,2026-03-26T07:08:13.174Z
69c4dc894f3e7eb1d6eb117d,ambiente,25.8,93,590,0.475458,lote_L,sem risco,sem risco,,2026-03-26T07:13:13.282Z
69c4ddb54f3e7eb1d6eb117e,ambiente,25.8,93,589,0.474652,lote_L,sem risco,sem risco,,2026-03-26T07:18:13.342Z
69c4dee14f3e7eb1d6eb117f,ambiente,25.8,93,588,0.473846,lote_L,sem risco,sem risco,,2026-03-26T07:23:13.377Z
69c4e00d4f3e7eb1d6eb1180,ambiente,25.8,93,590,0.475458,lote_L,sem risco,sem risco,,2026-03-26T07:28:13.312Z
69c4e1394f3e7eb1d6eb1181,ambiente,25.8,93,590,0.475458,lote_L,sem risco,sem risco,,2026-03-26T07:33:13.829Z
69c4e2654f3e7eb1d6eb1182,ambiente,25.8,93,593,0.477875,lote_L,sem risco,sem risco,,2026-03-26T07:38:13.178Z
69c4e3914f3e7eb1d6eb1183,ambiente,25.8,93,593,0.477875,lote_L,sem risco,sem risco,,2026-03-26T07:43:13.218Z
69c4e4be4f3e7eb1d6eb1184,ambiente,25.8,93,597,0.481099,lote_L,sem risco,sem risco,,2026-03-26T07:48:14.025Z
69c4e5e94f3e7eb1d6eb1185,ambiente,25.8,93,593,0.477875,lote_L,sem risco,sem risco,,2026-03-26T07:53:13.174Z
69c4e7154f3e7eb1d6eb1186,ambiente,25.8,93,596,0.480293,lote_L,sem risco,sem risco,,2026-03-26T07:58:13.430Z
69c4e8414f3e7eb1d6eb1187,ambiente,25.8,93,598,0.481905,lote_L,sem risco,sem risco,,2026-03-26T08:03:13.262Z
69c4e96d4f3e7eb1d6eb1188,ambiente,25.8,93,597,0.481099,lote_L,sem risco,sem risco,,2026-03-26T08:08:13.402Z
69c4ea994f3e7eb1d6eb1189,ambiente,25.8,93,599,0.482711,lote_L,sem risco,sem risco,,2026-03-26T08:13:13.397Z
69c4ebc54f3e7eb1d6eb118a,ambiente,25.8,93,599,0.482711,lote_L,sem risco,sem risco,,2026-03-26T08:18:13.271Z
69c4ecf14f3e7eb1d6eb118b,ambiente,25.7,93,600,0.483516,lote_L,sem risco,sem risco,,2026-03-26T08:23:13.317Z
69c4ee1d4f3e7eb1d6eb118c,ambiente,25.8,94,601,0.484322,lote_L,sem risco,sem risco,,2026-03-26T08:28:13.356Z
69c4ef494f3e7eb1d6eb118d,ambiente,25.8,94,603,0.485934,lote_L,sem risco,sem risco,,2026-03-26T08:33:13.492Z
69c4f0754f3e7eb1d6eb118e,ambiente,25.8,94,605,0.487546,lote_L,sem risco,sem risco,,2026-03-26T08:38:13.310Z
69c4f1a14f3e7eb1d6eb118f,ambiente,25.8,93,607,0.489157,lote_L,sem risco,sem risco,,2026-03-26T08:43:13.447Z
69c4f2cd4f3e7eb1d6eb1190,ambiente,25.7,93,607,0.489157,lote_L,sem risco,sem risco,,2026-03-26T08:48:13.484Z
69c4f3f94f3e7eb1d6eb1191,ambiente,25.3,93,607,0.489157,lote_L,sem risco,sem risco,,2026-03-26T08:53:13.312Z
69c4f5254f3e7eb1d6eb1192,ambiente,25.3,93,608,0.489963,lote_L,sem risco,sem risco,,2026-03-26T08:58:13.314Z
69c4f6514f3e7eb1d6eb1193,ambiente,25.3,93,613,0.493993,lote_L,sem risco,sem risco,,2026-03-26T09:03:13.451Z
69c4f77d4f3e7eb1d6eb1194,ambiente,25.3,93,611,0.492381,lote_L,sem risco,sem risco,,2026-03-26T09:08:13.328Z
69c4f8a94f3e7eb1d6eb1195,ambiente,25.3,93,613,0.493993,lote_L,sem risco,sem risco,,2026-03-26T09:13:13.357Z
69c4f9d54f3e7eb1d6eb1196,ambiente,25.3,93,612,0.493187,lote_L,sem risco,sem risco,,2026-03-26T09:18:13.494Z
69c4fb014f3e7eb1d6eb1197,ambiente,25.3,93,614,0.494799,lote_L,sem risco,sem risco,,2026-03-26T09:23:13.532Z
69c4fc2d4f3e7eb1d6eb1198,ambiente,25.3,93,615,0.495604,lote_L,sem risco,sem risco,,2026-03-26T09:28:13.364Z
69c4fd594f3e7eb1d6eb1199,ambiente,25.3,93,618,0.498022,lote_L,sem risco,sem risco,,2026-03-26T09:33:13.450Z
69c4fe854f3e7eb1d6eb119a,ambiente,25.3,93,617,0.497216,lote_L,sem risco,sem risco,,2026-03-26T09:38:13.339Z
69c4ffb14f3e7eb1d6eb119b,ambiente,25.3,93,616,0.49641,lote_L,sem risco,sem risco,,2026-03-26T09:43:13.485Z
69c500dd4f3e7eb1d6eb119c,ambiente,25.3,93,620,0.499634,lote_L,sem risco,sem risco,,2026-03-26T09:48:13.474Z
69c502094f3e7eb1d6eb119d,ambiente,25.3,93,623,0.502051,lote_L,sem risco,sem risco,,2026-03-26T09:53:13.546Z
69c503354f3e7eb1d6eb119e,ambiente,25.3,93,624,0.502857,lote_L,sem risco,sem risco,,2026-03-26T09:58:13.488Z
69c504614f3e7eb1d6eb119f,ambiente,25.3,93,661,0.532674,lote_L,sem risco,sem risco,,2026-03-26T10:03:13.419Z
69c5058d4f3e7eb1d6eb11a0,ambiente,25.3,94,734,0.591502,lote_L,sem risco,sem risco,,2026-03-26T10:08:13.511Z
69c506b94f3e7eb1d6eb11a1,ambiente,25.3,93,755,0.608425,lote_L,sem risco,sem risco,,2026-03-26T10:13:13.694Z
69c507e54f3e7eb1d6eb11a2,ambiente,25.3,93,755,0.608425,lote_L,sem risco,sem risco,,2026-03-26T10:18:13.381Z
69c509114f3e7eb1d6eb11a3,ambiente,25.3,93,756,0.609231,lote_L,sem risco,sem risco,,2026-03-26T10:23:13.466Z
69c50a3d4f3e7eb1d6eb11a4,ambiente,25.3,93,759,0.611648,lote_L,sem risco,sem risco,,2026-03-26T10:28:13.498Z
69c50b694f3e7eb1d6eb11a5,ambiente,25.3,93,765,0.616484,lote_L,sem risco,sem risco,,2026-03-26T10:33:13.639Z
69c50c954f3e7eb1d6eb11a6,ambiente,25.3,93,763,0.614872,lote_L,sem risco,sem risco,,2026-03-26T10:38:13.425Z
69c50dc14f3e7eb1d6eb11a7,ambiente,25.3,93,762,0.614066,lote_L,sem risco,sem risco,,2026-03-26T10:43:13.422Z
69c50eed4f3e7eb1d6eb11a8,ambiente,25.3,93,766,0.617289,lote_L,sem risco,sem risco,,2026-03-26T10:48:13.638Z
69c510194f3e7eb1d6eb11a9,ambiente,25.3,93,761,0.61326,lote_L,sem risco,sem risco,,2026-03-26T10:53:13.632Z
69c511454f3e7eb1d6eb11aa,ambiente,25.3,93,759,0.611648,lote_L,sem risco,sem risco,,2026-03-26T10:58:13.448Z
69c512714f3e7eb1d6eb11ab,ambiente,25.3,93,752,0.606007,lote_L,sem risco,sem risco,,2026-03-26T11:03:13.468Z
69c5139d4f3e7eb1d6eb11ac,ambiente,25.3,93,746,0.601172,lote_L,sem risco,sem risco,,2026-03-26T11:08:13.589Z
69c514c94f3e7eb1d6eb11ad,ambiente,25.3,93,739,0.595531,lote_L,sem risco,sem risco,,2026-03-26T11:13:13.617Z
69c515f54f3e7eb1d6eb11ae,ambiente,25.3,93,735,0.592308,lote_L,sem risco,sem risco,,2026-03-26T11:18:13.549Z
69c517214f3e7eb1d6eb11af,ambiente,25.3,93,734,0.591502,lote_L,sem risco,sem risco,,2026-03-26T11:23:13.510Z
69c5184d4f3e7eb1d6eb11b0,ambiente,25.3,93,729,0.587472,lote_L,sem risco,sem risco,,2026-03-26T11:28:13.639Z
69c519794f3e7eb1d6eb11b1,ambiente,25.3,93,725,0.584249,lote_L,sem risco,sem risco,,2026-03-26T11:33:13.528Z
69c51aa64f3e7eb1d6eb11b2,ambiente,25.3,93,725,0.584249,lote_L,sem risco,sem risco,,2026-03-26T11:38:14.174Z
69c51bd14f3e7eb1d6eb11b3,ambiente,25.3,93,718,0.578608,lote_L,sem risco,sem risco,,2026-03-26T11:43:13.634Z
69c51cfd4f3e7eb1d6eb11b4,ambiente,25.3,93,717,0.577802,lote_L,sem risco,sem risco,,2026-03-26T11:48:13.794Z
69c51e294f3e7eb1d6eb11b5,ambiente,25.3,93,714,0.575385,lote_L,sem risco,sem risco,,2026-03-26T11:53:13.608Z
69c51f554f3e7eb1d6eb11b6,ambiente,25.3,93,717,0.577802,lote_L,sem risco,sem risco,,2026-03-26T11:58:13.705Z
69c520814f3e7eb1d6eb11b7,ambiente,25.3,93,715,0.57619,lote_L,sem risco,sem risco,,2026-03-26T12:03:13.671Z
69c521ad4f3e7eb1d6eb11b8,ambiente,25.3,93,710,0.572161,lote_L,sem risco,sem risco,,2026-03-26T12:08:13.604Z
69c522d94f3e7eb1d6eb11b9,ambiente,25.3,93,710,0.572161,lote_L,sem risco,sem risco,,2026-03-26T12:13:13.657Z
69c524054f3e7eb1d6eb11ba,ambiente,25.3,93,708,0.570549,lote_L,sem risco,sem risco,,2026-03-26T12:18:13.578Z
69c525314f3e7eb1d6eb11bb,ambiente,25.3,93,705,0.568132,lote_L,sem risco,sem risco,,2026-03-26T12:23:13.713Z
69c5265d4f3e7eb1d6eb11bc,ambiente,25.3,93,706,0.568938,lote_L,sem risco,sem risco,,2026-03-26T12:28:13.650Z
69c527894f3e7eb1d6eb11bd,ambiente,25.3,93,703,0.56652,lote_L,sem risco,sem risco,,2026-03-26T12:33:13.742Z
69c528b54f3e7eb1d6eb11be,ambiente,25.3,93,701,0.564908,lote_L,sem risco,sem risco,,2026-03-26T12:38:13.779Z
69c529e14f3e7eb1d6eb11bf,ambiente,25.3,93,705,0.568132,lote_L,sem risco,sem risco,,2026-03-26T12:43:13.660Z
69c52b0d4f3e7eb1d6eb11c0,ambiente,25.3,93,704,0.567326,lote_L,sem risco,sem risco,,2026-03-26T12:48:13.689Z
69c52c394f3e7eb1d6eb11c1,ambiente,25.3,93,702,0.565714,lote_L,sem risco,sem risco,,2026-03-26T12:53:13.843Z
69c52d654f3e7eb1d6eb11c2,ambiente,25.3,93,700,0.564103,lote_L,sem risco,sem risco,,2026-03-26T12:58:13.838Z
69c52e914f3e7eb1d6eb11c3,ambiente,25.3,93,704,0.567326,lote_L,sem risco,sem risco,,2026-03-26T13:03:13.702Z
69c52fbd4f3e7eb1d6eb11c4,ambiente,25.3,93,704,0.567326,lote_L,sem risco,sem risco,,2026-03-26T13:08:13.733Z
69c530e94f3e7eb1d6eb11c5,ambiente,25.3,93,700,0.564103,lote_L,sem risco,sem risco,,2026-03-26T13:13:13.661Z
69c532154f3e7eb1d6eb11c6,ambiente,25.3,93,701,0.564908,lote_L,sem risco,sem risco,,2026-03-26T13:18:13.712Z
69c533414f3e7eb1d6eb11c7,ambiente,25.3,93,704,0.567326,lote_L,sem risco,sem risco,,2026-03-26T13:23:13.748Z
69c5346d4f3e7eb1d6eb11c8,ambiente,25.3,93,708,0.570549,lote_L,sem risco,sem risco,,2026-03-26T13:28:13.786Z
69c535994f3e7eb1d6eb11c9,ambiente,25.5,93,706,0.568938,lote_L,sem risco,sem risco,,2026-03-26T13:33:13.921Z
69c536c54f3e7eb1d6eb11ca,ambiente,25.8,93,708,0.570549,lote_L,sem risco,sem risco,,2026-03-26T13:38:13.716Z
69c537f14f3e7eb1d6eb11cb,ambiente,25.8,93,713,0.574579,lote_L,sem risco,sem risco,,2026-03-26T13:43:13.946Z
69c5391d4f3e7eb1d6eb11cc,ambiente,25.8,93,711,0.572967,lote_L,sem risco,sem risco,,2026-03-26T13:48:13.924Z
69c53a494f3e7eb1d6eb11cd,ambiente,25.8,93,712,0.573773,lote_L,sem risco,sem risco,,2026-03-26T13:53:13.863Z
69c53b754f3e7eb1d6eb11ce,ambiente,25.8,93,717,0.577802,lote_L,sem risco,sem risco,,2026-03-26T13:58:13.806Z
69c53ca14f3e7eb1d6eb11cf,ambiente,25.8,93,717,0.577802,lote_L,sem risco,sem risco,,2026-03-26T14:03:13.828Z
69c53dcd4f3e7eb1d6eb11d0,ambiente,25.8,93,718,0.578608,lote_L,sem risco,sem risco,,2026-03-26T14:08:13.777Z
69c53ef94f3e7eb1d6eb11d1,ambiente,25.8,93,718,0.578608,lote_L,sem risco,sem risco,,2026-03-26T14:13:13.741Z
69c540254f3e7eb1d6eb11d2,ambiente,26.1,93,721,0.581026,lote_L,sem risco,sem risco,,2026-03-26T14:18:13.734Z
69c541514f3e7eb1d6eb11d3,ambiente,26.2,93,725,0.584249,lote_L,sem risco,sem risco,,2026-03-26T14:23:13.879Z
69c5427d4f3e7eb1d6eb11d4,ambiente,26.2,93,724,0.583443,lote_L,sem risco,sem risco,,2026-03-26T14:28:13.806Z
69c543a94f3e7eb1d6eb11d5,ambiente,26.2,93,728,0.586667,lote_L,sem risco,sem risco,,2026-03-26T14:33:13.829Z
69c544d54f3e7eb1d6eb11d6,ambiente,26.2,93,734,0.591502,lote_L,sem risco,sem risco,,2026-03-26T14:38:13.985Z
69c546024f3e7eb1d6eb11d7,ambiente,26.2,93,732,0.58989,lote_L,sem risco,sem risco,,2026-03-26T14:43:14.032Z
69c5472e4f3e7eb1d6eb11d8,ambiente,26.2,93,569,0.458535,lote_L,sem risco,sem risco,,2026-03-26T14:48:14.682Z
69c548594f3e7eb1d6eb11d9,ambiente,26.2,90,584,0.470623,lote_L,sem risco,sem risco,,2026-03-26T14:53:13.821Z
69c549864f3e7eb1d6eb11da,ambiente,26.7,91,605,0.487546,lote_L,sem risco,sem risco,,2026-03-26T14:58:14.033Z
69c54ab14f3e7eb1d6eb11db,ambiente,26.7,90,623,0.502051,lote_L,sem risco,sem risco,,2026-03-26T15:03:13.861Z
69c54bdd4f3e7eb1d6eb11dc,ambiente,26.7,91,640,0.515751,lote_L,sem risco,sem risco,,2026-03-26T15:08:13.970Z
69c54d0a4f3e7eb1d6eb11dd,ambiente,27.1,92,653,0.526227,lote_L,sem risco,sem risco,,2026-03-26T15:13:14.337Z
69c54e364f3e7eb1d6eb11de,ambiente,27.1,92,659,0.531062,lote_L,sem risco,sem risco,,2026-03-26T15:18:14.283Z
69c54f614f3e7eb1d6eb11df,ambiente,27.1,92,672,0.541538,lote_L,sem risco,sem risco,,2026-03-26T15:23:13.895Z
69c5508e4f3e7eb1d6eb11e0,ambiente,27.1,92,679,0.547179,lote_L,sem risco,sem risco,,2026-03-26T15:28:14.244Z
69c551ba4f3e7eb1d6eb11e1,ambiente,27.1,93,689,0.555238,lote_L,sem risco,sem risco,,2026-03-26T15:33:14.117Z
69c552e64f3e7eb1d6eb11e2,ambiente,27.1,93,698,0.562491,lote_L,sem risco,sem risco,,2026-03-26T15:38:14.622Z
69c554114f3e7eb1d6eb11e3,ambiente,27.1,93,702,0.565714,lote_L,sem risco,sem risco,,2026-03-26T15:43:13.896Z
69c5553e4f3e7eb1d6eb11e4,ambiente,27.6,93,710,0.572161,lote_L,sem risco,sem risco,,2026-03-26T15:48:14.031Z
69c5566a4f3e7eb1d6eb11e5,ambiente,27.6,93,714,0.575385,lote_L,sem risco,sem risco,,2026-03-26T15:53:14.131Z
69c557954f3e7eb1d6eb11e6,ambiente,27.6,93,720,0.58022,lote_L,sem risco,sem risco,,2026-03-26T15:58:13.958Z
69c558c24f3e7eb1d6eb11e7,ambiente,27.6,93,722,0.581832,lote_L,sem risco,sem risco,,2026-03-26T16:03:14.170Z
69c559ee4f3e7eb1d6eb11e8,ambiente,27.6,93,727,0.585861,lote_L,sem risco,sem risco,,2026-03-26T16:08:14.234Z
69c55b1a4f3e7eb1d6eb11e9,ambiente,27.6,93,728,0.586667,lote_L,sem risco,sem risco,,2026-03-26T16:13:14.165Z
69c55c454f3e7eb1d6eb11ea,ambiente,27.6,93,733,0.590696,lote_L,sem risco,sem risco,,2026-03-26T16:18:13.970Z
69c55d724f3e7eb1d6eb11eb,ambiente,27.6,93,733,0.590696,lote_L,sem risco,sem risco,,2026-03-26T16:23:14.027Z
69c55e9e4f3e7eb1d6eb11ec,ambiente,27.6,93,737,0.593919,lote_L,sem risco,sem risco,,2026-03-26T16:28:14.166Z
69c55fc94f3e7eb1d6eb11ed,ambiente,28,92,741,0.597143,lote_L,sem risco,sem risco,,2026-03-26T16:33:13.998Z
69c560f64f3e7eb1d6eb11ee,ambiente,28,92,746,0.601172,lote_L,sem risco,sem risco,,2026-03-26T16:38:14.032Z
69c562224f3e7eb1d6eb11ef,ambiente,28,92,749,0.60359,lote_L,sem risco,sem risco,,2026-03-26T16:43:14.123Z
69c5634e4f3e7eb1d6eb11f0,ambiente,28,92,752,0.606007,lote_L,sem risco,sem risco,,2026-03-26T16:48:14.173Z
69c5647a4f3e7eb1d6eb11f1,ambiente,28,92,761,0.61326,lote_L,sem risco,sem risco,,2026-03-26T16:53:14.049Z
69c565a64f3e7eb1d6eb11f2,ambiente,28,92,761,0.61326,lote_L,sem risco,sem risco,,2026-03-26T16:58:14.695Z
69c566d24f3e7eb1d6eb11f3,ambiente,28.5,92,764,0.615678,lote_L,sem risco,sem risco,,2026-03-26T17:03:14.014Z
69c567fe4f3e7eb1d6eb11f4,ambiente,28.5,92,768,0.618901,lote_L,sem risco,sem risco,,2026-03-26T17:08:14.251Z
69c5692a4f3e7eb1d6eb11f5,ambiente,28.5,92,768,0.618901,lote_L,sem risco,sem risco,,2026-03-26T17:13:14.097Z
69c56a564f3e7eb1d6eb11f6,ambiente,28.5,92,774,0.623736,lote_L,sem risco,sem risco,,2026-03-26T17:18:14.179Z
69c56b824f3e7eb1d6eb11f7,ambiente,28.5,92,778,0.62696,lote_L,sem risco,sem risco,,2026-03-26T17:23:14.049Z
69c56cae4f3e7eb1d6eb11f8,ambiente,28.5,92,781,0.629377,lote_L,sem risco,sem risco,,2026-03-26T17:28:14.085Z
69c56dda4f3e7eb1d6eb11f9,ambiente,28.5,92,783,0.630989,lote_L,sem risco,sem risco,,2026-03-26T17:33:14.105Z
69c56f064f3e7eb1d6eb11fa,ambiente,28.5,92,792,0.638242,lote_L,sem risco,sem risco,,2026-03-26T17:38:14.264Z
69c570324f3e7eb1d6eb11fb,ambiente,28.9,92,793,0.639048,lote_L,sem risco,sem risco,,2026-03-26T17:43:14.296Z
69c5715e4f3e7eb1d6eb11fc,ambiente,28.9,92,796,0.641465,lote_L,sem risco,sem risco,,2026-03-26T17:48:14.147Z
69c5728a4f3e7eb1d6eb11fd,ambiente,28.9,92,797,0.642271,lote_L,sem risco,sem risco,,2026-03-26T17:53:14.279Z
69c573b64f3e7eb1d6eb11fe,ambiente,28.9,92,802,0.6463,lote_L,sem risco,sem risco,,2026-03-26T17:58:14.352Z
69c574e24f3e7eb1d6eb11ff,ambiente,28.9,92,811,0.653553,lote_L,sem risco,sem risco,,2026-03-26T18:03:14.146Z
69c5760e4f3e7eb1d6eb1200,ambiente,28.9,92,812,0.654359,lote_L,sem risco,sem risco,,2026-03-26T18:08:14.174Z
69c5773a4f3e7eb1d6eb1201,ambiente,29.3,92,815,0.656777,lote_L,sem risco,sem risco,,2026-03-26T18:13:14.325Z
69c578664f3e7eb1d6eb1202,ambiente,29.3,92,819,0.66,lote_L,sem risco,sem risco,,2026-03-26T18:18:14.141Z
69c579924f3e7eb1d6eb1203,ambiente,29.3,92,827,0.666447,lote_L,sem risco,sem risco,,2026-03-26T18:23:14.183Z
69c57abe4f3e7eb1d6eb1204,ambiente,29.3,92,829,0.668059,lote_L,sem risco,sem risco,,2026-03-26T18:28:14.223Z
69c57bea4f3e7eb1d6eb1205,ambiente,29.3,92,832,0.670476,lote_L,sem risco,sem risco,,2026-03-26T18:33:14.353Z
69c57d164f3e7eb1d6eb1206,ambiente,29.8,92,838,0.675311,lote_L,sem risco,sem risco,,2026-03-26T18:38:14.184Z
69c57e424f3e7eb1d6eb1207,ambiente,29.8,92,838,0.675311,lote_L,sem risco,sem risco,,2026-03-26T18:43:14.323Z
69c57f6e4f3e7eb1d6eb1208,ambiente,29.8,92,841,0.677729,lote_L,sem risco,sem risco,,2026-03-26T18:48:14.463Z
69c5809a4f3e7eb1d6eb1209,ambiente,29.8,92,846,0.681758,lote_L,sem risco,sem risco,,2026-03-26T18:53:14.191Z
69c581c64f3e7eb1d6eb120a,ambiente,29.8,92,849,0.684176,lote_L,sem risco,sem risco,,2026-03-26T18:58:14.233Z
69c582f24f3e7eb1d6eb120b,ambiente,30.2,91,855,0.689011,lote_L,sem risco,sem risco,,2026-03-26T19:03:14.267Z
69c5841e4f3e7eb1d6eb120c,ambiente,30.2,90,863,0.695458,lote_L,sem risco,sem risco,,2026-03-26T19:08:14.402Z
69c5854a4f3e7eb1d6eb120d,ambiente,30.2,90,861,0.693846,lote_L,sem risco,sem risco,,2026-03-26T19:13:14.207Z
69c586764f3e7eb1d6eb120e,ambiente,30.2,90,870,0.701099,lote_L,sem risco,sem risco,,2026-03-26T19:18:14.343Z
69c587a24f3e7eb1d6eb120f,ambiente,30.2,91,875,0.705128,lote_L,sem risco,sem risco,,2026-03-26T19:23:14.415Z
69c588ce4f3e7eb1d6eb1210,ambiente,30.8,90,882,0.710769,lote_L,sem risco,sem risco,,2026-03-26T19:28:14.443Z
69c589fa4f3e7eb1d6eb1211,ambiente,30.8,90,887,0.714799,lote_L,sem risco,sem risco,,2026-03-26T19:33:14.274Z
69c58b264f3e7eb1d6eb1212,ambiente,31.3,90,892,0.718828,lote_L,sem risco,sem risco,,2026-03-26T19:38:14.374Z
69c58c524f3e7eb1d6eb1213,ambiente,31.3,90,901,0.726081,lote_L,sem risco,sem risco,,2026-03-26T19:43:14.454Z
69c58d7e4f3e7eb1d6eb1214,ambiente,31.8,90,905,0.729304,lote_L,sem risco,sem risco,,2026-03-26T19:48:14.301Z
69c58eaa4f3e7eb1d6eb1215,ambiente,31.8,90,912,0.734945,lote_L,sem risco,sem risco,,2026-03-26T19:53:14.424Z
69c58fd64f3e7eb1d6eb1216,ambiente,31.8,90,919,0.740586,lote_L,sem risco,sem risco,,2026-03-26T19:58:14.427Z
69c591024f3e7eb1d6eb1217,ambiente,31.8,90,924,0.744615,lote_L,sem risco,sem risco,,2026-03-26T20:03:14.461Z
69c5922e4f3e7eb1d6eb1218,ambiente,32.3,90,929,0.748645,lote_L,sem risco,sem risco,,2026-03-26T20:08:14.300Z
69c5935a4f3e7eb1d6eb1219,ambiente,32.3,90,936,0.754286,lote_L,sem risco,sem risco,,2026-03-26T20:13:14.483Z
69c594864f3e7eb1d6eb121a,ambiente,32.3,90,943,0.759927,lote_L,sem risco,sem risco,,2026-03-26T20:18:14.603Z
69c595b34f3e7eb1d6eb121b,ambiente,32.8,90,948,0.763956,lote_L,sem risco,sem risco,,2026-03-26T20:23:15.149Z
69c596de4f3e7eb1d6eb121c,ambiente,32.8,90,954,0.768791,lote_L,sem risco,sem risco,,2026-03-26T20:28:14.412Z
69c5980b4f3e7eb1d6eb121d,ambiente,32.8,90,959,0.772821,lote_L,sem risco,sem risco,,2026-03-26T20:33:15.073Z
69c599364f3e7eb1d6eb121e,ambiente,32.8,90,964,0.77685,lote_L,sem risco,sem risco,,2026-03-26T20:38:14.312Z
69c59a624f3e7eb1d6eb121f,ambiente,32.8,90,964,0.77685,lote_L,sem risco,sem risco,,2026-03-26T20:43:14.399Z
69c59b8e4f3e7eb1d6eb1220,ambiente,32.8,91,970,0.781685,lote_L,sem risco,sem risco,,2026-03-26T20:48:14.424Z
69c59cba4f3e7eb1d6eb1221,ambiente,32.3,91,972,0.783297,lote_L,sem risco,sem risco,,2026-03-26T20:53:14.690Z
69c59de64f3e7eb1d6eb1222,ambiente,32.3,91,977,0.787326,lote_L,sem risco,sem risco,,2026-03-26T20:58:14.601Z
69c59f154f3e7eb1d6eb1223,ambiente,32.3,91,981,0.790549,lote_L,sem risco,sem risco,,2026-03-26T21:03:17.299Z
69c5a03e4f3e7eb1d6eb1224,ambiente,32.3,91,987,0.795385,lote_L,sem risco,sem risco,,2026-03-26T21:08:14.908Z
69c5a16a4f3e7eb1d6eb1225,ambiente,32.8,91,991,0.798608,lote_L,sem risco,sem risco,,2026-03-26T21:13:14.711Z
69c5a2974f3e7eb1d6eb1226,ambiente,32.8,91,988,0.796191,lote_L,sem risco,sem risco,,2026-03-26T21:18:15.187Z
69c5a3c24f3e7eb1d6eb1227,ambiente,32.3,91,993,0.80022,lote_L,sem risco,sem risco,,2026-03-26T21:23:14.573Z
69c5a4ee4f3e7eb1d6eb1228,ambiente,32.3,91,997,0.803443,lote_L,sem risco,sem risco,,2026-03-26T21:28:14.873Z
69c5a61a4f3e7eb1d6eb1229,ambiente,32.3,91,1002,0.807473,lote_L,sem risco,sem risco,,2026-03-26T21:33:14.610Z
69c5a7464f3e7eb1d6eb122a,ambiente,32.3,91,1004,0.809084,lote_L,sem risco,sem risco,,2026-03-26T21:38:14.584Z
69c5a8734f3e7eb1d6eb122b,ambiente,32.3,91,1009,0.813114,lote_L,sem risco,sem risco,,2026-03-26T21:43:15.161Z
69c5a99e4f3e7eb1d6eb122c,ambiente,32.3,91,1009,0.813114,lote_L,sem risco,sem risco,,2026-03-26T21:48:14.548Z
69c5aaca4f3e7eb1d6eb122d,ambiente,32.3,91,1011,0.814725,lote_L,sem risco,sem risco,,2026-03-26T21:53:14.482Z
69c5abf64f3e7eb1d6eb122e,ambiente,32.3,91,1003,0.808278,lote_L,sem risco,sem risco,,2026-03-26T21:58:14.960Z
69c5ad224f3e7eb1d6eb122f,ambiente,32.3,91,1007,0.811502,lote_L,sem risco,sem risco,,2026-03-26T22:03:14.629Z
69c5ae4f4f3e7eb1d6eb1230,ambiente,32.3,91,1003,0.808278,lote_L,sem risco,sem risco,,2026-03-26T22:08:15.215Z
69c5af7a4f3e7eb1d6eb1231,ambiente,31.8,91,1003,0.808278,lote_L,sem risco,sem risco,,2026-03-26T22:13:14.726Z
69c5b0a64f3e7eb1d6eb1232,ambiente,31.8,91,1002,0.807473,lote_L,sem risco,sem risco,,2026-03-26T22:18:14.906Z
69c5b1d24f3e7eb1d6eb1233,ambiente,31.8,91,1004,0.809084,lote_L,sem risco,sem risco,,2026-03-26T22:23:14.899Z
69c5b2fe4f3e7eb1d6eb1234,ambiente,31.8,91,1001,0.806667,lote_L,sem risco,sem risco,,2026-03-26T22:28:14.741Z
69c5b42a4f3e7eb1d6eb1235,ambiente,31.8,91,1001,0.806667,lote_L,sem risco,sem risco,,2026-03-26T22:33:14.772Z
69c5b5564f3e7eb1d6eb1236,ambiente,31.8,91,999,0.805055,lote_L,sem risco,sem risco,,2026-03-26T22:38:14.711Z
69c5b6824f3e7eb1d6eb1237,ambiente,31.8,91,1003,0.808278,lote_L,sem risco,sem risco,,2026-03-26T22:43:14.737Z
69c5b7ae4f3e7eb1d6eb1238,ambiente,31.3,91,999,0.805055,lote_L,sem risco,sem risco,,2026-03-26T22:48:14.776Z
69c5b8da4f3e7eb1d6eb1239,ambiente,31.3,92,1124,0.905788,lote_L,sem risco,sem risco,,2026-03-26T22:53:14.611Z
69c5ba064f3e7eb1d6eb123a,ambiente,31.3,91,1113,0.896923,lote_L,sem risco,sem risco,,2026-03-26T22:58:14.855Z
69c5bb324f3e7eb1d6eb123b,ambiente,31.3,91,1108,0.892894,lote_L,sem risco,sem risco,,2026-03-26T23:03:14.782Z
69c5bc5e4f3e7eb1d6eb123c,ambiente,31.3,91,1107,0.892088,lote_L,sem risco,sem risco,,2026-03-26T23:08:14.712Z
69c5bd8a4f3e7eb1d6eb123d,ambiente,31.3,91,1109,0.8937,lote_L,sem risco,sem risco,,2026-03-26T23:13:14.649Z
69c5beb64f3e7eb1d6eb123e,ambiente,31.3,91,1111,0.895311,lote_L,sem risco,sem risco,,2026-03-26T23:18:14.758Z
69c5bfe24f3e7eb1d6eb123f,ambiente,31.3,91,1117,0.900147,lote_L,sem risco,sem risco,,2026-03-26T23:23:14.825Z
69c5c10e4f3e7eb1d6eb1240,ambiente,31.3,91,1119,0.901758,lote_L,sem risco,sem risco,,2026-03-26T23:28:14.661Z
69c5c23a4f3e7eb1d6eb1241,ambiente,31.3,91,1124,0.905788,lote_L,sem risco,sem risco,,2026-03-26T23:33:14.899Z
69c5c3664f3e7eb1d6eb1242,ambiente,31.3,91,1128,0.909011,lote_L,sem risco,sem risco,,2026-03-26T23:38:14.833Z
69c5c4924f3e7eb1d6eb1243,ambiente,31.3,91,1135,0.914652,lote_L,sem risco,sem risco,,2026-03-26T23:43:14.825Z
69c5c5be4f3e7eb1d6eb1244,ambiente,31.3,91,1134,0.913846,lote_L,sem risco,sem risco,,2026-03-26T23:48:14.711Z
69c5c6ea4f3e7eb1d6eb1245,ambiente,31.3,91,1137,0.916264,lote_L,sem risco,sem risco,,2026-03-26T23:53:14.834Z
69c5c8164f3e7eb1d6eb1246,ambiente,31.3,91,1135,0.914652,lote_L,sem risco,sem risco,,2026-03-26T23:58:14.838Z
69c5c9424f3e7eb1d6eb1247,ambiente,31.3,91,1138,0.91707,lote_L,sem risco,sem risco,,2026-03-27T00:03:14.703Z
69c5ca6e4f3e7eb1d6eb1248,ambiente,31.3,91,1140,0.918681,lote_L,sem risco,sem risco,,2026-03-27T00:08:14.905Z
69c5cb9b4f3e7eb1d6eb1249,ambiente,31.3,91,1138,0.91707,lote_L,sem risco,sem risco,,2026-03-27T00:13:15.579Z
69c5ccc64f3e7eb1d6eb124a,ambiente,31.3,91,1142,0.920293,lote_L,sem risco,sem risco,,2026-03-27T00:18:14.654Z
69c5cdf64f3e7eb1d6eb124b,ambiente,30.9,91,1141,0.919487,lote_L,sem risco,sem risco,,2026-03-27T00:23:18.366Z
69c5cf1e4f3e7eb1d6eb124c,ambiente,30.8,91,1145,0.922711,lote_L,sem risco,sem risco,,2026-03-27T00:28:14.669Z
69c5d04b4f3e7eb1d6eb124d,ambiente,30.8,91,1140,0.918681,lote_L,sem risco,sem risco,,2026-03-27T00:33:15.038Z
69c5d1764f3e7eb1d6eb124e,ambiente,30.8,91,1145,0.922711,lote_L,sem risco,sem risco,,2026-03-27T00:38:14.757Z
69c5d2a34f3e7eb1d6eb124f,ambiente,30.8,91,1145,0.922711,lote_L,sem risco,sem risco,,2026-03-27T00:43:15.467Z
69c5d3ce4f3e7eb1d6eb1250,ambiente,30.8,91,1147,0.924322,lote_L,sem risco,sem risco,,2026-03-27T00:48:14.725Z
69c5d4fa4f3e7eb1d6eb1251,ambiente,30.8,91,1141,0.919487,lote_L,sem risco,sem risco,,2026-03-27T00:53:14.943Z
69c5d6264f3e7eb1d6eb1252,ambiente,30.8,91,1139,0.917875,lote_L,sem risco,sem risco,,2026-03-27T00:58:14.745Z
69c5d7524f3e7eb1d6eb1253,ambiente,30.8,91,1138,0.91707,lote_L,sem risco,sem risco,,2026-03-27T01:03:14.967Z
69c5d87f4f3e7eb1d6eb1254,ambiente,30.8,91,1138,0.91707,lote_L,sem risco,sem risco,,2026-03-27T01:08:15.811Z
69c5d9aa4f3e7eb1d6eb1255,ambiente,30.8,91,1139,0.917875,lote_L,sem risco,sem risco,,2026-03-27T01:13:14.912Z
69c5dad64f3e7eb1d6eb1256,ambiente,30.8,91,1139,0.917875,lote_L,sem risco,sem risco,,2026-03-27T01:18:14.945Z
69c5dc024f3e7eb1d6eb1257,ambiente,30.8,91,1142,0.920293,lote_L,sem risco,sem risco,,2026-03-27T01:23:14.984Z
69c5dd2e4f3e7eb1d6eb1258,ambiente,30.2,91,1138,0.91707,lote_L,sem risco,sem risco,,2026-03-27T01:28:14.983Z
69c5de5b4f3e7eb1d6eb1259,ambiente,30.2,91,1142,0.920293,lote_L,sem risco,sem risco,,2026-03-27T01:33:15.571Z
69c5df864f3e7eb1d6eb125a,ambiente,30.2,91,1145,0.922711,lote_L,sem risco,sem risco,,2026-03-27T01:38:14.827Z
69c5e0b34f3e7eb1d6eb125b,ambiente,30.2,92,1151,0.927546,lote_L,sem risco,sem risco,,2026-03-27T01:43:15.124Z
69c5e1df4f3e7eb1d6eb125c,ambiente,30.2,92,1152,0.928352,lote_L,sem risco,sem risco,,2026-03-27T01:48:15.015Z
69c5e30a4f3e7eb1d6eb125d,ambiente,30.2,91,1156,0.931575,lote_L,sem risco,sem risco,,2026-03-27T01:53:14.890Z
69c5e4364f3e7eb1d6eb125e,ambiente,30.2,91,1158,0.933187,lote_L,sem risco,sem risco,,2026-03-27T01:58:14.995Z
69c5e5634f3e7eb1d6eb125f,ambiente,30.2,91,1158,0.933187,lote_L,sem risco,sem risco,,2026-03-27T02:03:15.037Z
69c5e68f4f3e7eb1d6eb1260,ambiente,30.2,91,1164,0.938022,lote_L,sem risco,sem risco,,2026-03-27T02:08:15.004Z
69c5e7bb4f3e7eb1d6eb1261,ambiente,30.2,91,1166,0.939634,lote_L,sem risco,sem risco,,2026-03-27T02:13:15.001Z
69c5e8e74f3e7eb1d6eb1262,ambiente,30.2,91,1164,0.938022,lote_L,sem risco,sem risco,,2026-03-27T02:18:15.047Z
69c5ea134f3e7eb1d6eb1263,ambiente,30.2,91,1166,0.939634,lote_L,sem risco,sem risco,,2026-03-27T02:23:15.027Z
69c5eb3f4f3e7eb1d6eb1264,ambiente,30.2,91,1172,0.944469,lote_L,sem risco,sem risco,,2026-03-27T02:28:15.063Z
69c5ec6a4f3e7eb1d6eb1265,ambiente,30.2,91,1170,0.942857,lote_L,sem risco,sem risco,,2026-03-27T02:33:14.989Z
69c5ed964f3e7eb1d6eb1266,ambiente,30.2,91,1173,0.945275,lote_L,sem risco,sem risco,,2026-03-27T02:38:14.911Z
69c5eec24f3e7eb1d6eb1267,ambiente,30.2,91,1174,0.946081,lote_L,sem risco,sem risco,,2026-03-27T02:43:14.962Z
69c5efee4f3e7eb1d6eb1268,ambiente,30.2,91,1176,0.947692,lote_L,sem risco,sem risco,,2026-03-27T02:48:14.989Z
69c5f11a4f3e7eb1d6eb1269,ambiente,30.2,91,1169,0.942051,lote_L,sem risco,sem risco,,2026-03-27T02:53:14.929Z
69c5f2474f3e7eb1d6eb126a,ambiente,30.2,91,1153,0.929157,lote_L,sem risco,sem risco,,2026-03-27T02:58:15.138Z
69c5f3724f3e7eb1d6eb126b,ambiente,30.2,91,1151,0.927546,lote_L,sem risco,sem risco,,2026-03-27T03:03:14.990Z
69c5f49f4f3e7eb1d6eb126c,ambiente,29.8,92,1157,0.932381,lote_L,sem risco,sem risco,,2026-03-27T03:08:15.129Z
69c5f5cb4f3e7eb1d6eb126d,ambiente,29.8,92,1163,0.937216,lote_L,sem risco,sem risco,,2026-03-27T03:13:15.130Z
69c5f6f74f3e7eb1d6eb126e,ambiente,29.4,93,1164,0.938022,lote_L,sem risco,sem risco,,2026-03-27T03:18:15.174Z
69c5f8234f3e7eb1d6eb126f,ambiente,29.3,93,1164,0.938022,lote_L,sem risco,sem risco,,2026-03-27T03:23:15.139Z
69c5f94f4f3e7eb1d6eb1270,ambiente,29.3,93,1168,0.941245,lote_L,sem risco,sem risco,,2026-03-27T03:28:15.280Z
69c5fa7b4f3e7eb1d6eb1271,ambiente,29.3,93,1167,0.94044,lote_L,sem risco,sem risco,,2026-03-27T03:33:15.182Z
69c5fba74f3e7eb1d6eb1272,ambiente,29.3,93,1171,0.943663,lote_L,sem risco,sem risco,,2026-03-27T03:38:15.144Z
69c5fcd34f3e7eb1d6eb1273,ambiente,29.3,93,1172,0.944469,lote_L,sem risco,sem risco,,2026-03-27T03:43:15.079Z
69c5fdff4f3e7eb1d6eb1274,ambiente,29.3,93,1175,0.946886,lote_L,sem risco,sem risco,,2026-03-27T03:48:15.187Z
69c5ff2b4f3e7eb1d6eb1275,ambiente,29.3,93,1174,0.946081,lote_L,sem risco,sem risco,,2026-03-27T03:53:15.030Z
69c600574f3e7eb1d6eb1276,ambiente,28.9,93,1176,0.947692,lote_L,sem risco,sem risco,,2026-03-27T03:58:15.104Z
69c601834f3e7eb1d6eb1277,ambiente,28.9,93,1180,0.950916,lote_L,sem risco,sem risco,,2026-03-27T04:03:15.205Z
69c602af4f3e7eb1d6eb1278,ambiente,28.9,93,1179,0.95011,lote_L,sem risco,sem risco,,2026-03-27T04:08:15.259Z
69c603db4f3e7eb1d6eb1279,ambiente,28.9,93,1181,0.951722,lote_L,sem risco,sem risco,,2026-03-27T04:13:15.066Z
69c605074f3e7eb1d6eb127a,ambiente,28.9,93,1186,0.955751,lote_L,sem risco,sem risco,,2026-03-27T04:18:15.234Z
69c606334f3e7eb1d6eb127b,ambiente,28.9,93,1190,0.958974,lote_L,sem risco,sem risco,,2026-03-27T04:23:15.234Z
69c6075f4f3e7eb1d6eb127c,ambiente,28.9,93,1186,0.955751,lote_L,sem risco,sem risco,,2026-03-27T04:28:15.104Z
69c6088b4f3e7eb1d6eb127d,ambiente,28.9,93,1188,0.957363,lote_L,sem risco,sem risco,,2026-03-27T04:33:15.197Z
69c609b74f3e7eb1d6eb127e,ambiente,28.9,93,1191,0.95978,lote_L,sem risco,sem risco,,2026-03-27T04:38:15.280Z
69c60ae34f3e7eb1d6eb127f,ambiente,28.5,93,1192,0.960586,lote_L,sem risco,sem risco,,2026-03-27T04:43:15.319Z
69c60c0f4f3e7eb1d6eb1280,ambiente,28.5,93,1194,0.962198,lote_L,sem risco,sem risco,,2026-03-27T04:48:15.109Z
69c60d3b4f3e7eb1d6eb1281,ambiente,28.5,93,1195,0.963004,lote_L,sem risco,sem risco,,2026-03-27T04:53:15.251Z
69c60e674f3e7eb1d6eb1282,ambiente,28.5,93,1197,0.964615,lote_L,sem risco,sem risco,,2026-03-27T04:58:15.274Z
69c60f934f3e7eb1d6eb1283,ambiente,28.5,93,1200,0.967033,lote_L,sem risco,sem risco,,2026-03-27T05:03:15.313Z
69c610bf4f3e7eb1d6eb1284,ambiente,28.5,93,1201,0.967839,lote_L,sem risco,sem risco,,2026-03-27T05:08:15.184Z
69c611eb4f3e7eb1d6eb1285,ambiente,28.5,93,1203,0.969451,lote_L,sem risco,sem risco,,2026-03-27T05:13:15.324Z
69c613174f3e7eb1d6eb1286,ambiente,28.5,93,1201,0.967839,lote_L,sem risco,sem risco,,2026-03-27T05:18:15.372Z
69c614434f3e7eb1d6eb1287,ambiente,28.5,93,1201,0.967839,lote_L,sem risco,sem risco,,2026-03-27T05:23:15.190Z
69c6156f4f3e7eb1d6eb1288,ambiente,28.5,93,1203,0.969451,lote_L,sem risco,sem risco,,2026-03-27T05:28:15.285Z
69c6169b4f3e7eb1d6eb1289,ambiente,28,93,1201,0.967839,lote_L,sem risco,sem risco,,2026-03-27T05:33:15.326Z
69c617c74f3e7eb1d6eb128a,ambiente,28,93,1203,0.969451,lote_L,sem risco,sem risco,,2026-03-27T05:38:15.164Z
69c618f34f3e7eb1d6eb128b,ambiente,28,93,1207,0.972674,lote_L,sem risco,sem risco,,2026-03-27T05:43:15.251Z
69c61a1f4f3e7eb1d6eb128c,ambiente,28,93,1211,0.975897,lote_L,sem risco,sem risco,,2026-03-27T05:48:15.346Z
69c61b4b4f3e7eb1d6eb128d,ambiente,28,93,1211,0.975897,lote_L,sem risco,sem risco,,2026-03-27T05:53:15.376Z
69c61c774f3e7eb1d6eb128e,ambiente,28,93,1215,0.979121,lote_L,sem risco,sem risco,,2026-03-27T05:58:15.250Z
69c61da34f3e7eb1d6eb128f,ambiente,28,93,1216,0.979927,lote_L,sem risco,sem risco,,2026-03-27T06:03:15.498Z
69c61ecf4f3e7eb1d6eb1290,ambiente,28,93,1222,0.984762,lote_L,sem risco,sem risco,,2026-03-27T06:08:15.376Z
69c61ffb4f3e7eb1d6eb1291,ambiente,28,93,1223,0.985568,lote_L,sem risco,sem risco,,2026-03-27T06:13:15.257Z
69c621274f3e7eb1d6eb1292,ambiente,28,93,1226,0.987985,lote_L,sem risco,sem risco,,2026-03-27T06:18:15.341Z
69c622534f3e7eb1d6eb1293,ambiente,28,93,1227,0.988791,lote_L,sem risco,sem risco,,2026-03-27T06:23:15.424Z
69c6237f4f3e7eb1d6eb1294,ambiente,28,93,1227,0.988791,lote_L,sem risco,sem risco,,2026-03-27T06:28:15.460Z
69c624ab4f3e7eb1d6eb1295,ambiente,28,93,1229,0.990403,lote_L,sem risco,sem risco,,2026-03-27T06:33:15.294Z
69c625d74f3e7eb1d6eb1296,ambiente,28,93,1232,0.992821,lote_L,sem risco,sem risco,,2026-03-27T06:38:15.636Z
69c627034f3e7eb1d6eb1297,ambiente,28,92,1232,0.992821,lote_L,sem risco,sem risco,,2026-03-27T06:43:15.479Z
69c6282f4f3e7eb1d6eb1298,ambiente,27.6,93,1229,0.990403,lote_L,sem risco,sem risco,,2026-03-27T06:48:15.265Z
69c6295b4f3e7eb1d6eb1299,ambiente,27.6,93,1232,0.992821,lote_L,sem risco,sem risco,,2026-03-27T06:53:15.391Z
69c62a874f3e7eb1d6eb129a,ambiente,27.6,93,1233,0.993626,lote_L,sem risco,sem risco,,2026-03-27T06:58:15.475Z
69c62bb34f3e7eb1d6eb129b,ambiente,27.6,93,1236,0.996044,lote_L,sem risco,sem risco,,2026-03-27T07:03:15.417Z
69c62cdf4f3e7eb1d6eb129c,ambiente,27.6,93,1239,0.998462,lote_L,sem risco,sem risco,,2026-03-27T07:08:15.348Z
69c62e0b4f3e7eb1d6eb129d,ambiente,27.6,93,1230,0.991209,lote_L,sem risco,sem risco,,2026-03-27T07:13:15.486Z
69c62f374f3e7eb1d6eb129e,ambiente,27.6,93,1220,0.98315,lote_L,sem risco,sem risco,,2026-03-27T07:18:15.488Z
69c630634f3e7eb1d6eb129f,ambiente,27.6,93,1211,0.975897,lote_L,sem risco,sem risco,,2026-03-27T07:23:15.352Z
69c6318f4f3e7eb1d6eb12a0,ambiente,27.6,93,1205,0.971062,lote_L,sem risco,sem risco,,2026-03-27T07:28:15.591Z
69c632bb4f3e7eb1d6eb12a1,ambiente,27.6,93,1204,0.970256,lote_L,sem risco,sem risco,,2026-03-27T07:33:15.525Z
69c633e74f3e7eb1d6eb12a2,ambiente,27.6,93,1203,0.969451,lote_L,sem risco,sem risco,,2026-03-27T07:38:15.303Z
69c635134f3e7eb1d6eb12a3,ambiente,27.6,93,1202,0.968645,lote_L,sem risco,sem risco,,2026-03-27T07:43:15.604Z
69c6363f4f3e7eb1d6eb12a4,ambiente,27.6,93,1204,0.970256,lote_L,sem risco,sem risco,,2026-03-27T07:48:15.534Z
69c6376b4f3e7eb1d6eb12a5,ambiente,27.6,93,1199,0.966227,lote_L,sem risco,sem risco,,2026-03-27T07:53:15.543Z
69c638974f3e7eb1d6eb12a6,ambiente,27.6,93,1194,0.962198,lote_L,sem risco,sem risco,,2026-03-27T07:58:15.371Z
69c639c34f3e7eb1d6eb12a7,ambiente,27.6,93,1196,0.96381,lote_L,sem risco,sem risco,,2026-03-27T08:03:15.653Z
69c63aef4f3e7eb1d6eb12a8,ambiente,27.6,93,1194,0.962198,lote_L,sem risco,sem risco,,2026-03-27T08:08:15.583Z
69c63c1b4f3e7eb1d6eb12a9,ambiente,27.6,93,1177,0.948498,lote_L,sem risco,sem risco,,2026-03-27T08:13:15.413Z
69c63d474f3e7eb1d6eb12aa,ambiente,27.6,93,1185,0.954945,lote_L,sem risco,sem risco,,2026-03-27T08:18:15.503Z
69c63e744f3e7eb1d6eb12ab,ambiente,27.6,93,1188,0.957363,lote_L,sem risco,sem risco,,2026-03-27T08:23:16.216Z
69c63f9f4f3e7eb1d6eb12ac,ambiente,27.6,93,1178,0.949304,lote_L,sem risco,sem risco,,2026-03-27T08:28:15.415Z
69c640cb4f3e7eb1d6eb12ad,ambiente,27.6,93,1177,0.948498,lote_L,sem risco,sem risco,,2026-03-27T08:33:15.420Z
69c641f74f3e7eb1d6eb12ae,ambiente,27.6,93,1172,0.944469,lote_L,sem risco,sem risco,,2026-03-27T08:38:15.562Z
69c643234f3e7eb1d6eb12af,ambiente,27.5,93,1168,0.941245,lote_L,sem risco,sem risco,,2026-03-27T08:43:15.628Z
69c6444f4f3e7eb1d6eb12b0,ambiente,27.1,93,1175,0.946886,lote_L,sem risco,sem risco,,2026-03-27T08:48:15.460Z
69c6457b4f3e7eb1d6eb12b1,ambiente,27.1,93,1166,0.939634,lote_L,sem risco,sem risco,,2026-03-27T08:53:15.566Z
69c646a74f3e7eb1d6eb12b2,ambiente,27.1,93,1162,0.93641,lote_L,sem risco,sem risco,,2026-03-27T08:58:15.587Z
69c647d34f3e7eb1d6eb12b3,ambiente,27.1,93,1157,0.932381,lote_L,sem risco,sem risco,,2026-03-27T09:03:15.575Z
69c648ff4f3e7eb1d6eb12b4,ambiente,27.1,93,1161,0.935604,lote_L,sem risco,sem risco,,2026-03-27T09:08:15.570Z
69c64a2b4f3e7eb1d6eb12b5,ambiente,27.1,93,1166,0.939634,lote_L,sem risco,sem risco,,2026-03-27T09:13:15.612Z
69c64b574f3e7eb1d6eb12b6,ambiente,27.1,93,1166,0.939634,lote_L,sem risco,sem risco,,2026-03-27T09:18:15.651Z
69c64c834f3e7eb1d6eb12b7,ambiente,27.1,93,1171,0.943663,lote_L,sem risco,sem risco,,2026-03-27T09:23:15.514Z
69c64daf4f3e7eb1d6eb12b8,ambiente,27.1,93,1180,0.950916,lote_L,sem risco,sem risco,,2026-03-27T09:28:15.657Z
69c64edb4f3e7eb1d6eb12b9,ambiente,27.1,93,1183,0.953333,lote_L,sem risco,sem risco,,2026-03-27T09:33:15.643Z
69c650074f3e7eb1d6eb12ba,ambiente,27.1,93,1190,0.958974,lote_L,sem risco,sem risco,,2026-03-27T09:38:15.518Z
69c651344f3e7eb1d6eb12bb,ambiente,27.1,93,1183,0.953333,lote_L,sem risco,sem risco,,2026-03-27T09:43:16.579Z
69c6525f4f3e7eb1d6eb12bc,ambiente,27.1,93,1123,0.904982,lote_L,sem risco,sem risco,,2026-03-27T09:48:15.486Z
69c6538b4f3e7eb1d6eb12bd,ambiente,27.1,93,1143,0.921099,lote_L,sem risco,sem risco,,2026-03-27T09:53:15.727Z
69c654b74f3e7eb1d6eb12be,ambiente,27.1,93,1162,0.93641,lote_L,sem risco,sem risco,,2026-03-27T09:58:15.565Z
69c655e34f3e7eb1d6eb12bf,ambiente,27.1,93,1173,0.945275,lote_L,sem risco,sem risco,,2026-03-27T10:03:15.706Z
69c6570f4f3e7eb1d6eb12c0,ambiente,27.1,93,1193,0.961392,lote_L,sem risco,sem risco,,2026-03-27T10:08:15.715Z
69c6583b4f3e7eb1d6eb12c1,ambiente,27.1,93,1201,0.967839,lote_L,sem risco,sem risco,,2026-03-27T10:13:15.572Z
69c659674f3e7eb1d6eb12c2,ambiente,27.1,93,1204,0.970256,lote_L,sem risco,sem risco,,2026-03-27T10:18:15.602Z
69c65a934f3e7eb1d6eb12c3,ambiente,27.1,93,1201,0.967839,lote_L,sem risco,sem risco,,2026-03-27T10:23:15.750Z
69c65bbf4f3e7eb1d6eb12c4,ambiente,27.1,93,1205,0.971062,lote_L,sem risco,sem risco,,2026-03-27T10:28:15.747Z
69c65cec4f3e7eb1d6eb12c5,ambiente,27.1,93,1208,0.97348,lote_L,sem risco,sem risco,,2026-03-27T10:33:16.179Z
69c65e174f3e7eb1d6eb12c6,ambiente,27.1,93,1215,0.979121,lote_L,sem risco,sem risco,,2026-03-27T10:38:15.587Z
69c65f434f3e7eb1d6eb12c7,ambiente,27.1,93,1225,0.987179,lote_L,sem risco,sem risco,,2026-03-27T10:43:15.687Z
69c6606f4f3e7eb1d6eb12c8,ambiente,27.1,93,1232,0.992821,lote_L,sem risco,sem risco,,2026-03-27T10:48:15.829Z
69c6619b4f3e7eb1d6eb12c9,ambiente,27.1,93,1229,0.990403,lote_L,sem risco,sem risco,,2026-03-27T10:53:15.892Z
69c662c74f3e7eb1d6eb12ca,ambiente,27.1,93,1223,0.985568,lote_L,sem risco,sem risco,,2026-03-27T10:58:15.777Z
69c663f44f3e7eb1d6eb12cb,ambiente,27.1,93,1219,0.982344,lote_L,sem risco,sem risco,,2026-03-27T11:03:16.420Z
69c6651f4f3e7eb1d6eb12cc,ambiente,27.1,93,1224,0.986374,lote_L,sem risco,sem risco,,2026-03-27T11:08:15.603Z
69c6664c4f3e7eb1d6eb12cd,ambiente,27.1,93,1230,0.991209,lote_L,sem risco,sem risco,,2026-03-27T11:13:16.101Z
69c667774f3e7eb1d6eb12ce,ambiente,27.1,93,1244,1.002491,lote_L,sem risco,sem risco,,2026-03-27T11:18:15.946Z
69c668a34f3e7eb1d6eb12cf,ambiente,27.1,93,1241,1.000073,lote_L,sem risco,sem risco,,2026-03-27T11:23:15.672Z
69c669cf4f3e7eb1d6eb12d0,ambiente,27.1,93,1214,0.978315,lote_L,sem risco,sem risco,,2026-03-27T11:28:15.717Z
69c66afb4f3e7eb1d6eb12d1,ambiente,27.1,93,1147,0.924322,lote_L,sem risco,sem risco,,2026-03-27T11:33:15.855Z
69c66c274f3e7eb1d6eb12d2,ambiente,27.1,93,1127,0.908205,lote_L,sem risco,sem risco,,2026-03-27T11:38:15.886Z
69c66d534f3e7eb1d6eb12d3,ambiente,27.1,92,1168,0.941245,lote_L,sem risco,sem risco,,2026-03-27T11:43:15.696Z
69c66e7f4f3e7eb1d6eb12d4,ambiente,27.1,92,1193,0.961392,lote_L,sem risco,sem risco,,2026-03-27T11:48:15.859Z
69c66fab4f3e7eb1d6eb12d5,ambiente,27.1,93,1206,0.971868,lote_L,sem risco,sem risco,,2026-03-27T11:53:15.843Z
69c670d74f3e7eb1d6eb12d6,ambiente,27.1,93,1211,0.975897,lote_L,sem risco,sem risco,,2026-03-27T11:58:15.922Z
69c672034f3e7eb1d6eb12d7,ambiente,27.1,93,1228,0.989597,lote_L,sem risco,sem risco,,2026-03-27T12:03:15.725Z
69c673304f3e7eb1d6eb12d8,ambiente,27.1,93,1240,0.999267,lote_L,sem risco,sem risco,,2026-03-27T12:08:16.010Z
69c6745b4f3e7eb1d6eb12d9,ambiente,27.1,93,1252,1.008938,lote_L,sem risco,sem risco,,2026-03-27T12:13:15.895Z
69c675874f3e7eb1d6eb12da,ambiente,27.2,93,1258,1.013773,lote_L,sem risco,sem risco,,2026-03-27T12:18:15.762Z
69c676b34f3e7eb1d6eb12db,ambiente,27.6,93,1266,1.02022,lote_L,sem risco,sem risco,,2026-03-27T12:23:15.899Z
69c677df4f3e7eb1d6eb12dc,ambiente,27.6,93,1275,1.027472,lote_L,sem risco,sem risco,,2026-03-27T12:28:15.887Z
69c6790c4f3e7eb1d6eb12dd,ambiente,27.6,93,1277,1.029084,lote_L,sem risco,sem risco,,2026-03-27T12:33:16.484Z
69c67a374f3e7eb1d6eb12de,ambiente,27.6,93,1272,1.025055,lote_L,sem risco,sem risco,,2026-03-27T12:38:15.843Z
69c67b634f3e7eb1d6eb12df,ambiente,27.6,93,1275,1.027472,lote_L,sem risco,sem risco,,2026-03-27T12:43:15.744Z
69c67c8f4f3e7eb1d6eb12e0,ambiente,27.6,93,1264,1.018608,lote_L,sem risco,sem risco,,2026-03-27T12:48:15.761Z
69c67dbb4f3e7eb1d6eb12e1,ambiente,27.6,93,1256,1.012161,lote_L,sem risco,sem risco,,2026-03-27T12:53:15.812Z
69c67ee74f3e7eb1d6eb12e2,ambiente,27.6,93,1254,1.010549,lote_L,sem risco,sem risco,,2026-03-27T12:58:15.797Z
69c680134f3e7eb1d6eb12e3,ambiente,27.6,93,1262,1.016996,lote_L,sem risco,sem risco,,2026-03-27T13:03:15.787Z
69c6813f4f3e7eb1d6eb12e4,ambiente,28,91,1258,1.013773,lote_L,sem risco,sem risco,,2026-03-27T13:08:15.828Z
69c6826b4f3e7eb1d6eb12e5,ambiente,28,92,1263,1.017802,lote_L,sem risco,sem risco,,2026-03-27T13:13:15.837Z
69c683974f3e7eb1d6eb12e6,ambiente,28,91,1268,1.021832,lote_L,sem risco,sem risco,,2026-03-27T13:18:15.972Z
69c684c44f3e7eb1d6eb12e7,ambiente,28,91,1285,1.035531,lote_L,sem risco,sem risco,,2026-03-27T13:23:16.031Z
69c685ef4f3e7eb1d6eb12e8,ambiente,28,91,1302,1.049231,lote_L,sem risco,sem risco,,2026-03-27T13:28:15.833Z
69c6871b4f3e7eb1d6eb12e9,ambiente,28,91,1318,1.062124,lote_L,sem risco,sem risco,,2026-03-27T13:33:15.843Z
69c688474f3e7eb1d6eb12ea,ambiente,28,91,1319,1.06293,lote_L,sem risco,sem risco,,2026-03-27T13:38:15.830Z
69c689744f3e7eb1d6eb12eb,ambiente,28.5,91,1304,1.050843,lote_L,sem risco,sem risco,,2026-03-27T13:43:16.968Z
69c68a9f4f3e7eb1d6eb12ec,ambiente,28.5,91,1309,1.054872,lote_L,sem risco,sem risco,,2026-03-27T13:48:15.834Z
69c68bcb4f3e7eb1d6eb12ed,ambiente,28.5,91,1323,1.066154,lote_L,sem risco,sem risco,,2026-03-27T13:53:15.947Z
69c68cf74f3e7eb1d6eb12ee,ambiente,28.5,91,1339,1.079048,lote_L,sem risco,sem risco,,2026-03-27T13:58:15.876Z
69c68e244f3e7eb1d6eb12ef,ambiente,28.5,91,1345,1.083883,lote_L,sem risco,sem risco,,2026-03-27T14:03:16.178Z
69c68f504f3e7eb1d6eb12f0,ambiente,28.5,91,1352,1.089524,lote_L,sem risco,sem risco,,2026-03-27T14:08:16.002Z
69c6907c4f3e7eb1d6eb12f1,ambiente,28.9,91,1362,1.097582,lote_L,sem risco,sem risco,,2026-03-27T14:13:16.053Z
69c691a84f3e7eb1d6eb12f2,ambiente,28.9,91,1373,1.106447,lote_L,sem risco,sem risco,,2026-03-27T14:18:16.127Z
69c692d34f3e7eb1d6eb12f3,ambiente,28.9,91,1379,1.111282,lote_L,sem risco,sem risco,,2026-03-27T14:23:15.954Z
69c693ff4f3e7eb1d6eb12f4,ambiente,28.9,91,1386,1.116923,lote_L,sem risco,sem risco,,2026-03-27T14:28:15.991Z
69c695334f3e7eb1d6eb12f5,ambiente,28.9,91,1396,1.124982,lote_L,sem risco,sem risco,,2026-03-27T14:33:23.644Z
69c6965a4f3e7eb1d6eb12f6,ambiente,28.9,91,1408,1.134652,lote_L,sem risco,sem risco,,2026-03-27T14:38:18.850Z
69c697844f3e7eb1d6eb12f7,ambiente,29.3,91,1424,1.147546,lote_L,sem risco,sem risco,,2026-03-27T14:43:16.027Z
69c698af4f3e7eb1d6eb12f8,ambiente,29.3,91,1425,1.148352,lote_L,sem risco,sem risco,,2026-03-27T14:48:15.929Z
69c699dc4f3e7eb1d6eb12f9,ambiente,29.3,91,1425,1.148352,lote_L,sem risco,sem risco,,2026-03-27T14:53:16.185Z
69c69b084f3e7eb1d6eb12fa,ambiente,29.3,91,1434,1.155604,lote_L,sem risco,sem risco,,2026-03-27T14:58:16.132Z
69c69c344f3e7eb1d6eb12fb,ambiente,29.8,91,1440,1.16044,lote_L,sem risco,sem risco,,2026-03-27T15:03:16.160Z
69c69d604f3e7eb1d6eb12fc,ambiente,29.8,91,1441,1.161245,lote_L,sem risco,sem risco,,2026-03-27T15:08:16.140Z
69c69e8d4f3e7eb1d6eb12fd,ambiente,29.8,91,1453,1.170916,lote_L,sem risco,sem risco,,2026-03-27T15:13:17.198Z
69c69fb84f3e7eb1d6eb12fe,ambiente,29.8,91,1478,1.191062,lote_L,sem risco,sem risco,,2026-03-27T15:18:16.077Z
69c6a0e44f3e7eb1d6eb12ff,ambiente,29.8,91,1509,1.216044,lote_L,sem risco,sem risco,,2026-03-27T15:23:16.165Z
69c6a2124f3e7eb1d6eb1300,ambiente,29.8,91,1526,1.229744,lote_L,sem risco,sem risco,,2026-03-27T15:28:18.967Z
69c6a33c4f3e7eb1d6eb1301,ambiente,29.8,91,1539,1.24022,lote_L,sem risco,sem risco,,2026-03-27T15:33:16.072Z
69c6a4684f3e7eb1d6eb1302,ambiente,29.8,92,1554,1.252308,lote_L,sem risco,sem risco,,2026-03-27T15:38:16.100Z
69c6a5944f3e7eb1d6eb1303,ambiente,29.8,92,1556,1.253919,lote_L,sem risco,sem risco,,2026-03-27T15:43:16.367Z
69c6a6c04f3e7eb1d6eb1304,ambiente,29.8,92,1563,1.25956,lote_L,sem risco,sem risco,,2026-03-27T15:48:16.205Z
69c6a7ec4f3e7eb1d6eb1305,ambiente,30.2,91,1574,1.268425,lote_L,sem risco,sem risco,,2026-03-27T15:53:16.098Z
69c6a9184f3e7eb1d6eb1306,ambiente,30.2,91,1576,1.270037,lote_L,sem risco,sem risco,,2026-03-27T15:58:16.189Z
69c6aa444f3e7eb1d6eb1307,ambiente,30.2,91,1578,1.271648,lote_L,sem risco,sem risco,,2026-03-27T16:03:16.344Z
69c6ab704f3e7eb1d6eb1308,ambiente,30.2,91,1586,1.278095,lote_L,sem risco,sem risco,,2026-03-27T16:08:16.116Z
69c6ac9c4f3e7eb1d6eb1309,ambiente,30.2,91,1577,1.270842,lote_L,sem risco,sem risco,,2026-03-27T16:13:16.144Z
69c6adc84f3e7eb1d6eb130a,ambiente,30.2,91,1574,1.268425,lote_L,sem risco,sem risco,,2026-03-27T16:18:16.285Z
69c6aef44f3e7eb1d6eb130b,ambiente,30.2,91,1568,1.26359,lote_L,sem risco,sem risco,,2026-03-27T16:23:16.522Z
69c6b0204f3e7eb1d6eb130c,ambiente,30.2,91,1570,1.265201,lote_L,sem risco,sem risco,,2026-03-27T16:28:16.169Z
69c6b14c4f3e7eb1d6eb130d,ambiente,30.8,90,1522,1.22652,lote_L,sem risco,sem risco,,2026-03-27T16:33:16.276Z
69c6b2784f3e7eb1d6eb130e,ambiente,30.8,90,1506,1.213626,lote_L,sem risco,sem risco,,2026-03-27T16:38:16.099Z
69c6b3a44f3e7eb1d6eb130f,ambiente,30.8,90,1513,1.219267,lote_L,sem risco,sem risco,,2026-03-27T16:43:16.115Z
69c6b4d04f3e7eb1d6eb1310,ambiente,30.8,89,1525,1.228938,lote_L,sem risco,sem risco,,2026-03-27T16:48:16.190Z
69c6b5fc4f3e7eb1d6eb1311,ambiente,31.3,89,1530,1.232967,lote_L,sem risco,sem risco,,2026-03-27T16:53:16.184Z
69c6b7284f3e7eb1d6eb1312,ambiente,31.3,90,1521,1.225714,lote_L,sem risco,sem risco,,2026-03-27T16:58:16.270Z
69c6b8544f3e7eb1d6eb1313,ambiente,31.3,89,1527,1.230549,lote_L,sem risco,sem risco,,2026-03-27T17:03:16.126Z
69c6b9804f3e7eb1d6eb1314,ambiente,31.3,89,1539,1.24022,lote_L,sem risco,sem risco,,2026-03-27T17:08:16.138Z
69c6baac4f3e7eb1d6eb1315,ambiente,31.8,89,1543,1.243443,lote_L,sem risco,sem risco,,2026-03-27T17:13:16.167Z
69c6bbd84f3e7eb1d6eb1316,ambiente,31.8,89,1539,1.24022,lote_L,sem risco,sem risco,,2026-03-27T17:18:16.147Z
69c6bd044f3e7eb1d6eb1317,ambiente,31.8,89,1553,1.251502,lote_L,sem risco,sem risco,,2026-03-27T17:23:16.241Z
69c6be304f3e7eb1d6eb1318,ambiente,31.8,89,1543,1.243443,lote_L,sem risco,sem risco,,2026-03-27T17:28:16.174Z
69c6bf5c4f3e7eb1d6eb1319,ambiente,31.8,90,1557,1.254725,lote_L,sem risco,sem risco,,2026-03-27T17:33:16.215Z
69c6c0884f3e7eb1d6eb131a,ambiente,31.8,90,1576,1.270037,lote_L,sem risco,sem risco,,2026-03-27T17:38:16.862Z
69c6c1b44f3e7eb1d6eb131b,ambiente,31.8,90,1576,1.270037,lote_L,sem risco,sem risco,,2026-03-27T17:43:16.316Z
69c6c2e04f3e7eb1d6eb131c,ambiente,31.8,90,1569,1.264396,lote_L,sem risco,sem risco,,2026-03-27T17:48:16.202Z
69c6c40c4f3e7eb1d6eb131d,ambiente,31.8,90,1561,1.257949,lote_L,sem risco,sem risco,,2026-03-27T17:53:16.256Z
69c6c5384f3e7eb1d6eb131e,ambiente,31.8,89,1565,1.261172,lote_L,sem risco,sem risco,,2026-03-27T17:58:16.211Z
69c6c6644f3e7eb1d6eb131f,ambiente,32.3,89,1577,1.270842,lote_L,sem risco,sem risco,,2026-03-27T18:03:16.325Z
69c6c7904f3e7eb1d6eb1320,ambiente,32.3,89,1568,1.26359,lote_L,sem risco,sem risco,,2026-03-27T18:08:16.462Z
69c6c8bc4f3e7eb1d6eb1321,ambiente,32.3,89,1580,1.27326,lote_L,sem risco,sem risco,,2026-03-27T18:13:16.916Z
69c6c9e84f3e7eb1d6eb1322,ambiente,32.3,88,1585,1.277289,lote_L,sem risco,sem risco,,2026-03-27T18:18:16.331Z
69c6cb144f3e7eb1d6eb1323,ambiente,32.8,89,1598,1.287766,lote_L,sem risco,sem risco,,2026-03-27T18:23:16.371Z
69c6cc404f3e7eb1d6eb1324,ambiente,32.8,89,1611,1.298242,lote_L,sem risco,sem risco,,2026-03-27T18:28:16.317Z
69c6cd6c4f3e7eb1d6eb1325,ambiente,32.8,89,1615,1.301465,lote_L,sem risco,sem risco,,2026-03-27T18:33:16.346Z
69c6ce984f3e7eb1d6eb1326,ambiente,32.8,89,1634,1.316777,lote_L,sem risco,sem risco,,2026-03-27T18:38:16.383Z
69c6cfc44f3e7eb1d6eb1327,ambiente,32.8,89,1647,1.327253,lote_L,sem risco,sem risco,,2026-03-27T18:43:16.423Z
69c6d0f04f3e7eb1d6eb1328,ambiente,32.8,89,1655,1.3337,lote_L,sem risco,sem risco,,2026-03-27T18:48:16.343Z
69c6d21c4f3e7eb1d6eb1329,ambiente,32.8,89,1540,1.241026,lote_L,sem risco,sem risco,,2026-03-27T18:53:16.454Z
69c6d3484f3e7eb1d6eb132a,ambiente,33.3,89,1531,1.233773,lote_L,sem risco,sem risco,,2026-03-27T18:58:16.282Z
69c6d4744f3e7eb1d6eb132b,ambiente,33.3,88,1536,1.237802,lote_L,sem risco,sem risco,,2026-03-27T19:03:16.351Z
69c6d5a04f3e7eb1d6eb132c,ambiente,33.3,88,1565,1.261172,lote_L,sem risco,sem risco,,2026-03-27T19:08:16.515Z
69c6d6cc4f3e7eb1d6eb132d,ambiente,33.8,89,1577,1.270842,lote_L,sem risco,sem risco,,2026-03-27T19:13:16.534Z
69c6d7f94f3e7eb1d6eb132e,ambiente,33.8,89,1593,1.283736,lote_L,sem risco,sem risco,,2026-03-27T19:18:17.370Z
69c6d9244f3e7eb1d6eb132f,ambiente,33.8,89,1607,1.295018,lote_L,sem risco,sem risco,,2026-03-27T19:23:16.414Z
69c6da504f3e7eb1d6eb1330,ambiente,33.8,89,1623,1.307912,lote_L,sem risco,sem risco,,2026-03-27T19:28:16.500Z
69c6db7c4f3e7eb1d6eb1331,ambiente,34.2,89,1633,1.315971,lote_L,sem risco,sem risco,,2026-03-27T19:33:16.574Z
69c6dca84f3e7eb1d6eb1332,ambiente,34.2,89,1646,1.326447,lote_L,sem risco,sem risco,,2026-03-27T19:38:16.387Z
69c6ddd44f3e7eb1d6eb1333,ambiente,34.2,89,1654,1.332894,lote_L,sem risco,sem risco,,2026-03-27T19:43:16.643Z
69c6df004f3e7eb1d6eb1334,ambiente,34.2,89,1664,1.340952,lote_L,sem risco,sem risco,,2026-03-27T19:48:16.574Z
69c6e02c4f3e7eb1d6eb1335,ambiente,34.7,89,1670,1.345788,lote_L,sem risco,sem risco,,2026-03-27T19:53:16.515Z
69c6e1594f3e7eb1d6eb1336,ambiente,34.7,89,1676,1.350623,lote_L,sem risco,sem risco,,2026-03-27T19:58:17.823Z
69c6e2844f3e7eb1d6eb1337,ambiente,35.2,88,1685,1.357875,lote_L,sem risco,sem risco,,2026-03-27T20:03:16.703Z
69c6e3b04f3e7eb1d6eb1338,ambiente,35.2,87,1693,1.364322,lote_L,sem risco,sem risco,,2026-03-27T20:08:16.417Z
69c6e4dc4f3e7eb1d6eb1339,ambiente,35.2,87,1704,1.373187,lote_L,sem risco,sem risco,,2026-03-27T20:13:16.429Z
69c6e6084f3e7eb1d6eb133a,ambiente,35.2,87,1712,1.379634,lote_L,sem risco,sem risco,,2026-03-27T20:18:16.631Z
69c6e7344f3e7eb1d6eb133b,ambiente,35.6,87,1720,1.386081,lote_L,sem risco,sem risco,,2026-03-27T20:23:16.583Z
69c6e8624f3e7eb1d6eb133c,ambiente,35.6,88,1729,1.393333,lote_L,sem risco,sem risco,,2026-03-27T20:28:18.275Z
69c6e98c4f3e7eb1d6eb133d,ambiente,35.2,88,1734,1.397363,lote_L,sem risco,sem risco,,2026-03-27T20:33:16.601Z
69c6eaba4f3e7eb1d6eb133e,ambiente,35.6,88,1733,1.396557,lote_L,sem risco,sem risco,,2026-03-27T20:38:18.169Z
69c6ebe44f3e7eb1d6eb133f,ambiente,35.6,88,1741,1.403004,lote_L,sem risco,sem risco,,2026-03-27T20:43:16.405Z
69c6ed114f3e7eb1d6eb1340,ambiente,35.6,88,1747,1.407839,lote_L,sem risco,sem risco,,2026-03-27T20:48:17.118Z
69c6ee3c4f3e7eb1d6eb1341,ambiente,35.2,88,1756,1.415092,lote_L,sem risco,sem risco,,2026-03-27T20:53:16.534Z
69c6ef6a4f3e7eb1d6eb1342,ambiente,35.2,89,1758,1.416703,lote_L,sem risco,sem risco,,2026-03-27T20:58:18.115Z
69c6f0944f3e7eb1d6eb1343,ambiente,34.7,90,1765,1.422344,lote_L,sem risco,sem risco,,2026-03-27T21:03:16.445Z
69c6f1c14f3e7eb1d6eb1344,ambiente,34.7,90,1771,1.427179,lote_L,sem risco,sem risco,,2026-03-27T21:08:17.135Z
69c6f2ec4f3e7eb1d6eb1345,ambiente,34.7,90,1774,1.429597,lote_L,sem risco,sem risco,,2026-03-27T21:13:16.450Z
69c6f4184f3e7eb1d6eb1346,ambiente,34.7,90,1776,1.431209,lote_L,sem risco,sem risco,,2026-03-27T21:18:16.928Z
69c6f5444f3e7eb1d6eb1347,ambiente,34.7,90,1778,1.432821,lote_L,sem risco,sem risco,,2026-03-27T21:23:16.552Z
69c6f6704f3e7eb1d6eb1348,ambiente,34.7,90,1782,1.436044,lote_L,sem risco,sem risco,,2026-03-27T21:28:16.628Z
69c6f79c4f3e7eb1d6eb1349,ambiente,34.7,90,1785,1.438462,lote_L,sem risco,sem risco,,2026-03-27T21:33:16.499Z
69c6f8c84f3e7eb1d6eb134a,ambiente,34.2,90,1790,1.442491,lote_L,sem risco,sem risco,,2026-03-27T21:38:16.513Z
69c6f9f44f3e7eb1d6eb134b,ambiente,34.2,90,1789,1.441685,lote_L,sem risco,sem risco,,2026-03-27T21:43:16.698Z
69c6fb204f3e7eb1d6eb134c,ambiente,34.2,90,1792,1.444103,lote_L,sem risco,sem risco,,2026-03-27T21:48:16.730Z
69c6fc4c4f3e7eb1d6eb134d,ambiente,34.2,90,1790,1.442491,lote_L,sem risco,sem risco,,2026-03-27T21:53:16.562Z
69c6fd784f3e7eb1d6eb134e,ambiente,34.2,90,1794,1.445714,lote_L,sem risco,sem risco,,2026-03-27T21:58:16.595Z
69c6fea44f3e7eb1d6eb134f,ambiente,34.2,90,1800,1.450549,lote_L,sem risco,sem risco,,2026-03-27T22:03:16.745Z
69c6ffd04f3e7eb1d6eb1350,ambiente,34.2,90,1801,1.451355,lote_L,sem risco,sem risco,,2026-03-27T22:08:16.787Z
69c700fc4f3e7eb1d6eb1351,ambiente,34.2,90,1802,1.452161,lote_L,sem risco,sem risco,,2026-03-27T22:13:16.606Z
69c702284f3e7eb1d6eb1352,ambiente,34.2,90,1804,1.453773,lote_L,sem risco,sem risco,,2026-03-27T22:18:16.731Z
69c703574f3e7eb1d6eb1353,ambiente,34.2,90,1804,1.453773,lote_L,sem risco,sem risco,,2026-03-27T22:23:19.491Z
69c704804f3e7eb1d6eb1354,ambiente,33.8,90,1804,1.453773,lote_L,sem risco,sem risco,,2026-03-27T22:28:16.610Z
69c705ac4f3e7eb1d6eb1355,ambiente,33.8,90,1806,1.455385,lote_L,sem risco,sem risco,,2026-03-27T22:33:16.725Z
69c706d94f3e7eb1d6eb1356,ambiente,33.8,90,1807,1.45619,lote_L,sem risco,sem risco,,2026-03-27T22:38:17.127Z
69c708044f3e7eb1d6eb1357,ambiente,33.8,90,1807,1.45619,lote_L,sem risco,sem risco,,2026-03-27T22:43:16.613Z
69c709304f3e7eb1d6eb1358,ambiente,33.8,90,1809,1.457802,lote_L,sem risco,sem risco,,2026-03-27T22:48:16.650Z
69c70a5c4f3e7eb1d6eb1359,ambiente,33.8,90,1807,1.45619,lote_L,sem risco,sem risco,,2026-03-27T22:53:16.788Z
69c70b884f3e7eb1d6eb135a,ambiente,33.8,90,1805,1.454579,lote_L,sem risco,sem risco,,2026-03-27T22:58:16.934Z
69c70cb44f3e7eb1d6eb135b,ambiente,33.6,90,1793,1.444908,lote_L,sem risco,sem risco,,2026-03-27T23:03:16.780Z
69c70de04f3e7eb1d6eb135c,ambiente,33.3,90,1765,1.422344,lote_L,sem risco,sem risco,,2026-03-27T23:08:16.910Z
69c70f0d4f3e7eb1d6eb135d,ambiente,33.3,90,1776,1.431209,lote_L,sem risco,sem risco,,2026-03-27T23:13:17.076Z
69c710384f3e7eb1d6eb135e,ambiente,32.8,91,1763,1.420733,lote_L,sem risco,sem risco,,2026-03-27T23:18:16.886Z
69c711644f3e7eb1d6eb135f,ambiente,32.8,91,1748,1.408645,lote_L,sem risco,sem risco,,2026-03-27T23:23:16.716Z
69c712904f3e7eb1d6eb1360,ambiente,32.8,91,1710,1.378022,lote_L,sem risco,sem risco,,2026-03-27T23:28:16.965Z
69c713bc4f3e7eb1d6eb1361,ambiente,32.8,91,1735,1.398168,lote_L,sem risco,sem risco,,2026-03-27T23:33:16.882Z
69c714e84f3e7eb1d6eb1362,ambiente,32.8,91,1753,1.412674,lote_L,sem risco,sem risco,,2026-03-27T23:38:16.929Z
69c716144f3e7eb1d6eb1363,ambiente,32.8,91,1769,1.425568,lote_L,sem risco,sem risco,,2026-03-27T23:43:16.964Z
69c717404f3e7eb1d6eb1364,ambiente,32.8,91,1775,1.430403,lote_L,sem risco,sem risco,,2026-03-27T23:48:16.916Z
69c7186c4f3e7eb1d6eb1365,ambiente,32.8,91,1772,1.427985,lote_L,sem risco,sem risco,,2026-03-27T23:53:16.929Z
69c719994f3e7eb1d6eb1366,ambiente,32.8,91,1776,1.431209,lote_L,sem risco,sem risco,,2026-03-27T23:58:17.173Z
69c71ac44f3e7eb1d6eb1367,ambiente,32.8,91,1783,1.43685,lote_L,sem risco,sem risco,,2026-03-28T00:03:16.868Z
69c71bf04f3e7eb1d6eb1368,ambiente,32.8,91,1786,1.439267,lote_L,sem risco,sem risco,,2026-03-28T00:08:16.931Z
69c71d1c4f3e7eb1d6eb1369,ambiente,32.8,91,1777,1.432015,lote_L,sem risco,sem risco,,2026-03-28T00:13:16.797Z
69c71e494f3e7eb1d6eb136a,ambiente,32.8,91,1784,1.437656,lote_L,sem risco,sem risco,,2026-03-28T00:18:17.924Z
69c71f744f3e7eb1d6eb136b,ambiente,32.8,91,1785,1.438462,lote_L,sem risco,sem risco,,2026-03-28T00:23:16.731Z
69c720a04f3e7eb1d6eb136c,ambiente,32.3,91,1780,1.434432,lote_L,sem risco,sem risco,,2026-03-28T00:28:16.931Z
69c721cd4f3e7eb1d6eb136d,ambiente,32.3,91,1777,1.432015,lote_L,sem risco,sem risco,,2026-03-28T00:33:17.005Z
69c722f94f3e7eb1d6eb136e,ambiente,32.3,91,1783,1.43685,lote_L,sem risco,sem risco,,2026-03-28T00:38:17.618Z
69c724244f3e7eb1d6eb136f,ambiente,32.3,91,1784,1.437656,lote_L,sem risco,sem risco,,2026-03-28T00:43:16.796Z
69c725544f3e7eb1d6eb1370,ambiente,32.3,91,1780,1.434432,lote_L,sem risco,sem risco,,2026-03-28T00:48:20.243Z
69c7267c4f3e7eb1d6eb1371,ambiente,32.3,91,1758,1.416703,lote_L,sem risco,sem risco,,2026-03-28T00:53:16.846Z
69c727a94f3e7eb1d6eb1372,ambiente,32.3,91,1778,1.432821,lote_L,sem risco,sem risco,,2026-03-28T00:58:17.210Z
69c728d54f3e7eb1d6eb1373,ambiente,32.3,91,1783,1.43685,lote_L,sem risco,sem risco,,2026-03-28T01:03:17.037Z
69c72a004f3e7eb1d6eb1374,ambiente,32.3,91,1791,1.443297,lote_L,sem risco,sem risco,,2026-03-28T01:08:16.816Z
69c72b2c4f3e7eb1d6eb1375,ambiente,32.3,91,1792,1.444103,lote_L,sem risco,sem risco,,2026-03-28T01:13:16.890Z
69c72c594f3e7eb1d6eb1376,ambiente,32.3,91,1797,1.448132,lote_L,sem risco,sem risco,,2026-03-28T01:18:17.033Z
69c72d854f3e7eb1d6eb1377,ambiente,32.2,91,1790,1.442491,lote_L,sem risco,sem risco,,2026-03-28T01:23:17.056Z
69c72eb04f3e7eb1d6eb1378,ambiente,31.8,91,1797,1.448132,lote_L,sem risco,sem risco,,2026-03-28T01:28:16.860Z
69c72fdd4f3e7eb1d6eb1379,ambiente,31.8,91,1793,1.444908,lote_L,sem risco,sem risco,,2026-03-28T01:33:17.748Z
69c7310a4f3e7eb1d6eb137a,ambiente,31.8,91,1804,1.453773,lote_L,sem risco,sem risco,,2026-03-28T01:38:18.110Z
69c732344f3e7eb1d6eb137b,ambiente,31.8,91,1809,1.457802,lote_L,sem risco,sem risco,,2026-03-28T01:43:16.864Z
69c733614f3e7eb1d6eb137c,ambiente,31.8,91,1803,1.452967,lote_L,sem risco,sem risco,,2026-03-28T01:48:17.052Z
69c7348d4f3e7eb1d6eb137d,ambiente,31.8,91,1803,1.452967,lote_L,sem risco,sem risco,,2026-03-28T01:53:17.147Z
69c735b94f3e7eb1d6eb137e,ambiente,31.8,91,1801,1.451355,lote_L,sem risco,sem risco,,2026-03-28T01:58:17.118Z
69c736e54f3e7eb1d6eb137f,ambiente,31.8,91,1795,1.44652,lote_L,sem risco,sem risco,,2026-03-28T02:03:17.052Z
69c738114f3e7eb1d6eb1380,ambiente,31.8,91,1798,1.448938,lote_L,sem risco,sem risco,,2026-03-28T02:08:17.186Z
69c7393d4f3e7eb1d6eb1381,ambiente,31.8,91,1793,1.444908,lote_L,sem risco,sem risco,,2026-03-28T02:13:17.116Z
69c73a684f3e7eb1d6eb1382,ambiente,31.8,91,1778,1.432821,lote_L,sem risco,sem risco,,2026-03-28T02:18:16.956Z
69c73b944f3e7eb1d6eb1383,ambiente,31.3,91,1791,1.443297,lote_L,sem risco,sem risco,,2026-03-28T02:23:16.993Z
69c73cc14f3e7eb1d6eb1384,ambiente,31.3,91,1793,1.444908,lote_L,sem risco,sem risco,,2026-03-28T02:28:17.145Z
69c73ded4f3e7eb1d6eb1385,ambiente,31.3,91,1797,1.448132,lote_L,sem risco,sem risco,,2026-03-28T02:33:17.793Z
69c73f184f3e7eb1d6eb1386,ambiente,31.3,91,1792,1.444103,lote_L,sem risco,sem risco,,2026-03-28T02:38:16.946Z
69c740454f3e7eb1d6eb1387,ambiente,31.3,91,1794,1.445714,lote_L,sem risco,sem risco,,2026-03-28T02:43:17.239Z
69c741714f3e7eb1d6eb1388,ambiente,31.3,91,1776,1.431209,lote_L,sem risco,sem risco,,2026-03-28T02:48:17.179Z
69c7429d4f3e7eb1d6eb1389,ambiente,31.3,91,1790,1.442491,lote_L,sem risco,sem risco,,2026-03-28T02:53:17.208Z
69c743c94f3e7eb1d6eb138a,ambiente,31.3,91,1793,1.444908,lote_L,sem risco,sem risco,,2026-03-28T02:58:17.143Z
69c744f54f3e7eb1d6eb138b,ambiente,31.3,91,1798,1.448938,lote_L,sem risco,sem risco,,2026-03-28T03:03:17.083Z
69c746214f3e7eb1d6eb138c,ambiente,31.3,91,1801,1.451355,lote_L,sem risco,sem risco,,2026-03-28T03:08:17.184Z
69c7474d4f3e7eb1d6eb138d,ambiente,31.3,91,1804,1.453773,lote_L,sem risco,sem risco,,2026-03-28T03:13:17.362Z
69c7487c4f3e7eb1d6eb138e,ambiente,30.8,91,1801,1.451355,lote_L,sem risco,sem risco,,2026-03-28T03:18:20.252Z
69c749a54f3e7eb1d6eb138f,ambiente,30.8,91,1795,1.44652,lote_L,sem risco,sem risco,,2026-03-28T03:23:17.176Z
69c74ad14f3e7eb1d6eb1390,ambiente,30.8,91,1800,1.450549,lote_L,sem risco,sem risco,,2026-03-28T03:28:17.359Z
69c74bfd4f3e7eb1d6eb1391,ambiente,30.8,91,1805,1.454579,lote_L,sem risco,sem risco,,2026-03-28T03:33:17.086Z
69c74d294f3e7eb1d6eb1392,ambiente,30.8,91,1809,1.457802,lote_L,sem risco,sem risco,,2026-03-28T03:38:17.227Z
69c74e554f3e7eb1d6eb1393,ambiente,30.8,91,1807,1.45619,lote_L,sem risco,sem risco,,2026-03-28T03:43:17.230Z
69c74f814f3e7eb1d6eb1394,ambiente,30.8,91,1821,1.467473,lote_L,sem risco,sem risco,,2026-03-28T03:48:17.240Z
69c750ad4f3e7eb1d6eb1395,ambiente,30.8,91,1830,1.474725,lote_L,sem risco,sem risco,,2026-03-28T03:53:17.206Z
69c751dc4f3e7eb1d6eb1396,ambiente,30.8,91,1835,1.478755,lote_L,sem risco,sem risco,,2026-03-28T03:58:20.001Z
69c753054f3e7eb1d6eb1397,ambiente,30.8,91,1839,1.481978,lote_L,sem risco,sem risco,,2026-03-28T04:03:17.270Z
69c754314f3e7eb1d6eb1398,ambiente,30.8,91,1844,1.486007,lote_L,sem risco,sem risco,,2026-03-28T04:08:17.263Z
69c7555d4f3e7eb1d6eb1399,ambiente,30.8,91,1849,1.490037,lote_L,sem risco,sem risco,,2026-03-28T04:13:17.246Z
69c756894f3e7eb1d6eb139a,ambiente,30.8,91,1853,1.49326,lote_L,sem risco,sem risco,,2026-03-28T04:18:17.453Z
69c757b54f3e7eb1d6eb139b,ambiente,30.8,91,1854,1.494066,lote_L,sem risco,sem risco,,2026-03-28T04:23:17.250Z
69c758e14f3e7eb1d6eb139c,ambiente,30.8,91,1839,1.481978,lote_L,sem risco,sem risco,,2026-03-28T04:28:17.175Z
69c75a0d4f3e7eb1d6eb139d,ambiente,30.8,91,1825,1.470696,lote_L,sem risco,sem risco,,2026-03-28T04:33:17.526Z
69c75b394f3e7eb1d6eb139e,ambiente,30.8,91,1810,1.458608,lote_L,sem risco,sem risco,,2026-03-28T04:38:17.458Z
69c75c654f3e7eb1d6eb139f,ambiente,30.8,91,1807,1.45619,lote_L,sem risco,sem risco,,2026-03-28T04:43:17.264Z
69c75d914f3e7eb1d6eb13a0,ambiente,30.8,91,1804,1.453773,lote_L,sem risco,sem risco,,2026-03-28T04:48:17.427Z
69c75ebd4f3e7eb1d6eb13a1,ambiente,30.8,91,1806,1.455385,lote_L,sem risco,sem risco,,2026-03-28T04:53:17.407Z
69c75fe94f3e7eb1d6eb13a2,ambiente,30.8,91,1801,1.451355,lote_L,sem risco,sem risco,,2026-03-28T04:58:17.434Z
69c761154f3e7eb1d6eb13a3,ambiente,30.8,91,1796,1.447326,lote_L,sem risco,sem risco,,2026-03-28T05:03:17.449Z
69c762414f3e7eb1d6eb13a4,ambiente,30.8,91,1791,1.443297,lote_L,sem risco,sem risco,,2026-03-28T05:08:17.366Z
69c7636d4f3e7eb1d6eb13a5,ambiente,30.8,91,1781,1.435238,lote_L,sem risco,sem risco,,2026-03-28T05:13:17.504Z
69c764994f3e7eb1d6eb13a6,ambiente,30.8,91,1781,1.435238,lote_L,sem risco,sem risco,,2026-03-28T05:18:17.551Z
69c765c54f3e7eb1d6eb13a7,ambiente,30.8,91,1774,1.429597,lote_L,sem risco,sem risco,,2026-03-28T05:23:17.412Z
69c766f14f3e7eb1d6eb13a8,ambiente,30.8,91,1767,1.423956,lote_L,sem risco,sem risco,,2026-03-28T05:28:17.519Z
69c7681d4f3e7eb1d6eb13a9,ambiente,30.8,91,1776,1.431209,lote_L,sem risco,sem risco,,2026-03-28T05:33:17.555Z
69c769494f3e7eb1d6eb13aa,ambiente,30.8,91,1774,1.429597,lote_L,sem risco,sem risco,,2026-03-28T05:38:17.387Z
69c76a754f3e7eb1d6eb13ab,ambiente,30.8,91,1770,1.426374,lote_L,sem risco,sem risco,,2026-03-28T05:43:17.380Z
69c76ba14f3e7eb1d6eb13ac,ambiente,30.8,91,1773,1.428791,lote_L,sem risco,sem risco,,2026-03-28T05:48:17.450Z
69c76ccd4f3e7eb1d6eb13ad,ambiente,30.8,91,1774,1.429597,lote_L,sem risco,sem risco,,2026-03-28T05:53:17.477Z
69c76df94f3e7eb1d6eb13ae,ambiente,30.8,91,1771,1.427179,lote_L,sem risco,sem risco,,2026-03-28T05:58:17.415Z
69c76f254f3e7eb1d6eb13af,ambiente,30.7,91,1781,1.435238,lote_L,sem risco,sem risco,,2026-03-28T06:03:17.577Z
69c770514f3e7eb1d6eb13b0,ambiente,30.2,91,1789,1.441685,lote_L,sem risco,sem risco,,2026-03-28T06:08:17.609Z
69c7717d4f3e7eb1d6eb13b1,ambiente,30.2,91,1793,1.444908,lote_L,sem risco,sem risco,,2026-03-28T06:13:17.343Z
69c772a94f3e7eb1d6eb13b2,ambiente,30.2,91,1763,1.420733,lote_L,sem risco,sem risco,,2026-03-28T06:18:17.473Z
69c773d54f3e7eb1d6eb13b3,ambiente,30.2,91,1732,1.395751,lote_L,sem risco,sem risco,,2026-03-28T06:23:17.612Z
69c775014f3e7eb1d6eb13b4,ambiente,30.2,91,1702,1.371575,lote_L,sem risco,sem risco,,2026-03-28T06:28:17.297Z
69c7762d4f3e7eb1d6eb13b5,ambiente,30.2,90,1695,1.365934,lote_L,sem risco,sem risco,,2026-03-28T06:33:17.495Z
69c777594f3e7eb1d6eb13b6,ambiente,30.2,90,1698,1.368352,lote_L,sem risco,sem risco,,2026-03-28T06:38:17.529Z
69c778854f3e7eb1d6eb13b7,ambiente,30.2,90,1692,1.363516,lote_L,sem risco,sem risco,,2026-03-28T06:43:17.650Z
69c779b14f3e7eb1d6eb13b8,ambiente,30.2,90,1690,1.361905,lote_L,sem risco,sem risco,,2026-03-28T06:48:17.486Z
69c77add4f3e7eb1d6eb13b9,ambiente,30.2,90,1685,1.357875,lote_L,sem risco,sem risco,,2026-03-28T06:53:17.628Z
69c77c094f3e7eb1d6eb13ba,ambiente,30.2,90,1707,1.375604,lote_L,sem risco,sem risco,,2026-03-28T06:58:17.676Z
69c77d384f3e7eb1d6eb13bb,ambiente,30.2,90,1754,1.41348,lote_L,sem risco,sem risco,,2026-03-28T07:03:20.355Z
69c77e614f3e7eb1d6eb13bc,ambiente,30.2,91,1781,1.435238,lote_L,sem risco,sem risco,,2026-03-28T07:08:17.641Z
69c77f8d4f3e7eb1d6eb13bd,ambiente,30.2,91,1797,1.448132,lote_L,sem risco,sem risco,,2026-03-28T07:13:17.475Z
69c780b94f3e7eb1d6eb13be,ambiente,30.2,91,1812,1.46022,lote_L,sem risco,sem risco,,2026-03-28T07:18:17.813Z
69c781e54f3e7eb1d6eb13bf,ambiente,30.2,91,1831,1.475531,lote_L,sem risco,sem risco,,2026-03-28T07:23:17.437Z
69c783114f3e7eb1d6eb13c0,ambiente,30.2,91,1841,1.48359,lote_L,sem risco,sem risco,,2026-03-28T07:28:17.674Z
69c7843d4f3e7eb1d6eb13c1,ambiente,30.2,91,1851,1.491648,lote_L,sem risco,sem risco,,2026-03-28T07:33:17.717Z
69c785694f3e7eb1d6eb13c2,ambiente,29.8,92,1862,1.500513,lote_L,sem risco,sem risco,,2026-03-28T07:38:17.860Z
69c786954f3e7eb1d6eb13c3,ambiente,29.8,92,1870,1.50696,lote_L,sem risco,sem risco,,2026-03-28T07:43:17.482Z
69c787c14f3e7eb1d6eb13c4,ambiente,29.8,92,1876,1.511795,lote_L,sem risco,sem risco,,2026-03-28T07:48:17.661Z
69c788ed4f3e7eb1d6eb13c5,ambiente,29.8,92,1884,1.518242,lote_L,sem risco,sem risco,,2026-03-28T07:53:17.652Z
69c78a194f3e7eb1d6eb13c6,ambiente,29.8,92,1891,1.523883,lote_L,sem risco,sem risco,,2026-03-28T07:58:17.482Z
69c78b454f3e7eb1d6eb13c7,ambiente,29.8,92,1897,1.528718,lote_L,sem risco,sem risco,,2026-03-28T08:03:17.650Z
69c78c714f3e7eb1d6eb13c8,ambiente,29.8,92,1903,1.533553,lote_L,sem risco,madura,42,2026-03-28T08:08:17.730Z
69c78d9d4f3e7eb1d6eb13c9,ambiente,29.8,92,1901,1.531941,lote_L,sem risco,madura,42,2026-03-28T08:13:17.659Z
69c78ec94f3e7eb1d6eb13ca,ambiente,29.8,92,1910,1.539194,lote_L,sem risco,madura,42,2026-03-28T08:18:17.531Z
69c78ff54f3e7eb1d6eb13cb,ambiente,29.8,92,1913,1.541612,lote_L,sem risco,madura,42,2026-03-28T08:23:17.562Z
69c791214f3e7eb1d6eb13cc,ambiente,29.3,92,1919,1.546447,lote_L,sem risco,madura,42,2026-03-28T08:28:17.702Z
69c7924d4f3e7eb1d6eb13cd,ambiente,29.3,92,1924,1.550476,lote_L,sem risco,madura,42,2026-03-28T08:33:17.634Z
69c793794f3e7eb1d6eb13ce,ambiente,29.3,92,1923,1.54967,lote_L,sem risco,madura,42,2026-03-28T08:38:17.872Z
69c794a54f3e7eb1d6eb13cf,ambiente,29.3,92,1930,1.555311,lote_L,sem risco,madura,42,2026-03-28T08:43:17.569Z
69c795d24f3e7eb1d6eb13d0,ambiente,29.3,92,1930,1.555311,lote_L,sem risco,madura,42,2026-03-28T08:48:18.120Z
69c796fd4f3e7eb1d6eb13d1,ambiente,29.3,92,1932,1.556923,lote_L,sem risco,madura,42,2026-03-28T08:53:17.749Z
69c798294f3e7eb1d6eb13d2,ambiente,29.3,92,1937,1.560952,lote_L,sem risco,madura,42,2026-03-28T08:58:17.610Z
69c799554f3e7eb1d6eb13d3,ambiente,29.3,92,1939,1.562564,lote_L,sem risco,madura,42,2026-03-28T09:03:17.752Z
69c79a814f3e7eb1d6eb13d4,ambiente,29.3,92,1939,1.562564,lote_L,sem risco,madura,42,2026-03-28T09:08:17.785Z
69c79bad4f3e7eb1d6eb13d5,ambiente,29,92,1942,1.564982,lote_L,sem risco,madura,42,2026-03-28T09:13:17.717Z
69c79cd94f3e7eb1d6eb13d6,ambiente,28.9,92,1945,1.567399,lote_L,sem risco,madura,42,2026-03-28T09:18:17.913Z
69c79e054f3e7eb1d6eb13d7,ambiente,28.9,92,1949,1.570623,lote_L,sem risco,madura,42,2026-03-28T09:23:17.809Z
69c79f324f3e7eb1d6eb13d8,ambiente,28.9,92,1950,1.571429,lote_L,sem risco,madura,42,2026-03-28T09:28:18.156Z
69c7a05d4f3e7eb1d6eb13d9,ambiente,28.9,92,1951,1.572234,lote_L,sem risco,madura,42,2026-03-28T09:33:17.652Z
69c7a1894f3e7eb1d6eb13da,ambiente,28.9,92,1952,1.57304,lote_L,sem risco,madura,42,2026-03-28T09:38:17.983Z
69c7a2b64f3e7eb1d6eb13db,ambiente,28.9,92,1958,1.577875,lote_L,sem risco,madura,42,2026-03-28T09:43:18.994Z
69c7a3e14f3e7eb1d6eb13dc,ambiente,28.9,92,1960,1.579487,lote_L,sem risco,madura,42,2026-03-28T09:48:17.680Z
69c7a50d4f3e7eb1d6eb13dd,ambiente,28.9,92,1962,1.581099,lote_L,sem risco,madura,42,2026-03-28T09:53:17.812Z
69c7a63a4f3e7eb1d6eb13de,ambiente,28.9,92,1965,1.583516,lote_L,sem risco,madura,42,2026-03-28T09:58:18.565Z
69c7a7654f3e7eb1d6eb13df,ambiente,28.9,92,1962,1.581099,lote_L,sem risco,madura,42,2026-03-28T10:03:17.686Z
69c7a8914f3e7eb1d6eb13e0,ambiente,28.9,92,1967,1.585128,lote_L,sem risco,madura,42,2026-03-28T10:08:17.821Z
69c7a9bd4f3e7eb1d6eb13e1,ambiente,28.5,92,1970,1.587546,lote_L,sem risco,madura,42,2026-03-28T10:13:17.754Z
69c7aaea4f3e7eb1d6eb13e2,ambiente,28.5,92,1971,1.588352,lote_L,sem risco,madura,42,2026-03-28T10:18:18.044Z
69c7ac154f3e7eb1d6eb13e3,ambiente,28.5,92,1968,1.585934,lote_L,sem risco,madura,42,2026-03-28T10:23:17.929Z
69c7ad424f3e7eb1d6eb13e4,ambiente,28.5,92,1973,1.589963,lote_L,sem risco,madura,42,2026-03-28T10:28:18.971Z
69c7ae6f4f3e7eb1d6eb13e5,ambiente,28.5,92,1976,1.592381,lote_L,sem risco,madura,42,2026-03-28T10:33:19.109Z
69c7af9b4f3e7eb1d6eb13e6,ambiente,28.5,92,1978,1.593993,lote_L,sem risco,madura,42,2026-03-28T10:38:19.138Z
69c7b0c74f3e7eb1d6eb13e7,ambiente,28.5,92,1982,1.597216,lote_L,sem risco,madura,42,2026-03-28T10:43:19.052Z
69c7b1f34f3e7eb1d6eb13e8,ambiente,28.5,92,1981,1.59641,lote_L,sem risco,madura,42,2026-03-28T10:48:19.042Z
69c7b31e4f3e7eb1d6eb13e9,ambiente,28.5,92,1984,1.598828,lote_L,sem risco,madura,42,2026-03-28T10:53:18.983Z
69c7b44b4f3e7eb1d6eb13ea,ambiente,28.5,92,1986,1.60044,lote_L,sem risco,madura,42,2026-03-28T10:58:19.039Z
69c7b5774f3e7eb1d6eb13eb,ambiente,28.5,92,1987,1.601245,lote_L,sem risco,madura,42,2026-03-28T11:03:19.002Z
69c7b6a34f3e7eb1d6eb13ec,ambiente,28.5,92,1987,1.601245,lote_L,sem risco,madura,42,2026-03-28T11:08:19.309Z
69c7b7cf4f3e7eb1d6eb13ed,ambiente,28.5,92,1990,1.603663,lote_L,sem risco,madura,42,2026-03-28T11:13:19.144Z
69c7b8fb4f3e7eb1d6eb13ee,ambiente,28.5,92,1990,1.603663,lote_L,sem risco,madura,42,2026-03-28T11:18:19.268Z
69c7ba274f3e7eb1d6eb13ef,ambiente,28.5,92,1992,1.605275,lote_L,sem risco,madura,42,2026-03-28T11:23:19.092Z
69c7bb534f3e7eb1d6eb13f0,ambiente,28.5,92,1996,1.608498,lote_L,sem risco,madura,42,2026-03-28T11:28:19.347Z
69c7bc7f4f3e7eb1d6eb13f1,ambiente,28.5,92,1993,1.606081,lote_L,sem risco,madura,42,2026-03-28T11:33:19.275Z
69c7bdab4f3e7eb1d6eb13f2,ambiente,28.5,92,1997,1.609304,lote_L,sem risco,madura,42,2026-03-28T11:38:19.123Z
69c7bed74f3e7eb1d6eb13f3,ambiente,28.5,92,1997,1.609304,lote_L,sem risco,madura,42,2026-03-28T11:43:19.215Z
69c7c0034f3e7eb1d6eb13f4,ambiente,28.5,92,1997,1.609304,lote_L,sem risco,madura,42,2026-03-28T11:48:19.280Z
69c7c12f4f3e7eb1d6eb13f5,ambiente,28.5,92,2000,1.611722,lote_L,sem risco,madura,42,2026-03-28T11:53:19.117Z
69c7c25b4f3e7eb1d6eb13f6,ambiente,28.5,92,2005,1.615751,lote_L,sem risco,madura,42,2026-03-28T11:58:19.276Z
69c7c3874f3e7eb1d6eb13f7,ambiente,28.5,92,2007,1.617363,lote_L,sem risco,madura,42,2026-03-28T12:03:19.248Z
69c7c4b34f3e7eb1d6eb13f8,ambiente,28.5,92,2010,1.61978,lote_L,sem risco,madura,42,2026-03-28T12:08:19.320Z
69c7c5df4f3e7eb1d6eb13f9,ambiente,28.5,92,2010,1.61978,lote_L,sem risco,madura,42,2026-03-28T12:13:19.254Z
69c7c70b4f3e7eb1d6eb13fa,ambiente,28.5,92,2013,1.622198,lote_L,sem risco,madura,42,2026-03-28T12:18:19.294Z
69c7c8374f3e7eb1d6eb13fb,ambiente,28.5,92,2016,1.624615,lote_L,sem risco,madura,42,2026-03-28T12:23:19.326Z
69c7c9634f3e7eb1d6eb13fc,ambiente,28.5,92,2017,1.625421,lote_L,sem risco,madura,42,2026-03-28T12:28:19.174Z
69c7ca8f4f3e7eb1d6eb13fd,ambiente,28.5,92,2023,1.630256,lote_L,sem risco,madura,42,2026-03-28T12:33:19.820Z
69c7cbbb4f3e7eb1d6eb13fe,ambiente,28.5,92,2027,1.63348,lote_L,sem risco,madura,42,2026-03-28T12:38:19.244Z
69c7cce84f3e7eb1d6eb13ff,ambiente,28.5,92,2030,1.635897,lote_L,sem risco,madura,42,2026-03-28T12:43:20.344Z
69c7ce134f3e7eb1d6eb1400,ambiente,28.5,92,2028,1.634286,lote_L,sem risco,madura,42,2026-03-28T12:48:19.409Z
69c7cf3f4f3e7eb1d6eb1401,ambiente,28.5,92,2031,1.636703,lote_L,sem risco,madura,42,2026-03-28T12:53:19.486Z
69c7d06b4f3e7eb1d6eb1402,ambiente,28.5,92,2040,1.643956,lote_L,sem risco,madura,42,2026-03-28T12:58:19.386Z
69c7d1974f3e7eb1d6eb1403,ambiente,28.5,92,2045,1.647985,lote_L,sem risco,madura,42,2026-03-28T13:03:19.432Z
69c7d2c34f3e7eb1d6eb1404,ambiente,28.5,92,2049,1.651209,lote_L,sem risco,madura,42,2026-03-28T13:08:19.259Z
69c7d3f24f3e7eb1d6eb1405,ambiente,28.9,92,2038,1.642344,lote_L,sem risco,madura,42,2026-03-28T13:13:22.563Z
69c7d51b4f3e7eb1d6eb1406,ambiente,28.9,92,2050,1.652015,lote_L,sem risco,madura,42,2026-03-28T13:18:19.441Z
69c7d6474f3e7eb1d6eb1407,ambiente,28.9,92,2052,1.653626,lote_L,sem risco,madura,42,2026-03-28T13:23:19.919Z
69c7d7734f3e7eb1d6eb1408,ambiente,28.9,92,2055,1.656044,lote_L,sem risco,madura,42,2026-03-28T13:28:19.289Z
69c7d89f4f3e7eb1d6eb1409,ambiente,28.9,92,2061,1.660879,lote_L,sem risco,madura,42,2026-03-28T13:33:19.431Z
69c7d9cb4f3e7eb1d6eb140a,ambiente,28.9,92,2066,1.664908,lote_L,sem risco,madura,42,2026-03-28T13:38:19.501Z
69c7daf74f3e7eb1d6eb140b,ambiente,28.9,92,2059,1.659267,lote_L,sem risco,madura,42,2026-03-28T13:43:19.455Z
69c7dc234f3e7eb1d6eb140c,ambiente,28.9,92,2063,1.662491,lote_L,sem risco,madura,42,2026-03-28T13:48:19.340Z
69c7dd4f4f3e7eb1d6eb140d,ambiente,28.9,92,2069,1.667326,lote_L,sem risco,madura,42,2026-03-28T13:53:19.860Z
69c7de7b4f3e7eb1d6eb140e,ambiente,28.9,92,2072,1.669744,lote_L,sem risco,madura,42,2026-03-28T13:58:19.415Z
69c7dfa74f3e7eb1d6eb140f,ambiente,28.9,92,2072,1.669744,lote_L,sem risco,madura,42,2026-03-28T14:03:19.456Z
69c7e0d34f3e7eb1d6eb1410,ambiente,28.9,92,2080,1.67619,lote_L,sem risco,madura,42,2026-03-28T14:08:19.594Z
69c7e1ff4f3e7eb1d6eb1411,ambiente,29.3,92,2076,1.672967,lote_L,sem risco,madura,42,2026-03-28T14:13:19.581Z
69c7e3304f3e7eb1d6eb1412,ambiente,29.3,92,2080,1.67619,lote_L,sem risco,madura,42,2026-03-28T14:18:24.018Z
69c7e4574f3e7eb1d6eb1413,ambiente,29.3,92,2087,1.681831,lote_L,sem risco,madura,42,2026-03-28T14:23:19.389Z
69c7e5834f3e7eb1d6eb1414,ambiente,29.3,92,2091,1.685055,lote_L,sem risco,madura,42,2026-03-28T14:28:19.487Z
69c7e6af4f3e7eb1d6eb1415,ambiente,29.3,92,2094,1.687473,lote_L,sem risco,madura,42,2026-03-28T14:33:19.766Z
69c7e7db4f3e7eb1d6eb1416,ambiente,29.3,92,2096,1.689084,lote_L,sem risco,madura,42,2026-03-28T14:38:19.594Z
69c7e9074f3e7eb1d6eb1417,ambiente,29.3,92,2090,1.684249,lote_L,sem risco,madura,42,2026-03-28T14:43:19.738Z
69c7ea334f3e7eb1d6eb1418,ambiente,29.3,92,2098,1.690696,lote_L,sem risco,madura,42,2026-03-28T14:48:19.559Z
69c7eb5f4f3e7eb1d6eb1419,ambiente,29.3,92,2100,1.692308,lote_L,sem risco,madura,42,2026-03-28T14:53:19.397Z
69c7ec8b4f3e7eb1d6eb141a,ambiente,29.5,92,2105,1.696337,lote_L,sem risco,madura,42,2026-03-28T14:58:19.494Z
69c7edb74f3e7eb1d6eb141b,ambiente,29.8,92,2113,1.702784,lote_L,sem risco,madura,42,2026-03-28T15:03:19.571Z
69c7eee44f3e7eb1d6eb141c,ambiente,29.8,92,2117,1.706007,lote_L,sem risco,madura,42,2026-03-28T15:08:20.021Z
69c7f00f4f3e7eb1d6eb141d,ambiente,29.8,92,2123,1.710842,lote_L,sem risco,madura,42,2026-03-28T15:13:19.401Z
69c7f13b4f3e7eb1d6eb141e,ambiente,29.8,92,2125,1.712454,lote_L,sem risco,madura,42,2026-03-28T15:18:19.480Z
69c7f2674f3e7eb1d6eb141f,ambiente,29.8,92,2119,1.707619,lote_L,sem risco,madura,42,2026-03-28T15:23:19.639Z
69c7f3944f3e7eb1d6eb1420,ambiente,29.8,92,2122,1.710037,lote_L,sem risco,madura,42,2026-03-28T15:28:20.138Z
69c7f4bf4f3e7eb1d6eb1421,ambiente,30.2,91,2122,1.710037,lote_L,sem risco,madura,42,2026-03-28T15:33:19.420Z
69c7f5eb4f3e7eb1d6eb1422,ambiente,30.2,91,2130,1.716483,lote_L,sem risco,madura,42,2026-03-28T15:38:19.642Z
69c7f7174f3e7eb1d6eb1423,ambiente,30.2,90,2130,1.716483,lote_L,sem risco,madura,42,2026-03-28T15:43:19.655Z
69c7f8434f3e7eb1d6eb1424,ambiente,30.2,90,2132,1.718095,lote_L,sem risco,madura,42,2026-03-28T15:48:19.495Z
69c7f96f4f3e7eb1d6eb1425,ambiente,30.2,90,2136,1.721319,lote_L,sem risco,madura,42,2026-03-28T15:53:19.608Z
69c7fa9b4f3e7eb1d6eb1426,ambiente,30.2,90,2139,1.723736,lote_L,sem risco,madura,42,2026-03-28T15:58:19.769Z
69c7fc394f3e7eb1d6eb1427,banana,30.8,90,2145,1.728571,lote_M,madura,madura,42,2026-03-28T16:05:13.579Z
69c7fd654f3e7eb1d6eb1428,banana,30.8,90,2158,1.739048,lote_M,madura,madura,42,2026-03-28T16:10:13.331Z
69c7fe914f3e7eb1d6eb1429,banana,30.8,90,2170,1.748718,lote_M,madura,madura,42,2026-03-28T16:15:13.484Z
69c7ffbd4f3e7eb1d6eb142a,banana,30.8,90,2171,1.749524,lote_M,madura,madura,42,2026-03-28T16:20:13.695Z
69c800e94f3e7eb1d6eb142b,banana,30.8,90,2176,1.753553,lote_M,madura,madura,42,2026-03-28T16:25:13.515Z
69c802154f3e7eb1d6eb142c,banana,30.8,90,2181,1.757582,lote_M,madura,madura,42,2026-03-28T16:30:13.532Z
69c803414f3e7eb1d6eb142d,banana,31.3,91,2190,1.764835,lote_M,madura,madura,42,2026-03-28T16:35:13.369Z
69c8046d4f3e7eb1d6eb142e,banana,31.3,90,2192,1.766447,lote_M,madura,madura,42,2026-03-28T16:40:13.643Z
69c805994f3e7eb1d6eb142f,banana,31.3,90,2202,1.774505,lote_M,madura,madura,42,2026-03-28T16:45:13.564Z
69c806c54f3e7eb1d6eb1430,banana,31.3,90,2188,1.763223,lote_M,madura,madura,42,2026-03-28T16:50:13.385Z
69c807f14f3e7eb1d6eb1431,banana,31.3,90,2186,1.761612,lote_M,madura,madura,42,2026-03-28T16:55:13.628Z
69c8091d4f3e7eb1d6eb1432,banana,31.8,90,2190,1.764835,lote_M,madura,madura,42,2026-03-28T17:00:13.398Z
69c80a494f3e7eb1d6eb1433,banana,31.8,90,2197,1.770476,lote_M,madura,madura,42,2026-03-28T17:05:13.521Z
69c80b754f3e7eb1d6eb1434,banana,31.8,90,2194,1.768059,lote_M,madura,madura,42,2026-03-28T17:10:13.540Z
69c80ca14f3e7eb1d6eb1435,banana,31.8,90,2192,1.766447,lote_M,madura,madura,42,2026-03-28T17:15:13.464Z
69c80dcd4f3e7eb1d6eb1436,banana,31.8,90,2196,1.76967,lote_M,madura,madura,42,2026-03-28T17:20:13.504Z
69c80ef94f3e7eb1d6eb1437,banana,31.8,90,2196,1.76967,lote_M,madura,madura,42,2026-03-28T17:25:13.644Z
69c810254f3e7eb1d6eb1438,banana,32.3,90,2189,1.764029,lote_M,madura,madura,30,2026-03-28T17:30:13.453Z
69c811514f3e7eb1d6eb1439,banana,32.3,90,2182,1.758388,lote_M,madura,madura,30,2026-03-28T17:35:13.611Z
69c8127d4f3e7eb1d6eb143a,banana,32.3,90,2182,1.758388,lote_M,madura,madura,30,2026-03-28T17:40:13.559Z
69c813aa4f3e7eb1d6eb143b,banana,32.3,90,2180,1.756777,lote_M,madura,madura,30,2026-03-28T17:45:14.816Z
69c814d54f3e7eb1d6eb143c,banana,32.3,90,2190,1.764835,lote_M,madura,madura,30,2026-03-28T17:50:13.554Z
69c816014f3e7eb1d6eb143d,banana,32.3,90,2210,1.780952,lote_M,madura,madura,30,2026-03-28T17:55:13.662Z
69c8172d4f3e7eb1d6eb143e,banana,32.8,90,2224,1.792234,lote_M,madura,madura,30,2026-03-28T18:00:13.782Z
69c818594f3e7eb1d6eb143f,banana,32.8,90,2244,1.808352,lote_M,madura,madura,30,2026-03-28T18:05:13.546Z
69c819854f3e7eb1d6eb1440,banana,32.8,90,2251,1.813993,lote_M,madura,madura,30,2026-03-28T18:10:13.637Z
69c81ab44f3e7eb1d6eb1441,banana,32.8,90,2262,1.822857,lote_M,madura,madura,30,2026-03-28T18:15:16.464Z
69c81bdd4f3e7eb1d6eb1442,banana,32.8,90,2268,1.827692,lote_M,madura,madura,30,2026-03-28T18:20:13.643Z
69c81d094f3e7eb1d6eb1443,banana,33.3,89,2278,1.835751,lote_M,madura,madura,30,2026-03-28T18:25:13.658Z
69c81e354f3e7eb1d6eb1444,banana,33.3,89,2285,1.841392,lote_M,madura,madura,30,2026-03-28T18:30:13.709Z
69c81f614f3e7eb1d6eb1445,banana,33.3,89,2294,1.848645,lote_M,madura,madura,30,2026-03-28T18:35:13.639Z
69c8208d4f3e7eb1d6eb1446,banana,33.3,90,2305,1.857509,lote_M,madura,madura,30,2026-03-28T18:40:13.672Z
69c821ba4f3e7eb1d6eb1447,banana,33.3,90,2307,1.859121,lote_M,madura,madura,30,2026-03-28T18:45:14.022Z
69c822e64f3e7eb1d6eb1448,banana,33.3,90,2319,1.868791,lote_M,madura,madura,30,2026-03-28T18:50:14.254Z
69c824114f3e7eb1d6eb1449,banana,33.3,90,2313,1.863956,lote_M,madura,madura,30,2026-03-28T18:55:13.685Z
69c8253d4f3e7eb1d6eb144a,banana,33.3,90,2311,1.862344,lote_M,madura,madura,30,2026-03-28T19:00:13.674Z
69c826694f3e7eb1d6eb144b,banana,33.8,90,2290,1.845421,lote_M,madura,madura,30,2026-03-28T19:05:13.754Z
69c827954f3e7eb1d6eb144c,banana,33.8,89,2294,1.848645,lote_M,madura,madura,30,2026-03-28T19:10:13.689Z
69c828c14f3e7eb1d6eb144d,banana,33.8,89,2299,1.852674,lote_M,madura,madura,30,2026-03-28T19:15:13.675Z
69c829ed4f3e7eb1d6eb144e,banana,34.2,89,2311,1.862344,lote_M,madura,madura,30,2026-03-28T19:20:13.705Z
69c82b194f3e7eb1d6eb144f,banana,34.2,89,2306,1.858315,lote_M,madura,madura,30,2026-03-28T19:25:13.760Z
69c82c454f3e7eb1d6eb1450,banana,34.2,89,2311,1.862344,lote_M,madura,madura,30,2026-03-28T19:30:13.725Z
69c82d714f3e7eb1d6eb1451,banana,34.7,89,2319,1.868791,lote_M,madura,madura,30,2026-03-28T19:35:13.736Z
69c82e9d4f3e7eb1d6eb1452,banana,34.7,89,2323,1.872015,lote_M,madura,madura,30,2026-03-28T19:40:13.807Z
69c82fc94f3e7eb1d6eb1453,banana,34.7,89,2326,1.874432,lote_M,madura,madura,30,2026-03-28T19:45:13.948Z
69c830f54f3e7eb1d6eb1454,banana,34.7,89,2343,1.888132,lote_M,madura,madura,30,2026-03-28T19:50:13.698Z
69c832214f3e7eb1d6eb1455,banana,35.2,88,2347,1.891355,lote_M,madura,madura,30,2026-03-28T19:55:13.809Z
69c8334d4f3e7eb1d6eb1456,banana,35.2,88,2349,1.892967,lote_M,madura,madura,30,2026-03-28T20:00:13.751Z
69c834794f3e7eb1d6eb1457,banana,35.2,88,2350,1.893773,lote_M,madura,madura,30,2026-03-28T20:05:13.776Z
69c835a54f3e7eb1d6eb1458,banana,35.2,88,2344,1.888938,lote_M,madura,madura,30,2026-03-28T20:10:13.918Z
69c836d14f3e7eb1d6eb1459,banana,35.2,88,2342,1.887326,lote_M,madura,madura,30,2026-03-28T20:15:13.850Z
69c837fd4f3e7eb1d6eb145a,banana,35.6,88,2332,1.879267,lote_M,madura,madura,30,2026-03-28T20:20:13.788Z
69c839294f3e7eb1d6eb145b,banana,35.6,88,2330,1.877656,lote_M,madura,madura,30,2026-03-28T20:25:13.795Z
69c83a554f3e7eb1d6eb145c,banana,35.6,88,2331,1.878461,lote_M,madura,madura,30,2026-03-28T20:30:13.860Z
69c83b814f3e7eb1d6eb145d,banana,35.6,88,2351,1.894579,lote_M,madura,madura,30,2026-03-28T20:35:13.891Z
69c83cad4f3e7eb1d6eb145e,banana,35.6,88,2355,1.897802,lote_M,madura,madura,30,2026-03-28T20:40:13.856Z
69c83dd94f3e7eb1d6eb145f,banana,36.3,88,2370,1.90989,lote_M,madura,madura,30,2026-03-28T20:45:13.863Z
69c83f054f3e7eb1d6eb1460,banana,36.3,88,2373,1.912308,lote_M,madura,madura,30,2026-03-28T20:50:13.902Z
69c840314f3e7eb1d6eb1461,banana,36.3,88,2367,1.907472,lote_M,madura,madura,30,2026-03-28T20:55:13.838Z
69c8415d4f3e7eb1d6eb1462,banana,36.3,88,2350,1.893773,lote_M,madura,madura,30,2026-03-28T21:00:13.873Z
69c8428b4f3e7eb1d6eb1463,banana,36.3,88,2351,1.894579,lote_M,madura,madura,30,2026-03-28T21:05:15.059Z
69c843b54f3e7eb1d6eb1464,banana,36.3,88,2340,1.885714,lote_M,madura,madura,30,2026-03-28T21:10:13.910Z
69c844e14f3e7eb1d6eb1465,banana,35.6,89,2350,1.893773,lote_M,madura,madura,30,2026-03-28T21:15:13.817Z
69c8460d4f3e7eb1d6eb1466,banana,35.6,89,2364,1.905055,lote_M,madura,madura,30,2026-03-28T21:20:13.914Z
69c847394f3e7eb1d6eb1467,banana,35.6,89,2380,1.917949,lote_M,madura,madura,30,2026-03-28T21:25:13.848Z
69c848654f3e7eb1d6eb1468,banana,35.2,89,2374,1.913114,lote_M,madura,madura,30,2026-03-28T21:30:13.887Z
69c849914f3e7eb1d6eb1469,banana,35.2,89,2383,1.920366,lote_M,madura,madura,30,2026-03-28T21:35:13.886Z
69c84abd4f3e7eb1d6eb146a,banana,35.2,89,2389,1.925201,lote_M,madura,madura,30,2026-03-28T21:40:13.910Z
69c84be94f3e7eb1d6eb146b,banana,35.2,89,2382,1.91956,lote_M,madura,madura,30,2026-03-28T21:45:13.883Z
69c84d154f3e7eb1d6eb146c,banana,35.2,89,2368,1.908278,lote_M,madura,madura,30,2026-03-28T21:50:13.919Z
69c84e414f3e7eb1d6eb146d,banana,35.2,89,2367,1.907472,lote_M,madura,madura,30,2026-03-28T21:55:13.971Z
69c84f6e4f3e7eb1d6eb146e,banana,35.2,89,2378,1.916337,lote_M,madura,madura,30,2026-03-28T22:00:14.104Z
69c850994f3e7eb1d6eb146f,banana,35.2,89,2382,1.91956,lote_M,madura,madura,30,2026-03-28T22:05:13.930Z
69c851c64f3e7eb1d6eb1470,banana,35.2,89,2387,1.92359,lote_M,madura,madura,30,2026-03-28T22:10:14.121Z
69c852f24f3e7eb1d6eb1471,banana,35.2,89,2374,1.913114,lote_M,madura,madura,30,2026-03-28T22:15:14.202Z
69c8541e4f3e7eb1d6eb1472,banana,34.7,90,2374,1.913114,lote_M,madura,madura,30,2026-03-28T22:20:14.041Z
69c855494f3e7eb1d6eb1473,banana,34.7,90,2379,1.917143,lote_M,madura,madura,30,2026-03-28T22:25:13.892Z
69c856764f3e7eb1d6eb1474,banana,34.7,90,2387,1.92359,lote_M,madura,madura,30,2026-03-28T22:30:14.108Z
69c857a14f3e7eb1d6eb1475,banana,34.7,90,2395,1.930037,lote_M,madura,madura,30,2026-03-28T22:35:13.941Z
69c858cd4f3e7eb1d6eb1476,banana,34.7,90,2410,1.942124,lote_M,madura,madura,30,2026-03-28T22:40:13.974Z
69c859fa4f3e7eb1d6eb1477,banana,34.7,90,2407,1.939707,lote_M,madura,madura,30,2026-03-28T22:45:14.013Z
69c85b274f3e7eb1d6eb1478,banana,34.7,90,2412,1.943736,lote_M,madura,madura,30,2026-03-28T22:50:15.129Z
69c85c514f3e7eb1d6eb1479,banana,34.2,90,2417,1.947766,lote_M,madura,madura,30,2026-03-28T22:55:13.986Z
69c85d7e4f3e7eb1d6eb147a,banana,34.2,90,2421,1.950989,lote_M,madura,madura,30,2026-03-28T23:00:14.020Z
69c85eaa4f3e7eb1d6eb147b,banana,34.2,90,2417,1.947766,lote_M,madura,madura,30,2026-03-28T23:05:14.400Z
69c85fd54f3e7eb1d6eb147c,banana,33.8,91,2422,1.951795,lote_M,madura,madura,30,2026-03-28T23:10:13.991Z
69c861024f3e7eb1d6eb147d,banana,33.8,91,2420,1.950183,lote_M,madura,madura,30,2026-03-28T23:15:14.047Z
69c8622d4f3e7eb1d6eb147e,banana,33.8,91,2423,1.952601,lote_M,madura,madura,30,2026-03-28T23:20:13.975Z
69c8635a4f3e7eb1d6eb147f,banana,33.8,91,2428,1.95663,lote_M,madura,madura,30,2026-03-28T23:25:14.075Z
69c864864f3e7eb1d6eb1480,banana,33.3,91,2430,1.958242,lote_M,madura,madura,30,2026-03-28T23:30:14.002Z
69c865b24f3e7eb1d6eb1481,banana,33.3,91,2434,1.961465,lote_M,madura,madura,30,2026-03-28T23:35:14.282Z
69c866de4f3e7eb1d6eb1482,banana,33.3,91,2441,1.967106,lote_M,madura,madura,30,2026-03-28T23:40:14.026Z
69c8680a4f3e7eb1d6eb1483,banana,33.3,91,2434,1.961465,lote_M,madura,madura,30,2026-03-28T23:45:14.358Z
69c869364f3e7eb1d6eb1484,banana,33.3,91,2426,1.955018,lote_M,madura,madura,30,2026-03-28T23:50:14.028Z
69c86a624f3e7eb1d6eb1485,banana,33.3,91,2435,1.962271,lote_M,madura,madura,30,2026-03-28T23:55:14.328Z
69c86b8e4f3e7eb1d6eb1486,banana,33.3,91,2438,1.964689,lote_M,madura,madura,30,2026-03-29T00:00:14.020Z
69c86cba4f3e7eb1d6eb1487,banana,32.8,92,2432,1.959854,lote_M,madura,madura,30,2026-03-29T00:05:14.214Z
69c86de64f3e7eb1d6eb1488,banana,32.8,92,2438,1.964689,lote_M,madura,madura,30,2026-03-29T00:10:14.118Z
69c86f124f3e7eb1d6eb1489,banana,32.8,92,2442,1.967912,lote_M,madura,madura,30,2026-03-29T00:15:14.117Z
69c8703e4f3e7eb1d6eb148a,banana,32.8,92,2460,1.982418,lote_M,madura,madura,30,2026-03-29T00:20:14.154Z
69c8716a4f3e7eb1d6eb148b,banana,32.8,92,2472,1.992088,lote_M,madura,madura,30,2026-03-29T00:25:14.131Z
69c872964f3e7eb1d6eb148c,banana,32.8,92,2478,1.996923,lote_M,madura,madura,30,2026-03-29T00:30:14.158Z
69c873c24f3e7eb1d6eb148d,banana,32.8,92,2486,2.00337,lote_M,madura,madura,30,2026-03-29T00:35:14.195Z
69c874ee4f3e7eb1d6eb148e,banana,33.1,91,2491,2.007399,lote_M,madura,madura,30,2026-03-29T00:40:14.094Z
69c8761a4f3e7eb1d6eb148f,banana,33.3,91,2501,2.015458,lote_M,madura,madura,30,2026-03-29T00:45:14.119Z
69c877464f3e7eb1d6eb1490,banana,33.3,91,2509,2.021905,lote_M,madura,madura,30,2026-03-29T00:50:14.311Z
69c878724f3e7eb1d6eb1491,banana,33.3,91,2510,2.022711,lote_M,madura,madura,30,2026-03-29T00:55:14.144Z
69c8799e4f3e7eb1d6eb1492,banana,33.3,91,2511,2.023516,lote_M,madura,madura,30,2026-03-29T01:00:14.130Z
69c87aca4f3e7eb1d6eb1493,banana,33.3,91,2519,2.029963,lote_M,madura,madura,30,2026-03-29T01:05:14.216Z
69c87bf64f3e7eb1d6eb1494,banana,32.8,92,2525,2.034799,lote_M,madura,madura,30,2026-03-29T01:10:14.251Z
69c87d224f3e7eb1d6eb1495,banana,32.8,92,2532,2.04044,lote_M,madura,madura,30,2026-03-29T01:15:14.703Z
69c87e4e4f3e7eb1d6eb1496,banana,32.8,92,2526,2.035604,lote_M,madura,madura,30,2026-03-29T01:20:14.220Z
69c87f7a4f3e7eb1d6eb1497,banana,32.8,92,2533,2.041245,lote_M,madura,madura,30,2026-03-29T01:25:14.413Z
69c880a64f3e7eb1d6eb1498,banana,32.8,92,2534,2.042051,lote_M,madura,madura,30,2026-03-29T01:30:14.300Z
69c881d24f3e7eb1d6eb1499,banana,32.8,92,2537,2.044469,lote_M,madura,madura,30,2026-03-29T01:35:14.225Z
69c882fe4f3e7eb1d6eb149a,banana,32.8,92,2513,2.025128,lote_M,madura,madura,30,2026-03-29T01:40:14.258Z
69c8842a4f3e7eb1d6eb149b,banana,32.8,92,2526,2.035604,lote_M,madura,madura,30,2026-03-29T01:45:14.195Z
69c885564f3e7eb1d6eb149c,banana,32.8,91,2531,2.039634,lote_M,madura,madura,30,2026-03-29T01:50:14.237Z
69c886824f3e7eb1d6eb149d,banana,32.8,92,2534,2.042051,lote_M,madura,madura,30,2026-03-29T01:55:14.199Z
69c887ae4f3e7eb1d6eb149e,banana,32.8,92,2537,2.044469,lote_M,madura,madura,30,2026-03-29T02:00:14.313Z
69c888da4f3e7eb1d6eb149f,banana,32.8,92,2540,2.046886,lote_M,madura,madura,30,2026-03-29T02:05:14.311Z
69c88a064f3e7eb1d6eb14a0,banana,32.8,92,2542,2.048498,lote_M,madura,madura,30,2026-03-29T02:10:14.381Z
69c88b324f3e7eb1d6eb14a1,banana,32.8,92,2547,2.052527,lote_M,madura,madura,30,2026-03-29T02:15:14.242Z
69c88c5e4f3e7eb1d6eb14a2,banana,32.8,92,2544,2.05011,lote_M,madura,madura,30,2026-03-29T02:20:14.344Z
69c88d8a4f3e7eb1d6eb14a3,banana,32.8,92,2535,2.042857,lote_M,madura,madura,30,2026-03-29T02:25:14.286Z
69c88eb64f3e7eb1d6eb14a4,banana,32.8,92,2522,2.032381,lote_M,madura,madura,30,2026-03-29T02:30:14.264Z
69c88fe24f3e7eb1d6eb14a5,banana,32.3,91,2511,2.023516,lote_M,madura,madura,30,2026-03-29T02:35:14.362Z
69c8910e4f3e7eb1d6eb14a6,banana,32.3,91,2501,2.015458,lote_M,madura,madura,30,2026-03-29T02:40:14.357Z
69c8923a4f3e7eb1d6eb14a7,banana,32.3,91,2513,2.025128,lote_M,madura,madura,30,2026-03-29T02:45:14.324Z
69c893664f3e7eb1d6eb14a8,banana,32.3,91,2526,2.035604,lote_M,madura,madura,30,2026-03-29T02:50:14.296Z
69c894924f3e7eb1d6eb14a9,banana,32.3,91,2531,2.039634,lote_M,madura,madura,30,2026-03-29T02:55:14.361Z
69c895be4f3e7eb1d6eb14aa,banana,32.3,92,2537,2.044469,lote_M,madura,madura,30,2026-03-29T03:00:14.359Z
69c896ea4f3e7eb1d6eb14ab,banana,32.3,92,2526,2.035604,lote_M,madura,madura,30,2026-03-29T03:05:14.373Z
69c898164f3e7eb1d6eb14ac,banana,32.3,92,2506,2.019487,lote_M,madura,madura,30,2026-03-29T03:10:14.391Z
69c899424f3e7eb1d6eb14ad,banana,32.3,91,2503,2.01707,lote_M,madura,madura,30,2026-03-29T03:15:14.413Z
69c89a6e4f3e7eb1d6eb14ae,banana,32.3,91,2510,2.022711,lote_M,madura,madura,30,2026-03-29T03:20:14.380Z
69c89b9a4f3e7eb1d6eb14af,banana,32.3,91,2516,2.027546,lote_M,madura,madura,30,2026-03-29T03:25:14.367Z
69c89cc64f3e7eb1d6eb14b0,banana,32.3,91,2529,2.038022,lote_M,madura,madura,30,2026-03-29T03:30:14.401Z
69c89df24f3e7eb1d6eb14b1,banana,32.3,92,2536,2.043663,lote_M,madura,madura,30,2026-03-29T03:35:14.407Z
69c89f1e4f3e7eb1d6eb14b2,banana,31.8,92,2540,2.046886,lote_M,madura,madura,42,2026-03-29T03:40:14.517Z
69c8a04a4f3e7eb1d6eb14b3,banana,31.8,92,2548,2.053333,lote_M,madura,madura,42,2026-03-29T03:45:14.390Z
69c8a1764f3e7eb1d6eb14b4,banana,31.8,92,2553,2.057363,lote_M,madura,madura,42,2026-03-29T03:50:14.497Z
69c8a2a24f3e7eb1d6eb14b5,banana,31.8,92,2554,2.058168,lote_M,madura,madura,42,2026-03-29T03:55:14.651Z
69c8a3ce4f3e7eb1d6eb14b6,banana,31.8,92,2550,2.054945,lote_M,madura,madura,42,2026-03-29T04:00:14.464Z
69c8a4fa4f3e7eb1d6eb14b7,banana,31.8,92,2547,2.052527,lote_M,madura,madura,42,2026-03-29T04:05:14.416Z
69c8a6264f3e7eb1d6eb14b8,banana,31.8,92,2546,2.051722,lote_M,madura,madura,42,2026-03-29T04:10:14.447Z
69c8a7524f3e7eb1d6eb14b9,banana,31.8,92,2551,2.055751,lote_M,madura,madura,42,2026-03-29T04:15:14.573Z
69c8a87e4f3e7eb1d6eb14ba,banana,31.8,92,2556,2.05978,lote_M,madura,madura,42,2026-03-29T04:20:14.451Z
69c8a9aa4f3e7eb1d6eb14bb,banana,31.8,92,2558,2.061392,lote_M,madura,madura,42,2026-03-29T04:25:14.513Z
69c8aad64f3e7eb1d6eb14bc,banana,31.8,92,2559,2.062198,lote_M,madura,madura,42,2026-03-29T04:30:14.477Z
69c8ac024f3e7eb1d6eb14bd,banana,31.8,92,2564,2.066227,lote_M,madura,madura,42,2026-03-29T04:35:14.453Z
69c8ad2e4f3e7eb1d6eb14be,banana,31.8,92,2565,2.067033,lote_M,madura,madura,42,2026-03-29T04:40:14.521Z
69c8ae5a4f3e7eb1d6eb14bf,banana,31.7,92,2573,2.07348,lote_M,madura,madura,42,2026-03-29T04:45:14.485Z
69c8af864f3e7eb1d6eb14c0,banana,31.3,92,2580,2.079121,lote_M,madura,madura,42,2026-03-29T04:50:14.575Z
69c8b0b24f3e7eb1d6eb14c1,banana,31.3,92,2581,2.079927,lote_M,madura,madura,42,2026-03-29T04:55:14.519Z
69c8b1de4f3e7eb1d6eb14c2,banana,31.3,92,2588,2.085568,lote_M,madura,madura,42,2026-03-29T05:00:14.586Z
69c8b30a4f3e7eb1d6eb14c3,banana,31.3,92,2588,2.085568,lote_M,madura,madura,42,2026-03-29T05:05:14.526Z
69c8b4364f3e7eb1d6eb14c4,banana,31.3,92,2592,2.088791,lote_M,madura,madura,42,2026-03-29T05:10:14.492Z
69c8b5624f3e7eb1d6eb14c5,banana,31.3,92,2596,2.092015,lote_M,madura,madura,42,2026-03-29T05:15:14.596Z
69c8b68e4f3e7eb1d6eb14c6,banana,31.3,92,2596,2.092015,lote_M,madura,madura,42,2026-03-29T05:20:14.558Z
69c8b7ba4f3e7eb1d6eb14c7,banana,31.3,92,2591,2.087985,lote_M,madura,madura,42,2026-03-29T05:25:14.541Z
69c8b8e64f3e7eb1d6eb14c8,banana,31.3,92,2599,2.094432,lote_M,madura,madura,42,2026-03-29T05:30:14.608Z
69c8ba124f3e7eb1d6eb14c9,banana,31.3,92,2551,2.055751,lote_M,madura,madura,42,2026-03-29T05:35:14.646Z
69c8bb3e4f3e7eb1d6eb14ca,banana,31.3,92,2549,2.054139,lote_M,madura,madura,42,2026-03-29T05:40:14.675Z
69c8bc6a4f3e7eb1d6eb14cb,banana,30.8,92,2513,2.025128,lote_M,madura,madura,42,2026-03-29T05:45:14.546Z
69c8bd964f3e7eb1d6eb14cc,banana,30.8,92,2482,2.000147,lote_M,madura,madura,42,2026-03-29T05:50:14.631Z
69c8bec24f3e7eb1d6eb14cd,banana,30.8,92,2492,2.008205,lote_M,madura,madura,42,2026-03-29T05:55:14.580Z
69c8bfee4f3e7eb1d6eb14ce,banana,30.8,91,2516,2.027546,lote_M,madura,madura,42,2026-03-29T06:00:14.556Z
69c8c11a4f3e7eb1d6eb14cf,banana,30.8,91,2532,2.04044,lote_M,madura,madura,42,2026-03-29T06:05:14.611Z
69c8c2464f3e7eb1d6eb14d0,banana,30.8,92,2547,2.052527,lote_M,madura,madura,42,2026-03-29T06:10:14.692Z
69c8c3724f3e7eb1d6eb14d1,banana,30.8,92,2550,2.054945,lote_M,madura,madura,42,2026-03-29T06:15:14.640Z
69c8c49e4f3e7eb1d6eb14d2,banana,30.8,92,2556,2.05978,lote_M,madura,madura,42,2026-03-29T06:20:14.601Z
69c8c5ca4f3e7eb1d6eb14d3,banana,30.8,92,2560,2.063004,lote_M,madura,madura,42,2026-03-29T06:25:14.867Z
69c8c6f64f3e7eb1d6eb14d4,banana,30.8,92,2546,2.051722,lote_M,madura,madura,42,2026-03-29T06:30:14.640Z
69c8c8224f3e7eb1d6eb14d5,banana,30.8,92,2517,2.028352,lote_M,madura,madura,42,2026-03-29T06:35:14.618Z
69c8c94e4f3e7eb1d6eb14d6,banana,30.2,92,2541,2.047692,lote_M,madura,madura,42,2026-03-29T06:40:14.811Z
69c8ca7a4f3e7eb1d6eb14d7,banana,30.2,91,2438,1.964689,lote_M,madura,madura,42,2026-03-29T06:45:14.638Z
69c8cba64f3e7eb1d6eb14d8,banana,30.2,91,2475,1.994506,lote_M,madura,madura,42,2026-03-29T06:50:14.673Z
69c8ccd24f3e7eb1d6eb14d9,banana,30.2,91,2503,2.01707,lote_M,madura,madura,42,2026-03-29T06:55:14.626Z
69c8cdfe4f3e7eb1d6eb14da,banana,30.2,91,2521,2.031575,lote_M,madura,madura,42,2026-03-29T07:00:14.745Z
69c8cf2a4f3e7eb1d6eb14db,banana,30.2,91,2529,2.038022,lote_M,madura,madura,42,2026-03-29T07:05:14.691Z
69c8d0564f3e7eb1d6eb14dc,banana,30.2,92,2542,2.048498,lote_M,madura,madura,42,2026-03-29T07:10:14.673Z
69c8d1824f3e7eb1d6eb14dd,banana,30.2,92,2550,2.054945,lote_M,madura,madura,42,2026-03-29T07:15:14.709Z
69c8d2ae4f3e7eb1d6eb14de,banana,30.2,92,2557,2.060586,lote_M,madura,madura,42,2026-03-29T07:20:14.864Z
69c8d3da4f3e7eb1d6eb14df,banana,30.2,92,2560,2.063004,lote_M,madura,madura,42,2026-03-29T07:25:14.824Z
69c8d5064f3e7eb1d6eb14e0,banana,30.2,92,2570,2.071062,lote_M,madura,madura,42,2026-03-29T07:30:14.757Z
69c8d6324f3e7eb1d6eb14e1,banana,29.8,93,2575,2.075092,lote_M,madura,madura,42,2026-03-29T07:35:14.763Z
69c8d75e4f3e7eb1d6eb14e2,banana,29.8,93,2583,2.081538,lote_M,madura,madura,42,2026-03-29T07:40:14.730Z
69c8d88a4f3e7eb1d6eb14e3,banana,29.8,93,2589,2.086374,lote_M,madura,madura,42,2026-03-29T07:45:14.766Z
69c8d9b64f3e7eb1d6eb14e4,banana,29.8,93,2595,2.091209,lote_M,madura,madura,42,2026-03-29T07:50:14.843Z
69c8dae24f3e7eb1d6eb14e5,banana,29.8,93,2601,2.096044,lote_M,madura,alerta,12,2026-03-29T07:55:14.736Z
69c8dc0e4f3e7eb1d6eb14e6,banana,29.8,93,2602,2.09685,lote_M,madura,alerta,12,2026-03-29T08:00:14.772Z
69c8dd3a4f3e7eb1d6eb14e7,banana,29.8,93,2602,2.09685,lote_M,madura,alerta,12,2026-03-29T08:05:14.817Z
69c8de664f3e7eb1d6eb14e8,banana,29.8,93,2606,2.100073,lote_M,madura,alerta,12,2026-03-29T08:10:14.721Z
69c8df924f3e7eb1d6eb14e9,banana,29.8,93,2608,2.101685,lote_M,madura,alerta,12,2026-03-29T08:15:14.893Z
69c8e0bf4f3e7eb1d6eb14ea,banana,29.8,93,2608,2.101685,lote_M,madura,alerta,12,2026-03-29T08:20:15.025Z
69c8e1ea4f3e7eb1d6eb14eb,banana,29.3,93,2613,2.105714,lote_M,madura,alerta,12,2026-03-29T08:25:14.742Z
69c8e3164f3e7eb1d6eb14ec,banana,29.3,93,2616,2.108132,lote_M,madura,alerta,12,2026-03-29T08:30:14.791Z
69c8e4424f3e7eb1d6eb14ed,banana,29.3,93,2617,2.108938,lote_M,madura,alerta,12,2026-03-29T08:35:14.767Z
69c8e56e4f3e7eb1d6eb14ee,banana,29.3,93,2617,2.108938,lote_M,madura,alerta,12,2026-03-29T08:40:14.963Z
69c8e69a4f3e7eb1d6eb14ef,banana,29.3,93,2618,2.109744,lote_M,madura,alerta,12,2026-03-29T08:45:14.784Z
69c8e7c64f3e7eb1d6eb14f0,banana,29.3,93,2621,2.112161,lote_M,madura,alerta,12,2026-03-29T08:50:14.800Z
69c8e8f24f3e7eb1d6eb14f1,banana,29.3,93,2626,2.11619,lote_M,madura,alerta,12,2026-03-29T08:55:14.974Z
69c8ea1e4f3e7eb1d6eb14f2,banana,29.3,93,2630,2.119414,lote_M,madura,alerta,12,2026-03-29T09:00:14.800Z
69c8eb4a4f3e7eb1d6eb14f3,banana,29.3,93,2624,2.114579,lote_M,madura,alerta,12,2026-03-29T09:05:14.946Z
69c8ec764f3e7eb1d6eb14f4,banana,29.3,93,2629,2.118608,lote_M,madura,alerta,12,2026-03-29T09:10:14.809Z
69c8eda34f3e7eb1d6eb14f5,banana,29.3,93,2629,2.118608,lote_M,madura,alerta,12,2026-03-29T09:15:15.019Z
69c8eece4f3e7eb1d6eb14f6,banana,29.3,93,2635,2.123443,lote_M,madura,alerta,12,2026-03-29T09:20:14.844Z
69c8effa4f3e7eb1d6eb14f7,banana,29,93,2629,2.118608,lote_M,madura,alerta,12,2026-03-29T09:25:14.931Z
69c8f1264f3e7eb1d6eb14f8,banana,28.9,93,2632,2.121026,lote_M,madura,alerta,12,2026-03-29T09:30:14.927Z
69c8f2524f3e7eb1d6eb14f9,banana,28.9,93,2633,2.121831,lote_M,madura,alerta,12,2026-03-29T09:35:14.944Z
69c8f37e4f3e7eb1d6eb14fa,banana,28.9,93,2633,2.121831,lote_M,madura,alerta,12,2026-03-29T09:40:14.992Z
69c8f4aa4f3e7eb1d6eb14fb,banana,28.9,93,2637,2.125055,lote_M,madura,alerta,12,2026-03-29T09:45:14.865Z
69c8f5d64f3e7eb1d6eb14fc,banana,28.9,93,2636,2.124249,lote_M,madura,alerta,12,2026-03-29T09:50:14.991Z
69c8f7024f3e7eb1d6eb14fd,banana,28.9,93,2637,2.125055,lote_M,madura,alerta,12,2026-03-29T09:55:14.997Z
69c8f82e4f3e7eb1d6eb14fe,banana,28.9,93,2637,2.125055,lote_M,madura,alerta,12,2026-03-29T10:00:14.876Z
69c8f95a4f3e7eb1d6eb14ff,banana,28.9,93,2637,2.125055,lote_M,madura,alerta,12,2026-03-29T10:05:14.971Z
69c8fa874f3e7eb1d6eb1500,banana,28.9,93,2639,2.126667,lote_M,madura,alerta,12,2026-03-29T10:10:15.122Z
69c8fbb24f3e7eb1d6eb1501,banana,28.9,93,2641,2.128278,lote_M,madura,alerta,12,2026-03-29T10:15:14.946Z
69c8fcde4f3e7eb1d6eb1502,banana,28.9,93,2646,2.132308,lote_M,madura,alerta,12,2026-03-29T10:20:14.907Z
69c8fe0b4f3e7eb1d6eb1503,banana,28.9,93,2647,2.133114,lote_M,madura,alerta,12,2026-03-29T10:25:15.034Z
69c8ff364f3e7eb1d6eb1504,banana,28.9,93,2649,2.134725,lote_M,madura,alerta,12,2026-03-29T10:30:14.913Z
69c900634f3e7eb1d6eb1505,banana,28.9,93,2645,2.131502,lote_M,madura,alerta,12,2026-03-29T10:35:15.090Z
69c9018f4f3e7eb1d6eb1506,banana,28.9,93,2650,2.135531,lote_M,madura,alerta,12,2026-03-29T10:40:15.061Z
69c902bb4f3e7eb1d6eb1507,banana,28.7,93,2650,2.135531,lote_M,madura,alerta,12,2026-03-29T10:45:15.052Z
69c903e74f3e7eb1d6eb1508,banana,28.5,93,2651,2.136337,lote_M,madura,alerta,12,2026-03-29T10:50:15.296Z
69c905124f3e7eb1d6eb1509,banana,28.5,93,2654,2.138755,lote_M,madura,alerta,12,2026-03-29T10:55:14.956Z
69c9063e4f3e7eb1d6eb150a,banana,28.5,93,2659,2.142784,lote_M,madura,alerta,12,2026-03-29T11:00:14.960Z
69c9076a4f3e7eb1d6eb150b,banana,28.5,93,2658,2.141978,lote_M,madura,alerta,12,2026-03-29T11:05:14.998Z
69c9089b4f3e7eb1d6eb150c,banana,28.5,93,2657,2.141172,lote_M,madura,alerta,12,2026-03-29T11:10:19.948Z
69c909c34f3e7eb1d6eb150d,banana,28.5,93,2658,2.141978,lote_M,madura,alerta,12,2026-03-29T11:15:15.071Z
69c90aef4f3e7eb1d6eb150e,banana,28.5,93,2662,2.145201,lote_M,madura,alerta,12,2026-03-29T11:20:15.211Z
69c90c1b4f3e7eb1d6eb150f,banana,28.5,93,2655,2.13956,lote_M,madura,alerta,12,2026-03-29T11:25:15.042Z
69c90d474f3e7eb1d6eb1510,banana,28.5,93,2662,2.145201,lote_M,madura,alerta,12,2026-03-29T11:30:15.079Z
69c90e734f3e7eb1d6eb1511,banana,28.5,93,2664,2.146813,lote_M,madura,alerta,12,2026-03-29T11:35:15.110Z
69c90f9f4f3e7eb1d6eb1512,banana,28.5,93,2663,2.146007,lote_M,madura,alerta,12,2026-03-29T11:40:15.020Z
69c910cb4f3e7eb1d6eb1513,banana,28.5,93,2663,2.146007,lote_M,madura,alerta,12,2026-03-29T11:45:15.038Z
69c911f74f3e7eb1d6eb1514,banana,28.5,93,2666,2.148425,lote_M,madura,alerta,12,2026-03-29T11:50:15.154Z
69c913234f3e7eb1d6eb1515,banana,28.5,93,2666,2.148425,lote_M,madura,alerta,12,2026-03-29T11:55:15.159Z
69c9144f4f3e7eb1d6eb1516,banana,28.5,93,2665,2.147619,lote_M,madura,alerta,12,2026-03-29T12:00:15.062Z
69c9157b4f3e7eb1d6eb1517,banana,28.5,92,2670,2.151648,lote_M,madura,alerta,12,2026-03-29T12:05:15.080Z
69c916a74f3e7eb1d6eb1518,banana,28.5,92,2674,2.154872,lote_M,madura,alerta,12,2026-03-29T12:10:15.075Z
69c917d34f3e7eb1d6eb1519,banana,28.5,92,2668,2.150037,lote_M,madura,alerta,12,2026-03-29T12:15:15.116Z
69c918ff4f3e7eb1d6eb151a,banana,28.5,92,2668,2.150037,lote_M,madura,alerta,12,2026-03-29T12:20:15.142Z
69c91a2b4f3e7eb1d6eb151b,banana,28.9,92,2672,2.15326,lote_M,madura,alerta,12,2026-03-29T12:25:15.276Z
69c91b574f3e7eb1d6eb151c,banana,28.9,92,2667,2.149231,lote_M,madura,alerta,12,2026-03-29T12:30:15.102Z
69c91c834f3e7eb1d6eb151d,banana,28.9,92,2670,2.151648,lote_M,madura,alerta,12,2026-03-29T12:35:15.240Z
69c91daf4f3e7eb1d6eb151e,banana,28.9,92,2676,2.156483,lote_M,madura,alerta,12,2026-03-29T12:40:15.406Z
69c91edb4f3e7eb1d6eb151f,banana,28.9,92,2677,2.157289,lote_M,madura,alerta,12,2026-03-29T12:45:15.122Z
69c920074f3e7eb1d6eb1520,banana,28.9,92,2677,2.157289,lote_M,madura,alerta,12,2026-03-29T12:50:15.362Z
69c921334f3e7eb1d6eb1521,banana,28.9,92,2677,2.157289,lote_M,madura,alerta,12,2026-03-29T12:55:15.184Z
69c9225f4f3e7eb1d6eb1522,banana,28.9,92,2682,2.161319,lote_M,madura,alerta,12,2026-03-29T13:00:15.156Z
69c9238b4f3e7eb1d6eb1523,banana,28.9,92,2686,2.164542,lote_M,madura,alerta,12,2026-03-29T13:05:15.256Z
69c924b74f3e7eb1d6eb1524,banana,28.9,92,2689,2.16696,lote_M,madura,alerta,12,2026-03-29T13:10:15.268Z
69c925e34f3e7eb1d6eb1525,banana,28.9,92,2691,2.168571,lote_M,madura,alerta,12,2026-03-29T13:15:15.226Z
69c9270f4f3e7eb1d6eb1526,banana,28.9,92,2695,2.171795,lote_M,madura,alerta,12,2026-03-29T13:20:15.322Z
69c9283b4f3e7eb1d6eb1527,banana,28.9,92,2698,2.174212,lote_M,madura,alerta,12,2026-03-29T13:25:15.311Z
69c929674f3e7eb1d6eb1528,banana,28.9,92,2702,2.177436,lote_M,madura,alerta,12,2026-03-29T13:30:15.199Z
69c92a934f3e7eb1d6eb1529,banana,29,92,2705,2.179853,lote_M,madura,alerta,12,2026-03-29T13:35:15.481Z
69c92bbf4f3e7eb1d6eb152a,banana,29.3,92,2706,2.180659,lote_M,madura,alerta,12,2026-03-29T13:40:15.314Z
69c92ceb4f3e7eb1d6eb152b,banana,29.3,92,2705,2.179853,lote_M,madura,alerta,12,2026-03-29T13:45:15.259Z
69c92e174f3e7eb1d6eb152c,banana,29.3,92,2709,2.183077,lote_M,madura,alerta,12,2026-03-29T13:50:15.194Z
69c92f434f3e7eb1d6eb152d,banana,29.3,92,2716,2.188718,lote_M,madura,alerta,12,2026-03-29T13:55:15.525Z
69c9306f4f3e7eb1d6eb152e,banana,29.3,92,2718,2.19033,lote_M,madura,alerta,12,2026-03-29T14:00:15.227Z
69c9319b4f3e7eb1d6eb152f,banana,29.3,92,2717,2.189524,lote_M,madura,alerta,12,2026-03-29T14:05:15.254Z
69c932c74f3e7eb1d6eb1530,banana,29.3,92,2726,2.196777,lote_M,madura,alerta,12,2026-03-29T14:10:15.229Z
69c933f34f3e7eb1d6eb1531,banana,29.3,92,2728,2.198388,lote_M,madura,alerta,12,2026-03-29T14:15:15.362Z
69c9351f4f3e7eb1d6eb1532,banana,29.3,92,2727,2.197582,lote_M,madura,alerta,12,2026-03-29T14:20:15.315Z
69c9364b4f3e7eb1d6eb1533,banana,29.3,92,2728,2.198388,lote_M,madura,alerta,12,2026-03-29T14:25:15.339Z
69c937774f3e7eb1d6eb1534,banana,29.8,92,2732,2.201612,lote_M,madura,alerta,12,2026-03-29T14:30:15.682Z
69c938a34f3e7eb1d6eb1535,banana,29.8,92,2726,2.196777,lote_M,madura,alerta,12,2026-03-29T14:35:15.409Z
69c939cf4f3e7eb1d6eb1536,banana,29.8,92,2732,2.201612,lote_M,madura,alerta,12,2026-03-29T14:40:15.318Z
69c93afb4f3e7eb1d6eb1537,banana,29.8,92,2737,2.205641,lote_M,madura,alerta,12,2026-03-29T14:45:15.376Z
69c93c274f3e7eb1d6eb1538,banana,29.8,92,2739,2.207253,lote_M,madura,alerta,12,2026-03-29T14:50:15.441Z
69c93d534f3e7eb1d6eb1539,banana,29.8,92,2738,2.206447,lote_M,madura,alerta,12,2026-03-29T14:55:15.285Z
69c93e7f4f3e7eb1d6eb153a,banana,29.8,92,2742,2.20967,lote_M,madura,alerta,12,2026-03-29T15:00:15.328Z
69c93fab4f3e7eb1d6eb153b,banana,29.8,92,2750,2.216117,lote_M,madura,alerta,12,2026-03-29T15:05:15.453Z
69c940d74f3e7eb1d6eb153c,banana,30.2,91,2750,2.216117,lote_M,madura,alerta,12,2026-03-29T15:10:15.347Z
69c942034f3e7eb1d6eb153d,banana,30.2,91,2755,2.220146,lote_M,madura,alerta,12,2026-03-29T15:15:15.458Z
69c9432f4f3e7eb1d6eb153e,banana,30.2,91,2760,2.224176,lote_M,madura,alerta,12,2026-03-29T15:20:15.533Z
69c9445b4f3e7eb1d6eb153f,banana,30.2,91,2762,2.225788,lote_M,madura,alerta,12,2026-03-29T15:25:15.462Z
69c945874f3e7eb1d6eb1540,banana,30.2,91,2766,2.229011,lote_M,madura,alerta,12,2026-03-29T15:30:15.391Z
69c946b34f3e7eb1d6eb1541,banana,30.2,91,2768,2.230623,lote_M,madura,alerta,12,2026-03-29T15:35:15.552Z
69c947e04f3e7eb1d6eb1542,banana,30.2,91,2774,2.235458,lote_M,madura,alerta,12,2026-03-29T15:40:16.595Z
69c9490b4f3e7eb1d6eb1543,banana,30.8,91,2778,2.238681,lote_M,madura,alerta,12,2026-03-29T15:45:15.706Z
69c94a374f3e7eb1d6eb1544,banana,30.8,91,2777,2.237875,lote_M,madura,alerta,12,2026-03-29T15:50:15.442Z
69c94b634f3e7eb1d6eb1545,banana,30.8,91,2784,2.243516,lote_M,madura,alerta,12,2026-03-29T15:55:15.934Z
69c94c8f4f3e7eb1d6eb1546,banana,30.8,91,2778,2.238681,lote_M,madura,alerta,12,2026-03-29T16:00:15.510Z
69c94dbb4f3e7eb1d6eb1547,banana,30.8,91,2779,2.239487,lote_M,madura,alerta,12,2026-03-29T16:05:15.447Z
69c94ee74f3e7eb1d6eb1548,banana,31.2,91,2786,2.245128,lote_M,madura,alerta,12,2026-03-29T16:10:15.424Z
69c950134f3e7eb1d6eb1549,banana,31.3,91,2788,2.24674,lote_M,madura,alerta,12,2026-03-29T16:15:15.522Z
69c9513f4f3e7eb1d6eb154a,banana,31.3,91,2794,2.251575,lote_M,madura,alerta,12,2026-03-29T16:20:15.561Z
69c9526b4f3e7eb1d6eb154b,banana,31.3,91,2795,2.252381,lote_M,madura,alerta,12,2026-03-29T16:25:15.584Z
69c953974f3e7eb1d6eb154c,banana,31.3,91,2799,2.255605,lote_M,madura,alerta,12,2026-03-29T16:30:15.522Z
69c954c34f3e7eb1d6eb154d,banana,31.3,91,2802,2.258022,lote_M,madura,alerta,12,2026-03-29T16:35:15.565Z
69c955ef4f3e7eb1d6eb154e,banana,31.3,91,2805,2.26044,lote_M,madura,alerta,12,2026-03-29T16:40:15.455Z
69c9571b4f3e7eb1d6eb154f,banana,31.8,91,2807,2.262051,lote_M,madura,alerta,12,2026-03-29T16:45:15.525Z
69c958474f3e7eb1d6eb1550,banana,31.8,91,2814,2.267692,lote_M,madura,alerta,12,2026-03-29T16:50:15.664Z
69c959734f3e7eb1d6eb1551,banana,31.8,91,2815,2.268498,lote_M,madura,alerta,12,2026-03-29T16:55:15.611Z
69c95a9f4f3e7eb1d6eb1552,banana,31.8,91,2811,2.265275,lote_M,madura,alerta,12,2026-03-29T17:00:15.542Z
69c95bcb4f3e7eb1d6eb1553,banana,31.8,91,2817,2.27011,lote_M,madura,alerta,12,2026-03-29T17:05:15.573Z
69c95cf74f3e7eb1d6eb1554,banana,31.8,91,2823,2.274945,lote_M,madura,alerta,12,2026-03-29T17:10:15.609Z
69c95e234f3e7eb1d6eb1555,banana,31.8,91,2824,2.275751,lote_M,madura,alerta,12,2026-03-29T17:15:15.755Z
69c95f4f4f3e7eb1d6eb1556,banana,32.3,91,2831,2.281392,lote_M,madura,alerta,12,2026-03-29T17:20:15.580Z
69c9607b4f3e7eb1d6eb1557,banana,32.3,91,2833,2.283004,lote_M,madura,alerta,12,2026-03-29T17:25:15.613Z
69c961a74f3e7eb1d6eb1558,banana,32.3,91,2834,2.283809,lote_M,madura,alerta,12,2026-03-29T17:30:15.528Z
69c962d34f3e7eb1d6eb1559,banana,32.3,91,2842,2.290257,lote_M,madura,alerta,12,2026-03-29T17:35:15.802Z
69c963ff4f3e7eb1d6eb155a,banana,32.3,91,2848,2.295092,lote_M,madura,alerta,12,2026-03-29T17:40:15.623Z
69c9652b4f3e7eb1d6eb155b,banana,32.3,91,2852,2.298315,lote_M,madura,alerta,12,2026-03-29T17:45:15.654Z
69c966574f3e7eb1d6eb155c,banana,32.3,91,2853,2.299121,lote_M,madura,alerta,12,2026-03-29T17:50:15.803Z
69c967834f3e7eb1d6eb155d,banana,32.8,91,2865,2.308791,lote_M,madura,alerta,12,2026-03-29T17:55:15.554Z
69c968af4f3e7eb1d6eb155e,banana,32.8,91,2869,2.312015,lote_M,madura,alerta,12,2026-03-29T18:00:15.665Z
69c969db4f3e7eb1d6eb155f,banana,32.8,91,2872,2.314432,lote_M,madura,alerta,12,2026-03-29T18:05:15.802Z
69c96b074f3e7eb1d6eb1560,banana,32.8,91,2880,2.320879,lote_M,madura,alerta,12,2026-03-29T18:10:15.569Z
69c96c334f3e7eb1d6eb1561,banana,33.3,90,2884,2.324103,lote_M,madura,alerta,12,2026-03-29T18:15:15.714Z
69c96d5f4f3e7eb1d6eb1562,banana,33.3,90,2890,2.328938,lote_M,madura,alerta,12,2026-03-29T18:20:15.572Z
69c96e8b4f3e7eb1d6eb1563,banana,33.3,90,2894,2.332161,lote_M,madura,alerta,12,2026-03-29T18:25:15.646Z
69c96fb94f3e7eb1d6eb1564,banana,33.3,90,2899,2.33619,lote_M,madura,alerta,12,2026-03-29T18:30:17.458Z
69c970e34f3e7eb1d6eb1565,banana,33.3,90,2908,2.343443,lote_M,madura,alerta,12,2026-03-29T18:35:15.796Z
69c972104f3e7eb1d6eb1566,banana,33.8,90,2922,2.354725,lote_M,madura,alerta,12,2026-03-29T18:40:16.050Z
69c9733b4f3e7eb1d6eb1567,banana,33.8,90,2922,2.354725,lote_M,madura,alerta,12,2026-03-29T18:45:15.780Z
69c974674f3e7eb1d6eb1568,banana,33.8,90,2924,2.356337,lote_M,madura,alerta,12,2026-03-29T18:50:15.786Z
69c975934f3e7eb1d6eb1569,banana,33.8,90,2931,2.361978,lote_M,madura,alerta,12,2026-03-29T18:55:15.697Z
69c976bf4f3e7eb1d6eb156a,banana,33.8,90,2927,2.358755,lote_M,madura,alerta,12,2026-03-29T19:00:15.726Z
69c977eb4f3e7eb1d6eb156b,banana,34.2,90,2935,2.365201,lote_M,madura,alerta,12,2026-03-29T19:05:15.669Z
69c985fb4f3e7eb1d6eb156c,banana,35.6,89,2954,2.380513,lote_M,madura,alerta,12,2026-03-29T20:05:15.829Z
69c987274f3e7eb1d6eb156d,banana,36.3,89,2945,2.37326,lote_M,madura,alerta,12,2026-03-29T20:10:15.731Z
69c988534f3e7eb1d6eb156e,banana,36.3,88,2948,2.375678,lote_M,madura,alerta,12,2026-03-29T20:15:15.989Z
69c9897f4f3e7eb1d6eb156f,banana,36.3,89,2942,2.370842,lote_M,madura,alerta,12,2026-03-29T20:20:15.818Z
69c98aab4f3e7eb1d6eb1570,banana,36.9,88,2953,2.379707,lote_M,madura,alerta,12,2026-03-29T20:25:15.851Z
69c98bd74f3e7eb1d6eb1571,banana,36.9,88,2957,2.382931,lote_M,madura,alerta,12,2026-03-29T20:30:15.929Z
69c98d034f3e7eb1d6eb1572,banana,37.4,88,2975,2.397436,lote_M,madura,alerta,12,2026-03-29T20:35:15.958Z
69c98e2f4f3e7eb1d6eb1573,banana,36.9,88,2985,2.405494,lote_M,madura,alerta,12,2026-03-29T20:40:15.857Z
69c98f5b4f3e7eb1d6eb1574,banana,36.3,89,2974,2.39663,lote_M,madura,alerta,12,2026-03-29T20:45:15.993Z
69c990874f3e7eb1d6eb1575,banana,36.3,89,2980,2.401465,lote_M,madura,alerta,12,2026-03-29T20:50:15.860Z
69c991b34f3e7eb1d6eb1576,banana,36.3,89,2992,2.411135,lote_M,madura,alerta,12,2026-03-29T20:55:15.806Z
69c992e04f3e7eb1d6eb1577,banana,35.6,89,3010,2.425641,lote_M,madura,alerta,12,2026-03-29T21:00:16.010Z
69c9940c4f3e7eb1d6eb1578,banana,36.3,89,3015,2.42967,lote_M,madura,alerta,12,2026-03-29T21:05:16.165Z
69c9953b4f3e7eb1d6eb1579,banana,36.3,89,3004,2.420806,lote_M,madura,alerta,12,2026-03-29T21:10:19.468Z
69c996634f3e7eb1d6eb157a,banana,36.3,89,3006,2.422418,lote_M,madura,alerta,12,2026-03-29T21:15:15.821Z
69c997904f3e7eb1d6eb157b,banana,35.8,89,3014,2.428864,lote_M,madura,alerta,12,2026-03-29T21:20:16.027Z
69c998bb4f3e7eb1d6eb157c,banana,35.6,89,3020,2.4337,lote_M,madura,alerta,12,2026-03-29T21:25:15.977Z
69c999e74f3e7eb1d6eb157d,banana,35.6,90,3028,2.440146,lote_M,madura,alerta,12,2026-03-29T21:30:15.912Z
69c99b134f3e7eb1d6eb157e,banana,35.6,90,3035,2.445787,lote_M,madura,alerta,12,2026-03-29T21:35:15.951Z
69c99c404f3e7eb1d6eb157f,banana,35.6,90,3038,2.448205,lote_M,madura,alerta,12,2026-03-29T21:40:16.015Z
69c99d6c4f3e7eb1d6eb1580,banana,35.6,90,3036,2.446594,lote_M,madura,alerta,12,2026-03-29T21:45:16.023Z
69c99e974f3e7eb1d6eb1581,banana,35.2,90,3033,2.444176,lote_M,madura,alerta,12,2026-03-29T21:50:15.889Z
69c99fc34f3e7eb1d6eb1582,banana,35.2,90,3035,2.445787,lote_M,madura,alerta,12,2026-03-29T21:55:15.877Z
69c9a0ef4f3e7eb1d6eb1583,banana,35.2,90,3038,2.448205,lote_M,madura,alerta,12,2026-03-29T22:00:15.891Z
69c9a21c4f3e7eb1d6eb1584,banana,35.2,90,3048,2.456264,lote_M,madura,alerta,12,2026-03-29T22:05:16.065Z
69c9a3474f3e7eb1d6eb1585,banana,35.2,90,3051,2.458681,lote_M,madura,alerta,12,2026-03-29T22:10:15.993Z
69c9a54f4f3e7eb1d6eb1586,banana,35.2,90,3058,2.464322,lote_M,alerta,alerta,12,2026-03-29T22:18:55.353Z
69c9a67c4f3e7eb1d6eb1587,banana,35.2,90,3051,2.458681,lote_M,alerta,alerta,12,2026-03-29T22:23:56.022Z
69c9a7a74f3e7eb1d6eb1588,banana,35.2,90,3054,2.461099,lote_M,alerta,alerta,12,2026-03-29T22:28:55.242Z
69c9a8d34f3e7eb1d6eb1589,banana,34.7,91,3057,2.463516,lote_M,alerta,alerta,12,2026-03-29T22:33:55.357Z
69c9a9ff4f3e7eb1d6eb158a,banana,34.7,91,3051,2.458681,lote_M,alerta,alerta,12,2026-03-29T22:38:55.517Z
69c9ab2b4f3e7eb1d6eb158b,banana,34.7,91,3059,2.465128,lote_M,alerta,alerta,12,2026-03-29T22:43:55.243Z
69c9ac5b4f3e7eb1d6eb158c,banana,34.2,91,3058,2.464322,lote_M,alerta,alerta,12,2026-03-29T22:48:59.374Z
69c9ad834f3e7eb1d6eb158d,banana,34.2,91,3057,2.463516,lote_M,alerta,alerta,12,2026-03-29T22:53:55.195Z
69c9aeaf4f3e7eb1d6eb158e,banana,34.2,91,3057,2.463516,lote_M,alerta,alerta,12,2026-03-29T22:58:55.456Z
69c9afdb4f3e7eb1d6eb158f,banana,34.2,91,3056,2.462711,lote_M,alerta,alerta,12,2026-03-29T23:03:55.289Z
69c9b1074f3e7eb1d6eb1590,banana,34.2,91,3060,2.465934,lote_M,alerta,alerta,12,2026-03-29T23:08:55.434Z
69c9b2334f3e7eb1d6eb1591,banana,33.8,91,3057,2.463516,lote_M,alerta,alerta,12,2026-03-29T23:13:55.426Z
69c9b35f4f3e7eb1d6eb1592,banana,33.8,91,3055,2.461905,lote_M,alerta,alerta,12,2026-03-29T23:18:55.517Z
69c9b48b4f3e7eb1d6eb1593,banana,33.8,91,3056,2.462711,lote_M,alerta,alerta,12,2026-03-29T23:23:55.339Z
69c9b5b74f3e7eb1d6eb1594,banana,33.8,91,3056,2.462711,lote_M,alerta,alerta,12,2026-03-29T23:28:55.428Z
69c9b6e34f3e7eb1d6eb1595,banana,33.8,91,3047,2.455458,lote_M,alerta,alerta,12,2026-03-29T23:33:55.501Z
69c9b80f4f3e7eb1d6eb1596,banana,33.8,91,3050,2.457875,lote_M,alerta,alerta,12,2026-03-29T23:38:55.339Z
69c9b93b4f3e7eb1d6eb1597,banana,33.3,91,3057,2.463516,lote_M,alerta,alerta,12,2026-03-29T23:43:55.589Z
69c9ba674f3e7eb1d6eb1598,banana,33.3,91,3068,2.472381,lote_M,alerta,alerta,12,2026-03-29T23:48:55.517Z
69c9bb934f3e7eb1d6eb1599,banana,33.4,91,3060,2.465934,lote_M,alerta,alerta,12,2026-03-29T23:53:55.553Z
69c9bcbf4f3e7eb1d6eb159a,banana,33.8,91,3058,2.464322,lote_M,alerta,alerta,12,2026-03-29T23:58:55.484Z
69c9bdeb4f3e7eb1d6eb159b,banana,33.3,91,3059,2.465128,lote_M,alerta,alerta,12,2026-03-30T00:03:55.522Z
69c9bf174f3e7eb1d6eb159c,banana,33.3,91,3056,2.462711,lote_M,alerta,alerta,12,2026-03-30T00:08:55.555Z
69c9c04c4f3e7eb1d6eb159d,banana,33.3,91,3056,2.462711,lote_M,alerta,alerta,12,2026-03-30T00:14:04.049Z
69c9c16f4f3e7eb1d6eb159e,banana,33.3,91,3059,2.465128,lote_M,alerta,alerta,12,2026-03-30T00:18:55.445Z
69c9c29b4f3e7eb1d6eb159f,banana,33.3,91,3064,2.469157,lote_M,alerta,alerta,12,2026-03-30T00:23:55.788Z
69c9c3c74f3e7eb1d6eb15a0,banana,33.3,91,3063,2.468352,lote_M,alerta,alerta,12,2026-03-30T00:28:55.605Z
69c9c4f34f3e7eb1d6eb15a1,banana,33,91,3062,2.467546,lote_M,alerta,alerta,12,2026-03-30T00:33:55.598Z
69c9c61f4f3e7eb1d6eb15a2,banana,32.8,92,3063,2.468352,lote_M,alerta,alerta,12,2026-03-30T00:38:55.578Z
69c9c74b4f3e7eb1d6eb15a3,banana,32.8,92,3065,2.469963,lote_M,alerta,alerta,12,2026-03-30T00:43:55.607Z
69c9c8774f3e7eb1d6eb15a4,banana,32.8,92,3062,2.467546,lote_M,alerta,alerta,12,2026-03-30T00:48:55.649Z
69c9c9a34f3e7eb1d6eb15a5,banana,32.8,92,3062,2.467546,lote_M,alerta,alerta,12,2026-03-30T00:53:55.434Z
69c9cacf4f3e7eb1d6eb15a6,banana,32.8,92,3065,2.469963,lote_M,alerta,alerta,12,2026-03-30T00:58:55.616Z
69c9cbfb4f3e7eb1d6eb15a7,banana,32.8,92,3066,2.470769,lote_M,alerta,alerta,12,2026-03-30T01:03:55.960Z
69c9cd274f3e7eb1d6eb15a8,banana,32.8,92,3067,2.471575,lote_M,alerta,alerta,12,2026-03-30T01:08:55.669Z
69c9ce534f3e7eb1d6eb15a9,banana,32.8,92,3065,2.469963,lote_M,alerta,alerta,12,2026-03-30T01:13:55.530Z
69c9cf7f4f3e7eb1d6eb15aa,banana,32.8,92,3067,2.471575,lote_M,alerta,alerta,12,2026-03-30T01:18:55.675Z
69c9d0ab4f3e7eb1d6eb15ab,banana,32.8,92,3069,2.473187,lote_M,alerta,alerta,12,2026-03-30T01:23:55.696Z
69c9d1d74f3e7eb1d6eb15ac,banana,32.8,92,3065,2.469963,lote_M,alerta,alerta,12,2026-03-30T01:28:55.634Z
69c9d3034f3e7eb1d6eb15ad,banana,32.8,92,3068,2.472381,lote_M,alerta,alerta,12,2026-03-30T01:33:55.567Z
69c9d42f4f3e7eb1d6eb15ae,banana,32.3,92,3076,2.478828,lote_M,alerta,alerta,12,2026-03-30T01:38:55.802Z
69c9d55b4f3e7eb1d6eb15af,banana,32.3,92,3049,2.45707,lote_M,alerta,alerta,12,2026-03-30T01:43:55.734Z
69c9d6874f3e7eb1d6eb15b0,banana,32.3,92,3027,2.439341,lote_M,alerta,alerta,12,2026-03-30T01:48:55.567Z
69c9d7b34f3e7eb1d6eb15b1,banana,32.3,92,3046,2.454652,lote_M,alerta,alerta,12,2026-03-30T01:53:55.809Z
69c9d8df4f3e7eb1d6eb15b2,banana,31.8,92,3058,2.464322,lote_M,alerta,alerta,12,2026-03-30T01:58:55.757Z
69c9da0b4f3e7eb1d6eb15b3,banana,31.8,92,3049,2.45707,lote_M,alerta,alerta,12,2026-03-30T02:03:55.572Z
69c9db374f3e7eb1d6eb15b4,banana,31.8,92,3055,2.461905,lote_M,alerta,alerta,12,2026-03-30T02:08:55.590Z
69c9dc634f3e7eb1d6eb15b5,banana,31.8,92,3054,2.461099,lote_M,alerta,alerta,12,2026-03-30T02:13:55.844Z
69c9dd8f4f3e7eb1d6eb15b6,banana,31.8,92,3053,2.460293,lote_M,alerta,alerta,12,2026-03-30T02:18:55.789Z
69c9debb4f3e7eb1d6eb15b7,banana,31.8,92,3053,2.460293,lote_M,alerta,alerta,12,2026-03-30T02:23:55.725Z
69c9dfe74f3e7eb1d6eb15b8,banana,31.8,92,3057,2.463516,lote_M,alerta,alerta,12,2026-03-30T02:28:55.811Z
69c9e1134f3e7eb1d6eb15b9,banana,31.8,92,3058,2.464322,lote_M,alerta,alerta,12,2026-03-30T02:33:55.923Z
69c9e23f4f3e7eb1d6eb15ba,banana,31.8,92,3055,2.461905,lote_M,alerta,alerta,12,2026-03-30T02:38:55.826Z
69c9e36b4f3e7eb1d6eb15bb,banana,31.8,92,3055,2.461905,lote_M,alerta,alerta,12,2026-03-30T02:43:55.667Z
69c9e4974f3e7eb1d6eb15bc,banana,31.8,92,3058,2.464322,lote_M,alerta,alerta,12,2026-03-30T02:48:55.798Z
69c9e5c34f3e7eb1d6eb15bd,banana,31.8,92,3055,2.461905,lote_M,alerta,alerta,12,2026-03-30T02:53:55.806Z
69c9e6ef4f3e7eb1d6eb15be,banana,31.8,92,3058,2.464322,lote_M,alerta,alerta,12,2026-03-30T02:58:55.666Z
69c9e81b4f3e7eb1d6eb15bf,banana,31.8,92,3058,2.464322,lote_M,alerta,alerta,12,2026-03-30T03:03:55.910Z
69c9e9474f3e7eb1d6eb15c0,banana,31.8,92,3063,2.468352,lote_M,alerta,alerta,12,2026-03-30T03:08:55.949Z
69c9ea734f3e7eb1d6eb15c1,banana,31.8,92,3059,2.465128,lote_M,alerta,alerta,12,2026-03-30T03:13:55.789Z
69c9eb9f4f3e7eb1d6eb15c2,banana,31.8,92,3061,2.46674,lote_M,alerta,alerta,12,2026-03-30T03:18:55.669Z
69c9eccc4f3e7eb1d6eb15c3,banana,31.8,92,3069,2.473187,lote_M,alerta,alerta,12,2026-03-30T03:23:56.003Z
69c9edf74f3e7eb1d6eb15c4,banana,31.8,92,3073,2.47641,lote_M,alerta,alerta,12,2026-03-30T03:28:55.844Z
69c9ef234f3e7eb1d6eb15c5,banana,31.8,92,3066,2.470769,lote_M,alerta,alerta,12,2026-03-30T03:33:55.678Z
69c9f04f4f3e7eb1d6eb15c6,banana,31.8,92,3068,2.472381,lote_M,alerta,alerta,12,2026-03-30T03:38:55.841Z
69c9f17c4f3e7eb1d6eb15c7,banana,31.8,92,3069,2.473187,lote_M,alerta,alerta,12,2026-03-30T03:43:56.001Z
69c9f2a74f3e7eb1d6eb15c8,banana,31.8,92,3067,2.471575,lote_M,alerta,alerta,12,2026-03-30T03:48:55.739Z
69c9f3d34f3e7eb1d6eb15c9,banana,31.8,92,3059,2.465128,lote_M,alerta,alerta,12,2026-03-30T03:53:55.870Z
69c9f5004f3e7eb1d6eb15ca,banana,31.8,92,3041,2.450623,lote_M,alerta,alerta,12,2026-03-30T03:58:56.006Z
69c9f62b4f3e7eb1d6eb15cb,banana,31.8,92,3035,2.445787,lote_M,alerta,alerta,12,2026-03-30T04:03:55.905Z
69c9f7574f3e7eb1d6eb15cc,banana,31.8,92,3028,2.440146,lote_M,alerta,alerta,12,2026-03-30T04:08:55.731Z
69c9f8844f3e7eb1d6eb15cd,banana,31.8,92,3024,2.436923,lote_M,alerta,alerta,12,2026-03-30T04:13:56.004Z
69c9f9af4f3e7eb1d6eb15ce,banana,31.8,92,3019,2.432894,lote_M,alerta,alerta,12,2026-03-30T04:18:55.922Z
69c9fadb4f3e7eb1d6eb15cf,banana,31.8,92,3021,2.434505,lote_M,alerta,alerta,12,2026-03-30T04:23:55.942Z
69c9fc074f3e7eb1d6eb15d0,banana,31.8,92,3018,2.432088,lote_M,alerta,alerta,12,2026-03-30T04:28:55.814Z
69c9fd344f3e7eb1d6eb15d1,banana,31.8,92,3015,2.42967,lote_M,alerta,alerta,12,2026-03-30T04:33:56.057Z
69c9fe5f4f3e7eb1d6eb15d2,banana,31.4,92,3016,2.430476,lote_M,alerta,alerta,12,2026-03-30T04:38:55.937Z
69c9ff8b4f3e7eb1d6eb15d3,banana,31.3,92,3004,2.420806,lote_M,alerta,alerta,12,2026-03-30T04:43:55.820Z
69ca00b74f3e7eb1d6eb15d4,banana,31.3,92,3009,2.424835,lote_M,alerta,alerta,12,2026-03-30T04:48:55.803Z
69ca01e44f3e7eb1d6eb15d5,banana,31.3,92,3002,2.419194,lote_M,alerta,alerta,12,2026-03-30T04:53:56.099Z
69ca03104f3e7eb1d6eb15d6,banana,31.3,92,2997,2.415165,lote_M,alerta,alerta,12,2026-03-30T04:58:56.229Z
69ca043b4f3e7eb1d6eb15d7,banana,31.3,92,2991,2.41033,lote_M,alerta,alerta,12,2026-03-30T05:03:55.847Z
69ca05684f3e7eb1d6eb15d8,banana,31.3,92,2971,2.394212,lote_M,alerta,alerta,12,2026-03-30T05:08:56.011Z
69ca06934f3e7eb1d6eb15d9,banana,31.3,92,2998,2.415971,lote_M,alerta,alerta,12,2026-03-30T05:13:55.859Z
69ca07c04f3e7eb1d6eb15da,banana,31.3,92,3005,2.421612,lote_M,alerta,alerta,12,2026-03-30T05:18:56.545Z
69ca08eb4f3e7eb1d6eb15db,banana,31.3,92,3016,2.430476,lote_M,alerta,alerta,12,2026-03-30T05:23:55.830Z
69ca0a174f3e7eb1d6eb15dc,banana,31.3,92,3024,2.436923,lote_M,alerta,alerta,12,2026-03-30T05:28:55.998Z
69ca0b444f3e7eb1d6eb15dd,banana,31.3,92,3031,2.442564,lote_M,alerta,alerta,12,2026-03-30T05:33:56.178Z
69ca0c6f4f3e7eb1d6eb15de,banana,31.3,92,3038,2.448205,lote_M,alerta,alerta,12,2026-03-30T05:38:55.880Z
69ca0d9c4f3e7eb1d6eb15df,banana,31.3,92,3041,2.450623,lote_M,alerta,alerta,12,2026-03-30T05:43:56.057Z
69ca0ec84f3e7eb1d6eb15e0,banana,31.3,92,3045,2.453846,lote_M,alerta,alerta,12,2026-03-30T05:48:56.086Z
69ca0ff44f3e7eb1d6eb15e1,banana,31.3,92,3049,2.45707,lote_M,alerta,alerta,12,2026-03-30T05:53:56.077Z
69ca111f4f3e7eb1d6eb15e2,banana,30.9,92,3053,2.460293,lote_M,alerta,alerta,12,2026-03-30T05:58:55.916Z
69ca124c4f3e7eb1d6eb15e3,banana,30.8,92,3054,2.461099,lote_M,alerta,alerta,12,2026-03-30T06:03:56.087Z
69ca13784f3e7eb1d6eb15e4,banana,30.8,92,3059,2.465128,lote_M,alerta,alerta,12,2026-03-30T06:08:56.088Z
69ca14a34f3e7eb1d6eb15e5,banana,30.8,92,3055,2.461905,lote_M,alerta,alerta,12,2026-03-30T06:13:55.955Z
69ca15d04f3e7eb1d6eb15e6,banana,30.8,92,3066,2.470769,lote_M,alerta,alerta,12,2026-03-30T06:18:56.129Z
69ca16fc4f3e7eb1d6eb15e7,banana,30.8,92,3065,2.469963,lote_M,alerta,alerta,12,2026-03-30T06:23:56.141Z
69ca18284f3e7eb1d6eb15e8,banana,30.8,92,3065,2.469963,lote_M,alerta,alerta,12,2026-03-30T06:28:56.187Z
69ca19544f3e7eb1d6eb15e9,banana,30.8,92,3068,2.472381,lote_M,alerta,alerta,12,2026-03-30T06:33:56.107Z
69ca1a804f3e7eb1d6eb15ea,banana,30.8,92,3059,2.465128,lote_M,alerta,alerta,12,2026-03-30T06:38:56.105Z
69ca1bac4f3e7eb1d6eb15eb,banana,30.8,92,3026,2.438535,lote_M,alerta,alerta,12,2026-03-30T06:43:56.182Z
69ca1cd84f3e7eb1d6eb15ec,banana,30.8,92,3000,2.417583,lote_M,alerta,alerta,12,2026-03-30T06:48:56.221Z
69ca1e044f3e7eb1d6eb15ed,banana,30.2,92,2991,2.41033,lote_M,alerta,alerta,12,2026-03-30T06:53:56.051Z
69ca1f304f3e7eb1d6eb15ee,banana,30.2,92,2962,2.38696,lote_M,alerta,alerta,12,2026-03-30T06:58:56.556Z
69ca205b4f3e7eb1d6eb15ef,banana,30.2,92,2954,2.380513,lote_M,alerta,alerta,12,2026-03-30T07:03:55.978Z
69ca21884f3e7eb1d6eb15f0,banana,30.2,92,2949,2.376483,lote_M,alerta,alerta,12,2026-03-30T07:08:56.365Z
69ca22b44f3e7eb1d6eb15f1,banana,30.2,92,2964,2.388572,lote_M,alerta,alerta,12,2026-03-30T07:13:56.186Z
69ca23e04f3e7eb1d6eb15f2,banana,30.2,92,2989,2.408718,lote_M,alerta,alerta,12,2026-03-30T07:18:56.228Z
69ca250c4f3e7eb1d6eb15f3,banana,30.2,92,2996,2.414359,lote_M,alerta,alerta,12,2026-03-30T07:23:56.233Z
69ca26384f3e7eb1d6eb15f4,banana,30.2,92,3009,2.424835,lote_M,alerta,alerta,12,2026-03-30T07:28:56.097Z
69ca27644f3e7eb1d6eb15f5,banana,30.2,92,3018,2.432088,lote_M,alerta,alerta,12,2026-03-30T07:33:56.254Z
69ca28904f3e7eb1d6eb15f6,banana,30.2,92,3022,2.435311,lote_M,alerta,alerta,12,2026-03-30T07:38:56.285Z
69ca29bc4f3e7eb1d6eb15f7,banana,30.2,92,2992,2.411135,lote_M,alerta,alerta,12,2026-03-30T07:43:56.099Z
69ca2ae84f3e7eb1d6eb15f8,banana,30.2,92,2990,2.409524,lote_M,alerta,alerta,12,2026-03-30T07:48:56.237Z
69ca2c144f3e7eb1d6eb15f9,banana,29.8,93,2968,2.391795,lote_M,alerta,alerta,12,2026-03-30T07:53:56.246Z
69ca2d404f3e7eb1d6eb15fa,banana,29.8,93,2997,2.415165,lote_M,alerta,alerta,12,2026-03-30T07:58:56.322Z
69ca2e6c4f3e7eb1d6eb15fb,banana,29.8,93,3007,2.423223,lote_M,alerta,alerta,12,2026-03-30T08:03:56.100Z
69ca2f984f3e7eb1d6eb15fc,banana,29.8,93,3017,2.431282,lote_M,alerta,alerta,12,2026-03-30T08:08:56.280Z
69ca30c44f3e7eb1d6eb15fd,banana,29.8,93,3022,2.435311,lote_M,alerta,alerta,12,2026-03-30T08:13:56.397Z
69ca31f04f3e7eb1d6eb15fe,banana,29.8,93,3026,2.438535,lote_M,alerta,alerta,12,2026-03-30T08:18:56.125Z
69ca331c4f3e7eb1d6eb15ff,banana,29.8,93,3027,2.439341,lote_M,alerta,alerta,12,2026-03-30T08:23:56.165Z
69ca34484f3e7eb1d6eb1600,banana,29.8,93,3035,2.445787,lote_M,alerta,alerta,12,2026-03-30T08:28:56.422Z
69ca35744f3e7eb1d6eb1601,banana,29.8,93,3040,2.449817,lote_M,alerta,alerta,12,2026-03-30T08:33:56.368Z
69ca36a34f3e7eb1d6eb1602,banana,29.8,93,3041,2.450623,lote_M,alerta,alerta,12,2026-03-30T08:38:59.077Z
69ca37cc4f3e7eb1d6eb1603,banana,29.8,93,3045,2.453846,lote_M,alerta,alerta,12,2026-03-30T08:43:56.243Z
69ca38f84f3e7eb1d6eb1604,banana,29.8,93,3051,2.458681,lote_M,alerta,alerta,12,2026-03-30T08:48:56.377Z
69ca3a244f3e7eb1d6eb1605,banana,29.8,93,3050,2.457875,lote_M,alerta,alerta,12,2026-03-30T08:53:56.309Z
69ca3b504f3e7eb1d6eb1606,banana,29.5,93,3054,2.461099,lote_M,alerta,alerta,12,2026-03-30T08:58:56.207Z
69ca3c7c4f3e7eb1d6eb1607,banana,29.3,93,3055,2.461905,lote_M,alerta,alerta,12,2026-03-30T09:03:56.371Z
69ca3da84f3e7eb1d6eb1608,banana,29.3,93,3038,2.448205,lote_M,alerta,alerta,12,2026-03-30T09:08:56.406Z
69ca3ed44f3e7eb1d6eb1609,banana,29.3,93,3041,2.450623,lote_M,alerta,alerta,12,2026-03-30T09:13:56.240Z
69ca40004f3e7eb1d6eb160a,banana,29.3,93,3045,2.453846,lote_M,alerta,alerta,12,2026-03-30T09:18:56.238Z
69ca412c4f3e7eb1d6eb160b,banana,29.3,93,3048,2.456264,lote_M,alerta,alerta,12,2026-03-30T09:23:56.375Z
69ca42584f3e7eb1d6eb160c,banana,29.3,93,3048,2.456264,lote_M,alerta,alerta,12,2026-03-30T09:28:56.453Z
69ca43844f3e7eb1d6eb160d,banana,29.3,93,3053,2.460293,lote_M,alerta,alerta,12,2026-03-30T09:33:56.284Z
69ca44b04f3e7eb1d6eb160e,banana,29.3,93,3054,2.461099,lote_M,alerta,alerta,12,2026-03-30T09:38:56.938Z
69ca45df4f3e7eb1d6eb160f,banana,29.3,93,3047,2.455458,lote_M,alerta,alerta,12,2026-03-30T09:43:59.022Z
69ca47084f3e7eb1d6eb1610,banana,29.3,93,3027,2.439341,lote_M,alerta,alerta,12,2026-03-30T09:48:56.248Z
69ca48344f3e7eb1d6eb1611,banana,28.9,93,2981,2.402271,lote_M,alerta,alerta,12,2026-03-30T09:53:56.321Z
69ca49604f3e7eb1d6eb1612,banana,28.9,93,2962,2.38696,lote_M,alerta,alerta,12,2026-03-30T09:58:56.426Z
69ca4a8c4f3e7eb1d6eb1613,banana,28.9,93,2968,2.391795,lote_M,alerta,alerta,12,2026-03-30T10:03:56.502Z
69ca4bb84f3e7eb1d6eb1614,banana,28.9,93,2970,2.393407,lote_M,alerta,alerta,12,2026-03-30T10:08:56.306Z
69ca4ce44f3e7eb1d6eb1615,banana,28.9,93,2970,2.393407,lote_M,alerta,alerta,12,2026-03-30T10:13:56.475Z
69ca4e104f3e7eb1d6eb1616,banana,28.9,93,2966,2.390183,lote_M,alerta,alerta,12,2026-03-30T10:18:56.522Z
69ca4f3c4f3e7eb1d6eb1617,banana,28.9,93,2973,2.395824,lote_M,alerta,alerta,12,2026-03-30T10:23:56.606Z
69ca50684f3e7eb1d6eb1618,banana,28.9,93,2971,2.394212,lote_M,alerta,alerta,12,2026-03-30T10:28:56.331Z
69ca51944f3e7eb1d6eb1619,banana,28.9,93,2968,2.391795,lote_M,alerta,alerta,12,2026-03-30T10:33:56.410Z
69ca52c04f3e7eb1d6eb161a,banana,28.9,93,2970,2.393407,lote_M,alerta,alerta,12,2026-03-30T10:38:56.548Z
69ca53ec4f3e7eb1d6eb161b,banana,28.9,93,2965,2.389377,lote_M,alerta,alerta,12,2026-03-30T10:43:56.482Z
69ca55184f3e7eb1d6eb161c,banana,28.9,93,2975,2.397436,lote_M,alerta,alerta,12,2026-03-30T10:48:56.524Z
69ca56444f3e7eb1d6eb161d,banana,28.9,93,2972,2.395018,lote_M,alerta,alerta,12,2026-03-30T10:53:56.522Z
69ca57704f3e7eb1d6eb161e,banana,28.9,93,2948,2.375678,lote_M,alerta,alerta,12,2026-03-30T10:58:56.551Z
69ca589c4f3e7eb1d6eb161f,banana,28.9,93,2946,2.374066,lote_M,alerta,alerta,12,2026-03-30T11:03:56.416Z
69ca59c84f3e7eb1d6eb1620,banana,28.9,93,2936,2.366007,lote_M,alerta,alerta,12,2026-03-30T11:08:56.536Z
69ca5af44f3e7eb1d6eb1621,banana,28.5,93,2937,2.366813,lote_M,alerta,alerta,12,2026-03-30T11:13:56.565Z
69ca5c204f3e7eb1d6eb1622,banana,28.5,93,2947,2.374872,lote_M,alerta,alerta,12,2026-03-30T11:18:56.430Z
69ca5d4c4f3e7eb1d6eb1623,banana,28.5,93,2949,2.376483,lote_M,alerta,alerta,12,2026-03-30T11:23:56.566Z
69ca5e784f3e7eb1d6eb1624,banana,28.5,93,2956,2.382124,lote_M,alerta,alerta,12,2026-03-30T11:28:56.574Z
69ca5fa44f3e7eb1d6eb1625,banana,28.5,93,2956,2.382124,lote_M,alerta,alerta,12,2026-03-30T11:33:56.446Z
69ca60d04f3e7eb1d6eb1626,banana,28.5,93,2967,2.390989,lote_M,alerta,alerta,12,2026-03-30T11:38:56.477Z
69ca61fc4f3e7eb1d6eb1627,banana,28.5,93,2963,2.387766,lote_M,alerta,alerta,12,2026-03-30T11:43:56.581Z
69ca63284f3e7eb1d6eb1628,banana,28.9,93,2952,2.378901,lote_M,alerta,alerta,12,2026-03-30T11:48:56.646Z
69ca64544f3e7eb1d6eb1629,banana,28.9,93,2949,2.376483,lote_M,alerta,alerta,12,2026-03-30T11:53:56.644Z
69ca65804f3e7eb1d6eb162a,banana,28.9,93,2948,2.375678,lote_M,alerta,alerta,12,2026-03-30T11:58:56.619Z
69ca66ac4f3e7eb1d6eb162b,banana,28.9,92,2949,2.376483,lote_M,alerta,alerta,12,2026-03-30T12:03:56.642Z
69ca67d84f3e7eb1d6eb162c,banana,28.9,92,2952,2.378901,lote_M,alerta,alerta,12,2026-03-30T12:08:56.697Z
69ca69044f3e7eb1d6eb162d,banana,28.9,92,2952,2.378901,lote_M,alerta,alerta,12,2026-03-30T12:13:56.518Z
69ca6a304f3e7eb1d6eb162e,banana,28.9,92,2953,2.379707,lote_M,alerta,alerta,12,2026-03-30T12:18:56.632Z
69ca6b5c4f3e7eb1d6eb162f,banana,28.9,92,2951,2.378095,lote_M,alerta,alerta,12,2026-03-30T12:23:56.714Z
69ca6c894f3e7eb1d6eb1630,banana,28.9,92,2953,2.379707,lote_M,alerta,alerta,12,2026-03-30T12:28:57.350Z
69ca6db44f3e7eb1d6eb1631,banana,28.9,92,2958,2.383736,lote_M,alerta,alerta,12,2026-03-30T12:33:56.719Z
69ca6ee04f3e7eb1d6eb1632,banana,28.9,92,2960,2.385348,lote_M,alerta,alerta,12,2026-03-30T12:38:56.810Z
69ca700c4f3e7eb1d6eb1633,banana,28.9,92,2976,2.398242,lote_M,alerta,alerta,12,2026-03-30T12:43:56.844Z
69ca71384f3e7eb1d6eb1634,banana,28.9,92,2975,2.397436,lote_M,alerta,alerta,12,2026-03-30T12:48:56.881Z
69ca72644f3e7eb1d6eb1635,banana,28.9,92,2983,2.403883,lote_M,alerta,alerta,12,2026-03-30T12:53:56.603Z
69ca73904f3e7eb1d6eb1636,banana,28.9,92,2962,2.38696,lote_M,alerta,alerta,12,2026-03-30T12:58:56.616Z
69ca74bc4f3e7eb1d6eb1637,banana,28.9,92,2948,2.375678,lote_M,alerta,alerta,12,2026-03-30T13:03:56.784Z
69ca75e84f3e7eb1d6eb1638,banana,28.9,92,2943,2.371648,lote_M,alerta,alerta,12,2026-03-30T13:08:56.839Z
69ca77144f3e7eb1d6eb1639,banana,28.9,92,2938,2.367619,lote_M,alerta,alerta,12,2026-03-30T13:13:56.650Z
69ca78404f3e7eb1d6eb163a,banana,29,92,2932,2.362784,lote_M,alerta,alerta,12,2026-03-30T13:18:56.792Z
69ca796c4f3e7eb1d6eb163b,banana,29.3,92,2951,2.378095,lote_M,alerta,alerta,12,2026-03-30T13:23:56.933Z
69ca7a984f3e7eb1d6eb163c,banana,29.3,92,2960,2.385348,lote_M,alerta,alerta,12,2026-03-30T13:28:56.865Z
69ca7bc44f3e7eb1d6eb163d,banana,29.3,92,2978,2.399853,lote_M,alerta,alerta,12,2026-03-30T13:33:56.695Z
69ca7cf04f3e7eb1d6eb163e,banana,29.3,92,2988,2.407912,lote_M,alerta,alerta,12,2026-03-30T13:38:56.836Z
69ca7e1c4f3e7eb1d6eb163f,banana,29.3,92,2994,2.412747,lote_M,alerta,alerta,12,2026-03-30T13:43:56.879Z
69ca7f484f3e7eb1d6eb1640,banana,29.3,92,2996,2.414359,lote_M,alerta,alerta,12,2026-03-30T13:48:56.806Z
69ca80744f3e7eb1d6eb1641,banana,29.3,92,2998,2.415971,lote_M,alerta,alerta,12,2026-03-30T13:53:56.840Z
69ca81a04f3e7eb1d6eb1642,banana,29.3,92,3002,2.419194,lote_M,alerta,alerta,12,2026-03-30T13:58:56.991Z
69ca82cc4f3e7eb1d6eb1643,banana,29.3,92,3008,2.424029,lote_M,alerta,alerta,12,2026-03-30T14:03:56.810Z
69ca83f84f3e7eb1d6eb1644,banana,29.3,92,3018,2.432088,lote_M,alerta,alerta,12,2026-03-30T14:08:56.690Z
69ca85244f3e7eb1d6eb1645,banana,29.8,92,3025,2.437729,lote_M,alerta,alerta,12,2026-03-30T14:13:56.928Z
69ca86504f3e7eb1d6eb1646,banana,29.8,92,3029,2.440952,lote_M,alerta,alerta,12,2026-03-30T14:18:56.883Z
69ca877c4f3e7eb1d6eb1647,banana,29.8,92,3040,2.449817,lote_M,alerta,alerta,12,2026-03-30T14:23:56.847Z
69ca88a84f3e7eb1d6eb1648,banana,29.8,92,3045,2.453846,lote_M,alerta,alerta,12,2026-03-30T14:28:56.853Z
69ca89d44f3e7eb1d6eb1649,banana,29.8,92,3041,2.450623,lote_M,alerta,alerta,12,2026-03-30T14:33:56.909Z
69ca8b004f3e7eb1d6eb164a,banana,29.8,92,3043,2.452235,lote_M,alerta,alerta,12,2026-03-30T14:38:56.836Z
69ca8c2c4f3e7eb1d6eb164b,banana,29.8,92,3004,2.420806,lote_M,alerta,alerta,12,2026-03-30T14:43:56.857Z
69ca8d584f3e7eb1d6eb164c,banana,29.8,92,3010,2.425641,lote_M,alerta,alerta,12,2026-03-30T14:48:56.788Z
69ca8e844f3e7eb1d6eb164d,banana,30.1,91,3022,2.435311,lote_M,alerta,alerta,12,2026-03-30T14:53:56.930Z
69ca8fb04f3e7eb1d6eb164e,banana,30.2,91,3044,2.45304,lote_M,alerta,alerta,12,2026-03-30T14:58:56.866Z
69ca90dc4f3e7eb1d6eb164f,banana,30.2,91,3059,2.465128,lote_M,alerta,alerta,12,2026-03-30T15:03:56.928Z
69ca92094f3e7eb1d6eb1650,banana,30.2,91,3074,2.477216,lote_M,alerta,alerta,12,2026-03-30T15:08:57.063Z
69ca93344f3e7eb1d6eb1651,banana,30.5,91,3077,2.479634,lote_M,alerta,alerta,12,2026-03-30T15:13:56.935Z
69ca94604f3e7eb1d6eb1652,banana,30.8,91,3095,2.494139,lote_M,alerta,alerta,12,2026-03-30T15:18:56.912Z
69ca958c4f3e7eb1d6eb1653,banana,30.8,91,3087,2.487692,lote_M,alerta,alerta,12,2026-03-30T15:23:56.836Z
69ca96b84f3e7eb1d6eb1654,banana,30.8,91,3066,2.470769,lote_M,alerta,alerta,12,2026-03-30T15:28:56.882Z
69cb3e6e76c481cc1e1d870c,banana,30.2,92,3170,2.554579,lote_M,alerta,risco de perda,0,2026-03-31T03:24:30.834Z
69cb3f9a76c481cc1e1d870d,banana,30.2,92,3170,2.554579,lote_M,alerta,risco de perda,0,2026-03-31T03:29:30.923Z
69cb40c676c481cc1e1d870e,banana,30.2,92,3173,2.556996,lote_M,alerta,risco de perda,0,2026-03-31T03:34:30.963Z
69cb427876c481cc1e1d870f,banana,29.8,93,3236,2.607766,lote_M,risco de perda,risco de perda,0,2026-03-31T03:41:44.265Z
69cb43a476c481cc1e1d8710,banana,29.8,93,3216,2.591648,lote_M,risco de perda,risco de perda,0,2026-03-31T03:46:44.494Z
69cb44d076c481cc1e1d8711,banana,29.8,93,3226,2.599707,lote_M,risco de perda,risco de perda,0,2026-03-31T03:51:44.091Z
69cb45fc76c481cc1e1d8712,banana,29.8,93,3231,2.603736,lote_M,risco de perda,risco de perda,0,2026-03-31T03:56:44.259Z
69cb472876c481cc1e1d8713,banana,29.8,93,3237,2.608572,lote_M,risco de perda,risco de perda,0,2026-03-31T04:01:44.322Z
69cb485476c481cc1e1d8714,banana,29.3,93,3131,2.52315,lote_M,risco de perda,risco de perda,0,2026-03-31T04:06:44.118Z
69cb498076c481cc1e1d8715,banana,29.3,93,3114,2.50945,lote_M,risco de perda,risco de perda,0,2026-03-31T04:11:44.132Z
69cb4aac76c481cc1e1d8716,banana,28.5,93,3094,2.493333,lote_M,risco de perda,alerta,12,2026-03-31T04:16:44.299Z
69cb4bd876c481cc1e1d8717,banana,28,93,3126,2.519121,lote_M,risco de perda,risco de perda,0,2026-03-31T04:21:44.355Z
69cb4d0476c481cc1e1d8718,banana,28,93,3162,2.548132,lote_M,risco de perda,risco de perda,0,2026-03-31T04:26:44.175Z
69cb4e3076c481cc1e1d8719,banana,28,93,3159,2.545714,lote_M,risco de perda,risco de perda,0,2026-03-31T04:31:44.517Z
69cb4f5c76c481cc1e1d871a,banana,28.5,93,3146,2.535238,lote_M,risco de perda,risco de perda,0,2026-03-31T04:36:44.143Z
69cb508876c481cc1e1d871b,banana,28.5,93,3208,2.585202,lote_M,risco de perda,risco de perda,0,2026-03-31T04:41:44.151Z
69cb51b476c481cc1e1d871c,banana,28.5,93,3262,2.628718,lote_M,risco de perda,risco de perda,0,2026-03-31T04:46:44.319Z
69cb52e076c481cc1e1d871d,banana,28.9,93,3287,2.648865,lote_M,risco de perda,risco de perda,0,2026-03-31T04:51:44.366Z
69cb540c76c481cc1e1d871e,banana,29.3,93,3290,2.651282,lote_M,risco de perda,risco de perda,0,2026-03-31T04:56:44.285Z
69cb553876c481cc1e1d871f,banana,29.3,93,3301,2.660146,lote_M,risco de perda,risco de perda,0,2026-03-31T05:01:44.320Z
69cb566476c481cc1e1d8720,banana,29.5,93,3308,2.665787,lote_M,risco de perda,risco de perda,0,2026-03-31T05:06:44.386Z
69cb579076c481cc1e1d8721,banana,29.8,93,3316,2.672235,lote_M,risco de perda,risco de perda,0,2026-03-31T05:11:44.369Z
69cb58bc76c481cc1e1d8722,banana,29.8,93,3324,2.678681,lote_M,risco de perda,risco de perda,0,2026-03-31T05:16:44.241Z
69cb59e876c481cc1e1d8723,banana,29.8,93,3328,2.681905,lote_M,risco de perda,risco de perda,0,2026-03-31T05:21:44.337Z
69cb5b1476c481cc1e1d8724,banana,29.8,93,3337,2.689157,lote_M,risco de perda,risco de perda,0,2026-03-31T05:26:44.321Z
69cb5c4076c481cc1e1d8725,banana,29.8,93,3341,2.692381,lote_M,risco de perda,risco de perda,0,2026-03-31T05:31:44.401Z
69cb5d6c76c481cc1e1d8726,banana,29.8,92,3356,2.704469,lote_M,risco de perda,risco de perda,0,2026-03-31T05:36:44.247Z
69cb5e9876c481cc1e1d8727,banana,30.1,91,3366,2.712528,lote_M,risco de perda,risco de perda,0,2026-03-31T05:41:44.373Z
69cb5fc476c481cc1e1d8728,banana,30.2,91,3368,2.714139,lote_M,risco de perda,risco de perda,0,2026-03-31T05:46:44.455Z
69cb60f076c481cc1e1d8729,banana,30.2,91,3376,2.720586,lote_M,risco de perda,risco de perda,0,2026-03-31T05:51:44.276Z
69cb621c76c481cc1e1d872a,banana,30.2,91,3375,2.71978,lote_M,risco de perda,risco de perda,0,2026-03-31T05:56:44.417Z
69cb634876c481cc1e1d872b,banana,30.2,91,3346,2.69641,lote_M,risco de perda,risco de perda,0,2026-03-31T06:01:44.459Z
69cb647476c481cc1e1d872c,banana,30.2,91,3301,2.660146,lote_M,risco de perda,risco de perda,0,2026-03-31T06:06:44.453Z
69cb65a076c481cc1e1d872d,banana,30.2,91,3330,2.683517,lote_M,risco de perda,risco de perda,0,2026-03-31T06:11:44.429Z
69cb66cc76c481cc1e1d872e,banana,30.2,91,3348,2.698022,lote_M,risco de perda,risco de perda,0,2026-03-31T06:16:44.589Z
69cb67f876c481cc1e1d872f,banana,30.2,91,3367,2.713333,lote_M,risco de perda,risco de perda,0,2026-03-31T06:21:44.656Z
69cb692476c481cc1e1d8730,banana,30.2,91,3368,2.714139,lote_M,risco de perda,risco de perda,0,2026-03-31T06:26:44.327Z
69cb6a5076c481cc1e1d8731,banana,30.2,91,3343,2.693993,lote_M,risco de perda,risco de perda,0,2026-03-31T06:31:44.979Z
69cb6b7d76c481cc1e1d8732,banana,30.2,91,3257,2.624689,lote_M,risco de perda,risco de perda,0,2026-03-31T06:36:45.426Z
69cb6ca876c481cc1e1d8733,banana,30.2,91,3240,2.610989,lote_M,risco de perda,risco de perda,0,2026-03-31T06:41:44.642Z
69cb6dd476c481cc1e1d8734,banana,29.8,92,3216,2.591648,lote_M,risco de perda,risco de perda,0,2026-03-31T06:46:44.376Z
69cb6f0076c481cc1e1d8735,banana,29.8,92,3195,2.574725,lote_M,risco de perda,risco de perda,0,2026-03-31T06:51:44.466Z
69cb702c76c481cc1e1d8736,banana,29.8,92,3176,2.559414,lote_M,risco de perda,risco de perda,0,2026-03-31T06:56:44.510Z
69cb715876c481cc1e1d8737,banana,29.8,92,3137,2.527985,lote_M,risco de perda,risco de perda,0,2026-03-31T07:01:44.344Z
69cb728476c481cc1e1d8738,banana,29.8,92,3139,2.529597,lote_M,risco de perda,risco de perda,0,2026-03-31T07:06:44.620Z
69cb73b076c481cc1e1d8739,banana,29.8,92,3121,2.515092,lote_M,risco de perda,risco de perda,0,2026-03-31T07:11:44.522Z
69cb74dc76c481cc1e1d873a,banana,29.8,92,3120,2.514286,lote_M,risco de perda,risco de perda,0,2026-03-31T07:16:44.388Z
69cb760976c481cc1e1d873b,banana,29.8,92,3113,2.508645,lote_M,risco de perda,risco de perda,0,2026-03-31T07:21:45.043Z
69cb773476c481cc1e1d873c,banana,29.8,92,3112,2.507839,lote_M,risco de perda,risco de perda,0,2026-03-31T07:26:44.352Z
69cb786076c481cc1e1d873d,banana,29.8,92,3116,2.511062,lote_M,risco de perda,risco de perda,0,2026-03-31T07:31:44.567Z
69cb798c76c481cc1e1d873e,banana,29.8,92,3117,2.511868,lote_M,risco de perda,risco de perda,0,2026-03-31T07:36:44.492Z
69cb7ab876c481cc1e1d873f,banana,29.8,92,3124,2.517509,lote_M,risco de perda,risco de perda,0,2026-03-31T07:41:44.575Z
69cb7be476c481cc1e1d8740,banana,29.8,92,3108,2.504615,lote_M,risco de perda,risco de perda,0,2026-03-31T07:46:44.587Z
69cb7d1076c481cc1e1d8741,banana,29.8,92,3097,2.495751,lote_M,risco de perda,alerta,12,2026-03-31T07:51:44.400Z
69cb7e3c76c481cc1e1d8742,banana,29.8,92,3107,2.503809,lote_M,risco de perda,risco de perda,0,2026-03-31T07:56:44.480Z
69cb7f6876c481cc1e1d8743,banana,29.8,92,3092,2.491722,lote_M,risco de perda,alerta,12,2026-03-31T08:01:44.591Z
69cb809476c481cc1e1d8744,banana,29.8,92,3079,2.481246,lote_M,risco de perda,alerta,12,2026-03-31T08:06:44.493Z
69cb81c076c481cc1e1d8745,banana,29.8,92,3075,2.478022,lote_M,risco de perda,alerta,12,2026-03-31T08:11:44.503Z
69cb82ec76c481cc1e1d8746,banana,29.8,92,3059,2.465128,lote_M,risco de perda,alerta,12,2026-03-31T08:16:44.623Z
69cb841876c481cc1e1d8747,banana,29.8,92,2996,2.414359,lote_M,risco de perda,alerta,12,2026-03-31T08:21:44.444Z
69cb854476c481cc1e1d8748,banana,29.8,92,2963,2.387766,lote_M,risco de perda,alerta,12,2026-03-31T08:26:44.486Z
69cb867076c481cc1e1d8749,banana,29.8,92,2902,2.338608,lote_M,risco de perda,alerta,12,2026-03-31T08:31:44.520Z
69cb879c76c481cc1e1d874a,banana,29.8,92,2922,2.354725,lote_M,risco de perda,alerta,12,2026-03-31T08:36:44.557Z
69cb88c876c481cc1e1d874b,banana,29.3,92,2916,2.34989,lote_M,risco de perda,alerta,12,2026-03-31T08:41:44.696Z
69cb89f476c481cc1e1d874c,banana,29.3,92,2959,2.384542,lote_M,risco de perda,alerta,12,2026-03-31T08:46:44.529Z
69cb8b2076c481cc1e1d874d,banana,29.6,92,2965,2.389377,lote_M,risco de perda,alerta,12,2026-03-31T08:51:44.642Z
69cb8c4c76c481cc1e1d874e,banana,29.7,92,2918,2.351502,lote_M,risco de perda,alerta,12,2026-03-31T08:56:44.699Z
69cb8d7876c481cc1e1d874f,banana,29.4,92,2962,2.38696,lote_M,risco de perda,alerta,12,2026-03-31T09:01:44.492Z
69cb8ea576c481cc1e1d8750,banana,29.3,92,2981,2.402271,lote_M,risco de perda,alerta,12,2026-03-31T09:06:45.655Z
69cb8fd076c481cc1e1d8751,banana,29.3,92,2990,2.409524,lote_M,risco de perda,alerta,12,2026-03-31T09:11:44.827Z
69cb90fc76c481cc1e1d8752,banana,29.3,92,2986,2.4063,lote_M,risco de perda,alerta,12,2026-03-31T09:16:44.539Z
69cb922876c481cc1e1d8753,banana,29.3,92,2969,2.392601,lote_M,risco de perda,alerta,12,2026-03-31T09:21:44.526Z
69cb935476c481cc1e1d8754,banana,29.3,92,2936,2.366007,lote_M,risco de perda,alerta,12,2026-03-31T09:26:44.670Z
69cb948076c481cc1e1d8755,banana,29.3,92,2950,2.377289,lote_M,risco de perda,alerta,12,2026-03-31T09:31:44.702Z
69cb95ac76c481cc1e1d8756,banana,29.3,92,2976,2.398242,lote_M,risco de perda,alerta,12,2026-03-31T09:36:44.567Z
69cb96d876c481cc1e1d8757,banana,29.3,92,3005,2.421612,lote_M,risco de perda,alerta,12,2026-03-31T09:41:44.717Z
69cb980476c481cc1e1d8758,banana,29.3,92,3031,2.442564,lote_M,risco de perda,alerta,12,2026-03-31T09:46:44.857Z
69cb993076c481cc1e1d8759,banana,29.3,92,3044,2.45304,lote_M,risco de perda,alerta,12,2026-03-31T09:51:44.749Z
69cb9a5c76c481cc1e1d875a,banana,29.3,92,3043,2.452235,lote_M,risco de perda,alerta,12,2026-03-31T09:56:44.593Z
69cb9b8876c481cc1e1d875b,banana,29.3,92,3072,2.475604,lote_M,risco de perda,alerta,12,2026-03-31T10:01:44.836Z
69cb9cb476c481cc1e1d875c,banana,29.3,92,3073,2.47641,lote_M,risco de perda,alerta,12,2026-03-31T10:06:44.772Z
69cb9de076c481cc1e1d875d,banana,29.3,92,3086,2.486887,lote_M,risco de perda,alerta,12,2026-03-31T10:11:44.745Z
69cb9f0c76c481cc1e1d875e,banana,29.3,92,3096,2.494945,lote_M,risco de perda,alerta,12,2026-03-31T10:16:44.674Z
69cba03876c481cc1e1d875f,banana,29.3,92,3108,2.504615,lote_M,risco de perda,risco de perda,0,2026-03-31T10:21:44.600Z
69cba16476c481cc1e1d8760,banana,29.3,92,3105,2.502198,lote_M,risco de perda,risco de perda,0,2026-03-31T10:26:44.639Z
69cba29276c481cc1e1d8761,banana,29.3,92,3113,2.508645,lote_M,risco de perda,risco de perda,0,2026-03-31T10:31:46.509Z
69cba3bd76c481cc1e1d8762,banana,29.3,92,3134,2.525568,lote_M,risco de perda,risco de perda,0,2026-03-31T10:36:45.905Z
69cba4e976c481cc1e1d8763,banana,29.3,92,3103,2.500586,lote_M,risco de perda,risco de perda,0,2026-03-31T10:41:45.949Z
69cba61576c481cc1e1d8764,banana,29.3,92,3102,2.49978,lote_M,risco de perda,risco de perda,0,2026-03-31T10:46:45.872Z
69cba74176c481cc1e1d8765,banana,29.3,92,3130,2.522344,lote_M,risco de perda,risco de perda,0,2026-03-31T10:51:45.913Z
69cba86d76c481cc1e1d8766,banana,29.3,92,3137,2.527985,lote_M,risco de perda,risco de perda,0,2026-03-31T10:56:45.870Z
69cba99976c481cc1e1d8767,banana,29.3,92,3160,2.54652,lote_M,risco de perda,risco de perda,0,2026-03-31T11:01:45.886Z
69cbaac576c481cc1e1d8768,banana,29.3,92,3072,2.475604,lote_M,risco de perda,alerta,12,2026-03-31T11:06:45.940Z
69cbabf176c481cc1e1d8769,banana,29.3,92,3022,2.435311,lote_M,risco de perda,alerta,12,2026-03-31T11:11:45.966Z
69cbad1d76c481cc1e1d876a,banana,29.3,92,3025,2.437729,lote_M,risco de perda,alerta,12,2026-03-31T11:16:45.906Z
69cbae4a76c481cc1e1d876b,banana,29.3,92,3091,2.490916,lote_M,risco de perda,alerta,12,2026-03-31T11:21:46.025Z
69cbaf7576c481cc1e1d876c,banana,29.3,92,3108,2.504615,lote_M,risco de perda,risco de perda,0,2026-03-31T11:26:45.965Z
69cbb0a276c481cc1e1d876d,banana,29.3,92,3115,2.510257,lote_M,risco de perda,risco de perda,0,2026-03-31T11:31:46.013Z
69cbb1ce76c481cc1e1d876e,banana,29.3,92,3115,2.510257,lote_M,risco de perda,risco de perda,0,2026-03-31T11:36:46.042Z
69cbb2f976c481cc1e1d876f,banana,29.3,92,3121,2.515092,lote_M,risco de perda,risco de perda,0,2026-03-31T11:41:45.948Z
69cbb42676c481cc1e1d8770,banana,29.3,92,3131,2.52315,lote_M,risco de perda,risco de perda,0,2026-03-31T11:46:46.629Z
69cbb55276c481cc1e1d8771,banana,29.3,92,3144,2.533626,lote_M,risco de perda,risco de perda,0,2026-03-31T11:51:46.052Z
69cbb67f76c481cc1e1d8772,banana,29.3,92,3165,2.55055,lote_M,risco de perda,risco de perda,0,2026-03-31T11:56:47.756Z
69cbb7aa76c481cc1e1d8773,banana,29.3,92,3119,2.51348,lote_M,risco de perda,risco de perda,0,2026-03-31T12:01:46.014Z
69cbb8d976c481cc1e1d8774,banana,29.3,92,3110,2.506227,lote_M,risco de perda,risco de perda,0,2026-03-31T12:06:49.683Z
69cbba0176c481cc1e1d8775,banana,29.3,92,3088,2.488498,lote_M,risco de perda,alerta,12,2026-03-31T12:11:45.991Z
69cbbb2e76c481cc1e1d8776,banana,29.3,92,3106,2.503004,lote_M,risco de perda,risco de perda,0,2026-03-31T12:16:46.013Z
69cbbc5976c481cc1e1d8777,banana,29.3,92,3126,2.519121,lote_M,risco de perda,risco de perda,0,2026-03-31T12:21:45.998Z
69cbbd8676c481cc1e1d8778,banana,29.3,92,3140,2.530403,lote_M,risco de perda,risco de perda,0,2026-03-31T12:26:46.116Z
69cbbeb276c481cc1e1d8779,banana,29.4,92,3143,2.53282,lote_M,risco de perda,risco de perda,0,2026-03-31T12:31:46.123Z
69cbbfde76c481cc1e1d877a,banana,29.4,92,3108,2.504615,lote_M,risco de perda,risco de perda,0,2026-03-31T12:36:46.054Z
69cbc10a76c481cc1e1d877b,banana,29.4,92,3121,2.515092,lote_M,risco de perda,risco de perda,0,2026-03-31T12:41:46.101Z
69cbc23676c481cc1e1d877c,banana,29.4,92,3144,2.533626,lote_M,risco de perda,risco de perda,0,2026-03-31T12:46:46.088Z
69cbc36276c481cc1e1d877d,banana,29.8,92,3158,2.544909,lote_M,risco de perda,risco de perda,0,2026-03-31T12:51:46.067Z
69cbc48e76c481cc1e1d877e,banana,29.8,92,3173,2.556996,lote_M,risco de perda,risco de perda,0,2026-03-31T12:56:46.094Z
69cbc5ba76c481cc1e1d877f,banana,29.8,92,3179,2.561831,lote_M,risco de perda,risco de perda,0,2026-03-31T13:01:46.172Z
69cbc6e676c481cc1e1d8780,banana,29.8,92,3169,2.553773,lote_M,risco de perda,risco de perda,0,2026-03-31T13:06:46.172Z
69cbc81276c481cc1e1d8781,banana,29.8,92,3171,2.555385,lote_M,risco de perda,risco de perda,0,2026-03-31T13:11:46.102Z
69cbc93e76c481cc1e1d8782,banana,29.8,92,3177,2.56022,lote_M,risco de perda,risco de perda,0,2026-03-31T13:16:46.140Z
69cbca6a76c481cc1e1d8783,banana,29.8,92,3178,2.561026,lote_M,risco de perda,risco de perda,0,2026-03-31T13:21:46.189Z
69cbcb9676c481cc1e1d8784,banana,29.8,92,3189,2.56989,lote_M,risco de perda,risco de perda,0,2026-03-31T13:26:46.110Z
69cbccc276c481cc1e1d8785,banana,29.8,92,3192,2.572308,lote_M,risco de perda,risco de perda,0,2026-03-31T13:31:46.150Z
69cbcdee76c481cc1e1d8786,banana,29.8,92,3205,2.582784,lote_M,risco de perda,risco de perda,0,2026-03-31T13:36:46.093Z
69cbcf1a76c481cc1e1d8787,banana,29.8,92,3210,2.586813,lote_M,risco de perda,risco de perda,0,2026-03-31T13:41:46.238Z
69cbd04676c481cc1e1d8788,banana,29.8,92,3224,2.598095,lote_M,risco de perda,risco de perda,0,2026-03-31T13:46:46.375Z
69cbd17276c481cc1e1d8789,banana,29.8,92,3252,2.620659,lote_M,risco de perda,risco de perda,0,2026-03-31T13:51:46.304Z
69cbd29e76c481cc1e1d878a,banana,30.2,91,3261,2.627912,lote_M,risco de perda,risco de perda,0,2026-03-31T13:56:46.177Z
69cbd3ca76c481cc1e1d878b,banana,30.2,91,3231,2.603736,lote_M,risco de perda,risco de perda,0,2026-03-31T14:01:46.176Z
69cbd4f676c481cc1e1d878c,banana,30.2,91,3238,2.609377,lote_M,risco de perda,risco de perda,0,2026-03-31T14:06:46.166Z
69cbd62276c481cc1e1d878d,banana,30.2,91,3240,2.610989,lote_M,risco de perda,risco de perda,0,2026-03-31T14:11:46.240Z
69cbd74e76c481cc1e1d878e,banana,30.2,91,3253,2.621465,lote_M,risco de perda,risco de perda,0,2026-03-31T14:16:46.266Z
69cbd87a76c481cc1e1d878f,banana,30.2,91,3274,2.638388,lote_M,risco de perda,risco de perda,0,2026-03-31T14:21:46.198Z
69cbd9a676c481cc1e1d8790,banana,30.2,91,3280,2.643224,lote_M,risco de perda,risco de perda,0,2026-03-31T14:26:46.237Z
69cbdad276c481cc1e1d8791,banana,30.2,91,3283,2.645641,lote_M,risco de perda,risco de perda,0,2026-03-31T14:31:46.280Z
69cbdbfe76c481cc1e1d8792,banana,30.8,91,3286,2.648059,lote_M,risco de perda,risco de perda,0,2026-03-31T14:36:46.317Z
69cbdd2a76c481cc1e1d8793,banana,30.8,91,3292,2.652894,lote_M,risco de perda,risco de perda,0,2026-03-31T14:41:46.418Z
69cbde5676c481cc1e1d8794,banana,30.8,91,3290,2.651282,lote_M,risco de perda,risco de perda,0,2026-03-31T14:46:46.276Z
69cbdf8276c481cc1e1d8795,banana,30.8,91,3286,2.648059,lote_M,risco de perda,risco de perda,0,2026-03-31T14:51:46.321Z
69cbe0ae76c481cc1e1d8796,banana,30.8,91,3297,2.656923,lote_M,risco de perda,risco de perda,0,2026-03-31T14:56:46.871Z
69cbe1da76c481cc1e1d8797,banana,30.8,91,3292,2.652894,lote_M,risco de perda,risco de perda,0,2026-03-31T15:01:46.389Z
69cbe30676c481cc1e1d8798,banana,30.8,91,3302,2.660952,lote_M,risco de perda,risco de perda,0,2026-03-31T15:06:46.324Z
69cbe43276c481cc1e1d8799,banana,31.3,91,3320,2.675458,lote_M,risco de perda,risco de perda,0,2026-03-31T15:11:46.265Z
69cbe55e76c481cc1e1d879a,banana,31.3,91,3331,2.684322,lote_M,risco de perda,risco de perda,0,2026-03-31T15:16:46.291Z
69cbe68a76c481cc1e1d879b,banana,31.3,91,3351,2.700439,lote_M,risco de perda,risco de perda,0,2026-03-31T15:21:46.329Z
69cbe7b676c481cc1e1d879c,banana,31.3,91,3376,2.720586,lote_M,risco de perda,risco de perda,0,2026-03-31T15:26:46.374Z
69cbe8e276c481cc1e1d879d,banana,31.3,91,3380,2.723809,lote_M,risco de perda,risco de perda,0,2026-03-31T15:31:46.914Z
69cbea0e76c481cc1e1d879e,banana,31.3,91,3384,2.727033,lote_M,risco de perda,risco de perda,0,2026-03-31T15:36:46.330Z
69cbeb3a76c481cc1e1d879f,banana,31.8,91,3393,2.734286,lote_M,risco de perda,risco de perda,0,2026-03-31T15:41:46.378Z
69cbec6676c481cc1e1d87a0,banana,31.8,91,3410,2.747985,lote_M,risco de perda,risco de perda,0,2026-03-31T15:46:46.407Z
69cbed9276c481cc1e1d87a1,banana,31.8,91,3440,2.772161,lote_M,risco de perda,risco de perda,0,2026-03-31T15:51:46.340Z
69cbeebe76c481cc1e1d87a2,banana,31.8,91,3460,2.788278,lote_M,risco de perda,risco de perda,0,2026-03-31T15:56:46.587Z
69cbefea76c481cc1e1d87a3,banana,31.8,91,3484,2.807619,lote_M,risco de perda,risco de perda,0,2026-03-31T16:01:46.405Z
69cbf11676c481cc1e1d87a4,banana,31.8,91,3501,2.821319,lote_M,risco de perda,risco de perda,0,2026-03-31T16:06:46.447Z
69cbf24276c481cc1e1d87a5,banana,32.3,91,3520,2.83663,lote_M,risco de perda,risco de perda,0,2026-03-31T16:11:46.478Z
69cbf36e76c481cc1e1d87a6,banana,32.3,91,3533,2.847106,lote_M,risco de perda,risco de perda,0,2026-03-31T16:16:46.409Z
69cbf49a76c481cc1e1d87a7,banana,32.3,91,3518,2.835018,lote_M,risco de perda,risco de perda,0,2026-03-31T16:21:46.335Z
69cbf5c676c481cc1e1d87a8,banana,32.3,91,3504,2.823736,lote_M,risco de perda,risco de perda,0,2026-03-31T16:26:46.373Z
69cbf6f276c481cc1e1d87a9,banana,32.3,91,3490,2.812454,lote_M,risco de perda,risco de perda,0,2026-03-31T16:31:46.424Z
69cbf81e76c481cc1e1d87aa,banana,32.3,91,3515,2.832601,lote_M,risco de perda,risco de perda,0,2026-03-31T16:36:46.518Z
69cbf94a76c481cc1e1d87ab,banana,32.3,91,3529,2.843883,lote_M,risco de perda,risco de perda,0,2026-03-31T16:41:46.372Z
69cbfa7676c481cc1e1d87ac,banana,32.8,91,3547,2.858388,lote_M,risco de perda,risco de perda,0,2026-03-31T16:46:46.422Z
69cbfba276c481cc1e1d87ad,banana,32.8,91,3552,2.862418,lote_M,risco de perda,risco de perda,0,2026-03-31T16:51:46.468Z
69cbfcce76c481cc1e1d87ae,banana,32.8,91,3561,2.86967,lote_M,risco de perda,risco de perda,0,2026-03-31T16:56:46.400Z
69cbfdfa76c481cc1e1d87af,banana,32.8,91,3577,2.882564,lote_M,risco de perda,risco de perda,0,2026-03-31T17:01:46.426Z
69cbff2676c481cc1e1d87b0,banana,32.8,91,3590,2.89304,lote_M,risco de perda,risco de perda,0,2026-03-31T17:06:46.473Z
69cc005276c481cc1e1d87b1,banana,32.8,91,3607,2.90674,lote_M,risco de perda,risco de perda,0,2026-03-31T17:11:46.498Z
69cc3f0f9ea6b3f10eb0304c,banana,33.8,91,3678,2.963956,lote_M,risco de perda,risco de perda,0,2026-03-31T21:39:27.478Z
69cc40389ea6b3f10eb0304d,banana,33.8,91,3708,2.988132,lote_M,risco de perda,risco de perda,0,2026-03-31T21:44:24.970Z
69cc41659ea6b3f10eb0304e,banana,33.8,91,3724,3.001026,lote_M,risco de perda,risco de perda,0,2026-03-31T21:49:25.107Z
69cc42929ea6b3f10eb0304f,banana,33.8,91,3729,3.005055,lote_M,risco de perda,risco de perda,0,2026-03-31T21:54:26.142Z
69cc43bc9ea6b3f10eb03050,banana,33.8,91,3692,2.975238,lote_M,risco de perda,risco de perda,0,2026-03-31T21:59:24.969Z
69cc44eb9ea6b3f10eb03051,banana,33.8,91,3716,2.994579,lote_M,risco de perda,risco de perda,0,2026-03-31T22:04:27.667Z
69cc46149ea6b3f10eb03052,banana,33.8,91,3727,3.003443,lote_M,risco de perda,risco de perda,0,2026-03-31T22:09:24.828Z
69cc47419ea6b3f10eb03053,banana,33.8,91,3739,3.013113,lote_M,risco de perda,risco de perda,0,2026-03-31T22:14:25.042Z
69cc486d9ea6b3f10eb03054,banana,33.8,91,3727,3.003443,lote_M,risco de perda,risco de perda,0,2026-03-31T22:19:25.694Z
69cc49999ea6b3f10eb03055,banana,33.4,91,3738,3.012308,lote_M,risco de perda,risco de perda,0,2026-03-31T22:24:25.626Z
69cc4ac49ea6b3f10eb03056,banana,33.3,91,3752,3.02359,lote_M,risco de perda,risco de perda,0,2026-03-31T22:29:24.984Z
69cc4bf19ea6b3f10eb03057,banana,33.3,91,3755,3.026007,lote_M,risco de perda,risco de perda,0,2026-03-31T22:34:25.047Z
69cc4d1d9ea6b3f10eb03058,banana,33.3,91,3696,2.978462,lote_M,risco de perda,risco de perda,0,2026-03-31T22:39:25.596Z
69cc4e499ea6b3f10eb03059,banana,33.3,91,3675,2.961539,lote_M,risco de perda,risco de perda,0,2026-03-31T22:44:25.083Z
69cc4f759ea6b3f10eb0305a,banana,33.3,91,3682,2.96718,lote_M,risco de perda,risco de perda,0,2026-03-31T22:49:25.057Z
69cc50a09ea6b3f10eb0305b,banana,32.8,92,3685,2.969597,lote_M,risco de perda,risco de perda,0,2026-03-31T22:54:24.922Z
69cc51cc9ea6b3f10eb0305c,banana,32.8,92,3698,2.980073,lote_M,risco de perda,risco de perda,0,2026-03-31T22:59:24.923Z
69cc52f89ea6b3f10eb0305d,banana,32.8,92,3699,2.980879,lote_M,risco de perda,risco de perda,0,2026-03-31T23:04:24.884Z
69cc54259ea6b3f10eb0305e,banana,32.8,92,3682,2.96718,lote_M,risco de perda,risco de perda,0,2026-03-31T23:09:25.122Z
69cc55509ea6b3f10eb0305f,banana,32.8,92,3684,2.968791,lote_M,risco de perda,risco de perda,0,2026-03-31T23:14:24.933Z
69cc567d9ea6b3f10eb03060,banana,32.6,92,3656,2.946227,lote_M,risco de perda,risco de perda,0,2026-03-31T23:19:25.338Z
69cc57aa9ea6b3f10eb03061,banana,32.3,92,3640,2.933333,lote_M,risco de perda,risco de perda,0,2026-03-31T23:24:26.580Z
69cc58d59ea6b3f10eb03062,banana,32.3,92,3674,2.960733,lote_M,risco de perda,risco de perda,0,2026-03-31T23:29:25.326Z
69cc5a019ea6b3f10eb03063,banana,32.3,92,3684,2.968791,lote_M,risco de perda,risco de perda,0,2026-03-31T23:34:25.219Z
69cc5b2d9ea6b3f10eb03064,banana,32.3,92,3673,2.959927,lote_M,risco de perda,risco de perda,0,2026-03-31T23:39:25.088Z
69cc5c599ea6b3f10eb03065,banana,31.9,92,3674,2.960733,lote_M,risco de perda,risco de perda,0,2026-03-31T23:44:25.132Z
69cc5d859ea6b3f10eb03066,banana,32.3,92,3659,2.948645,lote_M,risco de perda,risco de perda,0,2026-03-31T23:49:25.236Z
69cc5eb19ea6b3f10eb03067,banana,31.8,92,3598,2.899487,lote_M,risco de perda,risco de perda,0,2026-03-31T23:54:25.163Z
69cc5fdc9ea6b3f10eb03068,banana,31.8,92,3634,2.928498,lote_M,risco de perda,risco de perda,0,2026-03-31T23:59:24.974Z
69cc61089ea6b3f10eb03069,banana,31.8,92,3631,2.926081,lote_M,risco de perda,risco de perda,0,2026-04-01T00:04:24.992Z
69cc62359ea6b3f10eb0306a,banana,31.8,92,3640,2.933333,lote_M,risco de perda,risco de perda,0,2026-04-01T00:09:25.086Z
69cc63619ea6b3f10eb0306b,banana,31.8,92,3632,2.926887,lote_M,risco de perda,risco de perda,0,2026-04-01T00:14:25.416Z
69cc648d9ea6b3f10eb0306c,banana,31.3,92,3631,2.926081,lote_M,risco de perda,risco de perda,0,2026-04-01T00:19:25.366Z
69cc65b99ea6b3f10eb0306d,banana,31.3,92,3635,2.929304,lote_M,risco de perda,risco de perda,0,2026-04-01T00:24:25.167Z
69cc66e59ea6b3f10eb0306e,banana,31.3,92,3645,2.937363,lote_M,risco de perda,risco de perda,0,2026-04-01T00:29:25.156Z
69cc68119ea6b3f10eb0306f,banana,31.3,92,3637,2.930916,lote_M,risco de perda,risco de perda,0,2026-04-01T00:34:25.261Z
69cc693d9ea6b3f10eb03070,banana,31.3,92,3504,2.823736,lote_M,risco de perda,risco de perda,0,2026-04-01T00:39:25.268Z
69cc6a699ea6b3f10eb03071,banana,31.3,92,3576,2.881758,lote_M,risco de perda,risco de perda,0,2026-04-01T00:44:25.303Z
69cc6b959ea6b3f10eb03072,banana,30.8,92,3563,2.871282,lote_M,risco de perda,risco de perda,0,2026-04-01T00:49:25.137Z
69cc6cc19ea6b3f10eb03073,banana,30.8,92,3567,2.874506,lote_M,risco de perda,risco de perda,0,2026-04-01T00:54:25.279Z
69cc6ded9ea6b3f10eb03074,banana,30.8,92,3599,2.900293,lote_M,risco de perda,risco de perda,0,2026-04-01T00:59:25.126Z
69cc6f199ea6b3f10eb03075,banana,30.8,92,3534,2.847912,lote_M,risco de perda,risco de perda,0,2026-04-01T01:04:25.145Z
69cc70459ea6b3f10eb03076,banana,30.8,92,3572,2.878535,lote_M,risco de perda,risco de perda,0,2026-04-01T01:09:25.288Z
69cc71719ea6b3f10eb03077,banana,30.3,92,3560,2.868865,lote_M,risco de perda,risco de perda,0,2026-04-01T01:14:25.424Z
69cc729d9ea6b3f10eb03078,banana,30.8,92,3573,2.879341,lote_M,risco de perda,risco de perda,0,2026-04-01T01:19:25.112Z
69cc73c99ea6b3f10eb03079,banana,30.3,92,3600,2.901099,lote_M,risco de perda,risco de perda,0,2026-04-01T01:24:25.251Z
69cc74f59ea6b3f10eb0307a,banana,30.8,92,3577,2.882564,lote_M,risco de perda,risco de perda,0,2026-04-01T01:29:25.332Z
69cc76219ea6b3f10eb0307b,banana,30.8,92,3609,2.908352,lote_M,risco de perda,risco de perda,0,2026-04-01T01:34:25.256Z
69cc774d9ea6b3f10eb0307c,banana,30.8,92,3610,2.909158,lote_M,risco de perda,risco de perda,0,2026-04-01T01:39:25.299Z
69cc78799ea6b3f10eb0307d,banana,30.8,92,3576,2.881758,lote_M,risco de perda,risco de perda,0,2026-04-01T01:44:25.435Z
69cc79a59ea6b3f10eb0307e,banana,30.2,92,3610,2.909158,lote_M,risco de perda,risco de perda,0,2026-04-01T01:49:25.365Z
69cc7ad19ea6b3f10eb0307f,banana,30.2,92,3628,2.923663,lote_M,risco de perda,risco de perda,0,2026-04-01T01:54:25.165Z
69cc7bfd9ea6b3f10eb03080,banana,30.2,92,3638,2.931722,lote_M,risco de perda,risco de perda,0,2026-04-01T01:59:25.345Z
69cc7d299ea6b3f10eb03081,banana,30.2,92,3608,2.907546,lote_M,risco de perda,risco de perda,0,2026-04-01T02:04:25.378Z
69cc7e559ea6b3f10eb03082,banana,30.2,92,3613,2.911575,lote_M,risco de perda,risco de perda,0,2026-04-01T02:09:25.205Z
69cc7f819ea6b3f10eb03083,banana,30.2,92,3544,2.855971,lote_M,risco de perda,risco de perda,0,2026-04-01T02:14:25.370Z
69cc80ad9ea6b3f10eb03084,banana,30.2,92,3355,2.703663,lote_M,risco de perda,risco de perda,0,2026-04-01T02:19:25.340Z
69cc81d99ea6b3f10eb03085,banana,29.8,93,3223,2.597289,lote_M,risco de perda,risco de perda,0,2026-04-01T02:24:25.175Z
69cc83059ea6b3f10eb03086,banana,29.3,92,3226,2.599707,lote_M,risco de perda,risco de perda,0,2026-04-01T02:29:25.209Z
69cc84319ea6b3f10eb03087,banana,28.9,92,3074,2.477216,lote_M,risco de perda,alerta,12,2026-04-01T02:34:25.386Z
69cc855d9ea6b3f10eb03088,banana,28.9,92,2990,2.409524,lote_M,risco de perda,alerta,12,2026-04-01T02:39:25.212Z
69cc86899ea6b3f10eb03089,banana,28.5,92,2922,2.354725,lote_M,risco de perda,alerta,12,2026-04-01T02:44:25.871Z
69cc87b59ea6b3f10eb0308a,banana,28.5,92,3021,2.434505,lote_M,risco de perda,alerta,12,2026-04-01T02:49:25.279Z
69cc88e19ea6b3f10eb0308b,banana,28,92,3142,2.532015,lote_M,risco de perda,risco de perda,0,2026-04-01T02:54:25.449Z
69cc8a0d9ea6b3f10eb0308c,banana,28.5,93,3202,2.580366,lote_M,risco de perda,risco de perda,0,2026-04-01T02:59:25.384Z
69cc8b399ea6b3f10eb0308d,banana,28.9,93,3254,2.622271,lote_M,risco de perda,risco de perda,0,2026-04-01T03:04:25.912Z
69cc8c659ea6b3f10eb0308e,banana,28.9,93,3266,2.631941,lote_M,risco de perda,risco de perda,0,2026-04-01T03:09:25.236Z
69cc8d919ea6b3f10eb0308f,banana,28.9,93,3240,2.610989,lote_M,risco de perda,risco de perda,0,2026-04-01T03:14:25.424Z
69cc8ebd9ea6b3f10eb03090,banana,28.9,93,3210,2.586813,lote_M,risco de perda,risco de perda,0,2026-04-01T03:19:25.311Z
69cc8fe99ea6b3f10eb03091,banana,28.9,93,3287,2.648865,lote_M,risco de perda,risco de perda,0,2026-04-01T03:24:25.440Z
69cc91159ea6b3f10eb03092,banana,28.5,93,3336,2.688352,lote_M,risco de perda,risco de perda,0,2026-04-01T03:29:25.431Z
69cc92419ea6b3f10eb03093,banana,28.9,93,3367,2.713333,lote_M,risco de perda,risco de perda,0,2026-04-01T03:34:25.259Z
69cc936d9ea6b3f10eb03094,banana,28.9,93,3143,2.53282,lote_M,risco de perda,risco de perda,0,2026-04-01T03:39:25.341Z
69cc94999ea6b3f10eb03095,banana,28.9,93,2819,2.271722,lote_M,risco de perda,alerta,12,2026-04-01T03:44:25.525Z
69cc95c89ea6b3f10eb03096,banana,28,92,2665,2.147619,lote_M,risco de perda,alerta,12,2026-04-01T03:49:28.228Z
69cc96f19ea6b3f10eb03097,banana,27.2,93,2786,2.245128,lote_M,risco de perda,alerta,12,2026-04-01T03:54:25.303Z
69cc981f9ea6b3f10eb03098,banana,27.1,93,2844,2.291868,lote_M,risco de perda,alerta,12,2026-04-01T03:59:27.127Z
69cc99499ea6b3f10eb03099,banana,27.1,93,2833,2.283004,lote_M,risco de perda,alerta,12,2026-04-01T04:04:25.420Z
69cc9a759ea6b3f10eb0309a,banana,27.6,93,2844,2.291868,lote_M,risco de perda,alerta,12,2026-04-01T04:09:25.354Z
69cc9ba19ea6b3f10eb0309b,banana,27.1,93,3027,2.439341,lote_M,risco de perda,alerta,12,2026-04-01T04:14:25.404Z
69cc9ccd9ea6b3f10eb0309c,banana,27.1,93,3139,2.529597,lote_M,risco de perda,risco de perda,0,2026-04-01T04:19:25.562Z
69cc9df99ea6b3f10eb0309d,banana,27.6,94,3218,2.59326,lote_M,risco de perda,risco de perda,0,2026-04-01T04:24:25.566Z
69cc9f259ea6b3f10eb0309e,banana,28,93,3267,2.632747,lote_M,risco de perda,risco de perda,0,2026-04-01T04:29:25.397Z
69cca0519ea6b3f10eb0309f,banana,28.5,93,3307,2.664982,lote_M,risco de perda,risco de perda,0,2026-04-01T04:34:25.499Z
69cca17d9ea6b3f10eb030a0,banana,28.5,93,3340,2.691575,lote_M,risco de perda,risco de perda,0,2026-04-01T04:39:25.582Z
69cca2a99ea6b3f10eb030a1,banana,28.5,93,3366,2.712528,lote_M,risco de perda,risco de perda,0,2026-04-01T04:44:25.506Z
69cca3d59ea6b3f10eb030a2,banana,28.9,92,3396,2.736703,lote_M,risco de perda,risco de perda,0,2026-04-01T04:49:25.398Z
69cca5019ea6b3f10eb030a3,banana,28.9,92,3414,2.751209,lote_M,risco de perda,risco de perda,0,2026-04-01T04:54:25.591Z
69cca62d9ea6b3f10eb030a4,banana,28.9,92,3431,2.764908,lote_M,risco de perda,risco de perda,0,2026-04-01T04:59:25.635Z
69cca7599ea6b3f10eb030a5,banana,28.9,92,3447,2.777802,lote_M,risco de perda,risco de perda,0,2026-04-01T05:04:25.456Z
69cca8859ea6b3f10eb030a6,banana,28.9,92,3462,2.78989,lote_M,risco de perda,risco de perda,0,2026-04-01T05:09:25.590Z
69cca9b19ea6b3f10eb030a7,banana,29.2,92,3483,2.806813,lote_M,risco de perda,risco de perda,0,2026-04-01T05:14:25.606Z
69ccaadd9ea6b3f10eb030a8,banana,29.3,92,3495,2.816483,lote_M,risco de perda,risco de perda,0,2026-04-01T05:19:25.457Z
69ccac099ea6b3f10eb030a9,banana,29.3,92,3506,2.825348,lote_M,risco de perda,risco de perda,0,2026-04-01T05:24:25.488Z
69ccad359ea6b3f10eb030aa,banana,29.3,92,3522,2.838242,lote_M,risco de perda,risco de perda,0,2026-04-01T05:29:25.630Z
69ccae619ea6b3f10eb030ab,banana,29.3,92,3533,2.847106,lote_M,risco de perda,risco de perda,0,2026-04-01T05:34:25.628Z
69ccaf8d9ea6b3f10eb030ac,banana,29.3,92,3543,2.855165,lote_M,risco de perda,risco de perda,0,2026-04-01T05:39:25.725Z
69ccb0b99ea6b3f10eb030ad,banana,29.3,92,3552,2.862418,lote_M,risco de perda,risco de perda,0,2026-04-01T05:44:25.522Z
69ccb1e59ea6b3f10eb030ae,banana,29.3,92,3562,2.870476,lote_M,risco de perda,risco de perda,0,2026-04-01T05:49:25.793Z
69ccb3119ea6b3f10eb030af,banana,29.3,92,3570,2.876923,lote_M,risco de perda,risco de perda,0,2026-04-01T05:54:25.722Z
69ccb43d9ea6b3f10eb030b0,banana,29.3,92,3572,2.878535,lote_M,risco de perda,risco de perda,0,2026-04-01T05:59:25.614Z
69ccb5699ea6b3f10eb030b1,banana,29.3,92,3580,2.884982,lote_M,risco de perda,risco de perda,0,2026-04-01T06:04:25.547Z
69ccb6959ea6b3f10eb030b2,banana,29.3,92,3596,2.897876,lote_M,risco de perda,risco de perda,0,2026-04-01T06:09:25.728Z
69ccb7c19ea6b3f10eb030b3,banana,29.3,92,3602,2.902711,lote_M,risco de perda,risco de perda,0,2026-04-01T06:14:25.866Z
69ccb8ed9ea6b3f10eb030b4,banana,29.3,92,3608,2.907546,lote_M,risco de perda,risco de perda,0,2026-04-01T06:19:25.553Z
69ccba1a9ea6b3f10eb030b5,banana,29.3,92,3620,2.917216,lote_M,risco de perda,risco de perda,0,2026-04-01T06:24:26.299Z
69ccbb459ea6b3f10eb030b6,banana,29.3,92,3614,2.912381,lote_M,risco de perda,risco de perda,0,2026-04-01T06:29:25.529Z
69ccbc729ea6b3f10eb030b7,banana,29.3,92,3595,2.89707,lote_M,risco de perda,risco de perda,0,2026-04-01T06:34:26.223Z
69ccbd9d9ea6b3f10eb030b8,banana,29.3,92,3595,2.89707,lote_M,risco de perda,risco de perda,0,2026-04-01T06:39:25.557Z
69ccbec99ea6b3f10eb030b9,banana,29.3,92,3607,2.90674,lote_M,risco de perda,risco de perda,0,2026-04-01T06:44:25.871Z
69ccbff59ea6b3f10eb030ba,banana,29.3,92,3609,2.908352,lote_M,risco de perda,risco de perda,0,2026-04-01T06:49:25.764Z
69ccc1229ea6b3f10eb030bb,banana,29.3,92,3618,2.915604,lote_M,risco de perda,risco de perda,0,2026-04-01T06:54:26.198Z
69ccc24d9ea6b3f10eb030bc,banana,29.3,92,3605,2.905128,lote_M,risco de perda,risco de perda,0,2026-04-01T06:59:25.565Z
69ccc3799ea6b3f10eb030bd,banana,29.3,92,3602,2.902711,lote_M,risco de perda,risco de perda,0,2026-04-01T07:04:25.805Z
69ccc4a59ea6b3f10eb030be,banana,29.3,92,3603,2.903517,lote_M,risco de perda,risco de perda,0,2026-04-01T07:09:25.592Z
69ccc5d19ea6b3f10eb030bf,banana,29.3,92,3618,2.915604,lote_M,risco de perda,risco de perda,0,2026-04-01T07:14:25.773Z
69ccc6fd9ea6b3f10eb030c0,banana,29.3,92,3623,2.919634,lote_M,risco de perda,risco de perda,0,2026-04-01T07:19:25.808Z
69ccc8299ea6b3f10eb030c1,banana,29.3,92,3625,2.921245,lote_M,risco de perda,risco de perda,0,2026-04-01T07:24:25.844Z
69ccc9559ea6b3f10eb030c2,banana,29.3,92,3629,2.924469,lote_M,risco de perda,risco de perda,0,2026-04-01T07:29:25.646Z
69ccca819ea6b3f10eb030c3,banana,29.3,92,3635,2.929304,lote_M,risco de perda,risco de perda,0,2026-04-01T07:34:25.773Z
69cccbad9ea6b3f10eb030c4,banana,29.3,92,3644,2.936557,lote_M,risco de perda,risco de perda,0,2026-04-01T07:39:25.849Z
69ccccd99ea6b3f10eb030c5,banana,29.3,92,3648,2.93978,lote_M,risco de perda,risco de perda,0,2026-04-01T07:44:25.684Z
69ccce069ea6b3f10eb030c6,banana,29.3,93,3654,2.944615,lote_M,risco de perda,risco de perda,0,2026-04-01T07:49:26.458Z
69cccf319ea6b3f10eb030c7,banana,29.3,93,3655,2.945421,lote_M,risco de perda,risco de perda,0,2026-04-01T07:54:25.652Z
69ccd05d9ea6b3f10eb030c8,banana,29.3,93,3658,2.947839,lote_M,risco de perda,risco de perda,0,2026-04-01T07:59:25.936Z
69ccd1899ea6b3f10eb030c9,banana,29.3,93,3653,2.94381,lote_M,risco de perda,risco de perda,0,2026-04-01T08:04:25.684Z
69ccd2b59ea6b3f10eb030ca,banana,29.3,93,3655,2.945421,lote_M,risco de perda,risco de perda,0,2026-04-01T08:09:25.862Z
69ccd3e19ea6b3f10eb030cb,banana,28.9,93,3653,2.94381,lote_M,risco de perda,risco de perda,0,2026-04-01T08:14:25.962Z
69ccd50d9ea6b3f10eb030cc,banana,28.9,93,3654,2.944615,lote_M,risco de perda,risco de perda,0,2026-04-01T08:19:25.731Z
69ccd6399ea6b3f10eb030cd,banana,28.9,93,3660,2.94945,lote_M,risco de perda,risco de perda,0,2026-04-01T08:24:25.767Z
69ccd7669ea6b3f10eb030ce,banana,28.9,93,3659,2.948645,lote_M,risco de perda,risco de perda,0,2026-04-01T08:29:26.024Z
69ccd8919ea6b3f10eb030cf,banana,28.9,93,3659,2.948645,lote_M,risco de perda,risco de perda,0,2026-04-01T08:34:25.941Z
69ccd9bd9ea6b3f10eb030d0,banana,28.9,93,3661,2.950256,lote_M,risco de perda,risco de perda,0,2026-04-01T08:39:25.771Z
69ccdae99ea6b3f10eb030d1,banana,28.9,93,3660,2.94945,lote_M,risco de perda,risco de perda,0,2026-04-01T08:44:25.919Z
69ccdc159ea6b3f10eb030d2,banana,28.9,93,3665,2.95348,lote_M,risco de perda,risco de perda,0,2026-04-01T08:49:25.717Z
69ccdd419ea6b3f10eb030d3,banana,28.9,93,3667,2.955091,lote_M,risco de perda,risco de perda,0,2026-04-01T08:54:25.752Z
69ccde6d9ea6b3f10eb030d4,banana,28.9,93,3663,2.951868,lote_M,risco de perda,risco de perda,0,2026-04-01T08:59:25.823Z
69ccdf999ea6b3f10eb030d5,banana,28.9,93,3667,2.955091,lote_M,risco de perda,risco de perda,0,2026-04-01T09:04:25.921Z
69cce0c59ea6b3f10eb030d6,banana,28.9,93,3658,2.947839,lote_M,risco de perda,risco de perda,0,2026-04-01T09:09:25.789Z
69cce1f19ea6b3f10eb030d7,banana,28.9,93,3662,2.951062,lote_M,risco de perda,risco de perda,0,2026-04-01T09:14:25.819Z
69cce31d9ea6b3f10eb030d8,banana,28.9,93,3663,2.951868,lote_M,risco de perda,risco de perda,0,2026-04-01T09:19:25.928Z
69cce4499ea6b3f10eb030d9,banana,28.9,93,3660,2.94945,lote_M,risco de perda,risco de perda,0,2026-04-01T09:24:25.901Z
69cce5769ea6b3f10eb030da,banana,28.9,93,3660,2.94945,lote_M,risco de perda,risco de perda,0,2026-04-01T09:29:26.144Z
69cce6a19ea6b3f10eb030db,banana,28.9,93,3657,2.947033,lote_M,risco de perda,risco de perda,0,2026-04-01T09:34:25.864Z
69cce7cd9ea6b3f10eb030dc,banana,28.5,93,3659,2.948645,lote_M,risco de perda,risco de perda,0,2026-04-01T09:39:25.820Z
69cce8f99ea6b3f10eb030dd,banana,28.5,93,3648,2.93978,lote_M,risco de perda,risco de perda,0,2026-04-01T09:44:25.808Z
69ccea259ea6b3f10eb030de,banana,28.5,93,3658,2.947839,lote_M,risco de perda,risco de perda,0,2026-04-01T09:49:25.873Z
69cceb529ea6b3f10eb030df,banana,28.5,93,3658,2.947839,lote_M,risco de perda,risco de perda,0,2026-04-01T09:54:26.813Z
69ccec7e9ea6b3f10eb030e0,banana,28.5,93,3660,2.94945,lote_M,risco de perda,risco de perda,0,2026-04-01T09:59:26.180Z
69ccedaa9ea6b3f10eb030e1,banana,28.5,93,3655,2.945421,lote_M,risco de perda,risco de perda,0,2026-04-01T10:04:26.080Z
69cceed59ea6b3f10eb030e2,banana,28.5,93,3659,2.948645,lote_M,risco de perda,risco de perda,0,2026-04-01T10:09:25.913Z
69ccf0019ea6b3f10eb030e3,banana,28.5,93,3658,2.947839,lote_M,risco de perda,risco de perda,0,2026-04-01T10:14:25.949Z
69ccf12e9ea6b3f10eb030e4,banana,28.5,93,3662,2.951062,lote_M,risco de perda,risco de perda,0,2026-04-01T10:19:26.049Z
69ccf2599ea6b3f10eb030e5,banana,28.5,93,3663,2.951868,lote_M,risco de perda,risco de perda,0,2026-04-01T10:24:25.931Z
69ccf3869ea6b3f10eb030e6,banana,28.5,93,3659,2.948645,lote_M,risco de perda,risco de perda,0,2026-04-01T10:29:26.161Z
69ccf4b29ea6b3f10eb030e7,banana,28.5,93,3657,2.947033,lote_M,risco de perda,risco de perda,0,2026-04-01T10:34:26.215Z
69ccf5de9ea6b3f10eb030e8,banana,28.5,93,3649,2.940586,lote_M,risco de perda,risco de perda,0,2026-04-01T10:39:26.228Z
69ccf7099ea6b3f10eb030e9,banana,28.5,93,3653,2.94381,lote_M,risco de perda,risco de perda,0,2026-04-01T10:44:25.968Z
69ccf8369ea6b3f10eb030ea,banana,28.5,93,3648,2.93978,lote_M,risco de perda,risco de perda,0,2026-04-01T10:49:26.056Z
69ccf9629ea6b3f10eb030eb,banana,28.5,93,3650,2.941392,lote_M,risco de perda,risco de perda,0,2026-04-01T10:54:26.099Z
69ccfa8e9ea6b3f10eb030ec,banana,28.5,93,3648,2.93978,lote_M,risco de perda,risco de perda,0,2026-04-01T10:59:26.081Z
69ccfbb99ea6b3f10eb030ed,banana,28.5,93,3649,2.940586,lote_M,risco de perda,risco de perda,0,2026-04-01T11:04:25.969Z
69ccfce69ea6b3f10eb030ee,banana,28.5,93,3648,2.93978,lote_M,risco de perda,risco de perda,0,2026-04-01T11:09:26.104Z
69ccfe129ea6b3f10eb030ef,banana,28.5,93,3647,2.938974,lote_M,risco de perda,risco de perda,0,2026-04-01T11:14:26.339Z
69ccff3e9ea6b3f10eb030f0,banana,28.5,93,3650,2.941392,lote_M,risco de perda,risco de perda,0,2026-04-01T11:19:26.935Z
69cd00699ea6b3f10eb030f1,banana,28.5,93,3649,2.940586,lote_M,risco de perda,risco de perda,0,2026-04-01T11:24:25.946Z
69cd01969ea6b3f10eb030f2,banana,28.5,93,3648,2.93978,lote_M,risco de perda,risco de perda,0,2026-04-01T11:29:26.162Z
69cd02c29ea6b3f10eb030f3,banana,28.5,93,3653,2.94381,lote_M,risco de perda,risco de perda,0,2026-04-01T11:34:26.024Z
69cd03ed9ea6b3f10eb030f4,banana,28.5,93,3650,2.941392,lote_M,risco de perda,risco de perda,0,2026-04-01T11:39:25.980Z
69cd051a9ea6b3f10eb030f5,banana,28.5,93,3653,2.94381,lote_M,risco de perda,risco de perda,0,2026-04-01T11:44:26.192Z
69cd06469ea6b3f10eb030f6,banana,28.5,93,3653,2.94381,lote_M,risco de perda,risco de perda,0,2026-04-01T11:49:26.229Z
69cd07729ea6b3f10eb030f7,banana,28.5,93,3650,2.941392,lote_M,risco de perda,risco de perda,0,2026-04-01T11:54:26.063Z
69cd089e9ea6b3f10eb030f8,banana,28.5,93,3652,2.943004,lote_M,risco de perda,risco de perda,0,2026-04-01T11:59:26.163Z
69cd09ca9ea6b3f10eb030f9,banana,28.5,93,3652,2.943004,lote_M,risco de perda,risco de perda,0,2026-04-01T12:04:26.202Z
69cd0af69ea6b3f10eb030fa,banana,28.5,93,3647,2.938974,lote_M,risco de perda,risco de perda,0,2026-04-01T12:09:26.392Z
69cd0c229ea6b3f10eb030fb,banana,28.5,93,3653,2.94381,lote_M,risco de perda,risco de perda,0,2026-04-01T12:14:26.100Z
69cd0d4e9ea6b3f10eb030fc,banana,28.5,93,3653,2.94381,lote_M,risco de perda,risco de perda,0,2026-04-01T12:19:26.051Z
69cd0e7a9ea6b3f10eb030fd,banana,28.5,93,3656,2.946227,lote_M,risco de perda,risco de perda,0,2026-04-01T12:24:26.243Z
69cd0fa69ea6b3f10eb030fe,banana,28.5,93,3652,2.943004,lote_M,risco de perda,risco de perda,0,2026-04-01T12:29:26.310Z
69cd10d29ea6b3f10eb030ff,banana,28.5,93,3652,2.943004,lote_M,risco de perda,risco de perda,0,2026-04-01T12:34:26.208Z
69cd11fe9ea6b3f10eb03100,banana,28.5,93,3654,2.944615,lote_M,risco de perda,risco de perda,0,2026-04-01T12:39:26.256Z
69cd132a9ea6b3f10eb03101,banana,28.5,92,3654,2.944615,lote_M,risco de perda,risco de perda,0,2026-04-01T12:44:26.089Z
69cd14569ea6b3f10eb03102,banana,28.5,93,3648,2.93978,lote_M,risco de perda,risco de perda,0,2026-04-01T12:49:26.944Z
69cd15829ea6b3f10eb03103,banana,28.5,92,3654,2.944615,lote_M,risco de perda,risco de perda,0,2026-04-01T12:54:26.536Z
69cd16ae9ea6b3f10eb03104,banana,28.5,92,3655,2.945421,lote_M,risco de perda,risco de perda,0,2026-04-01T12:59:26.289Z
69cd17da9ea6b3f10eb03105,banana,28.5,92,3654,2.944615,lote_M,risco de perda,risco de perda,0,2026-04-01T13:04:26.363Z
69cd19069ea6b3f10eb03106,banana,28.5,92,3650,2.941392,lote_M,risco de perda,risco de perda,0,2026-04-01T13:09:26.675Z
69cd1a329ea6b3f10eb03107,banana,28.5,92,3650,2.941392,lote_M,risco de perda,risco de perda,0,2026-04-01T13:14:26.299Z
69cd1b5e9ea6b3f10eb03108,banana,28.5,92,3661,2.950256,lote_M,risco de perda,risco de perda,0,2026-04-01T13:19:26.371Z
69cd1c8a9ea6b3f10eb03109,banana,28.5,92,3656,2.946227,lote_M,risco de perda,risco de perda,0,2026-04-01T13:24:26.520Z
69cd1db69ea6b3f10eb0310a,banana,28.5,92,3656,2.946227,lote_M,risco de perda,risco de perda,0,2026-04-01T13:29:26.347Z
69cd1ee29ea6b3f10eb0310b,banana,28.7,92,3662,2.951062,lote_M,risco de perda,risco de perda,0,2026-04-01T13:34:26.374Z
69cd200e9ea6b3f10eb0310c,banana,28.9,92,3660,2.94945,lote_M,risco de perda,risco de perda,0,2026-04-01T13:39:26.419Z
69cd213a9ea6b3f10eb0310d,banana,28.9,92,3661,2.950256,lote_M,risco de perda,risco de perda,0,2026-04-01T13:44:26.235Z
69cd22669ea6b3f10eb0310e,banana,28.9,92,3666,2.954286,lote_M,risco de perda,risco de perda,0,2026-04-01T13:49:26.375Z
69cd23929ea6b3f10eb0310f,banana,28.9,92,3667,2.955091,lote_M,risco de perda,risco de perda,0,2026-04-01T13:54:26.496Z
69cd24be9ea6b3f10eb03110,banana,28.9,92,3668,2.955897,lote_M,risco de perda,risco de perda,0,2026-04-01T13:59:26.464Z
69cd25ea9ea6b3f10eb03111,banana,28.9,92,3673,2.959927,lote_M,risco de perda,risco de perda,0,2026-04-01T14:04:26.348Z
69cd27169ea6b3f10eb03112,banana,28.9,92,3674,2.960733,lote_M,risco de perda,risco de perda,0,2026-04-01T14:09:26.423Z
69cd28429ea6b3f10eb03113,banana,28.9,92,3673,2.959927,lote_M,risco de perda,risco de perda,0,2026-04-01T14:14:26.447Z
69cd296e9ea6b3f10eb03114,banana,28.9,92,3675,2.961539,lote_M,risco de perda,risco de perda,0,2026-04-01T14:19:26.261Z
69cd2a9a9ea6b3f10eb03115,banana,28.9,92,3682,2.96718,lote_M,risco de perda,risco de perda,0,2026-04-01T14:24:26.409Z
69cd2bc69ea6b3f10eb03116,banana,28.9,92,3683,2.967985,lote_M,risco de perda,risco de perda,0,2026-04-01T14:29:26.465Z
69cd2cf29ea6b3f10eb03117,banana,29.3,92,3682,2.96718,lote_M,risco de perda,risco de perda,0,2026-04-01T14:34:26.461Z
69cd2e1e9ea6b3f10eb03118,banana,29.3,92,3689,2.972821,lote_M,risco de perda,risco de perda,0,2026-04-01T14:39:26.499Z
69cd2f4a9ea6b3f10eb03119,banana,29.3,93,3695,2.977656,lote_M,risco de perda,risco de perda,0,2026-04-01T14:44:26.329Z
69cd30769ea6b3f10eb0311a,banana,29.3,92,3695,2.977656,lote_M,risco de perda,risco de perda,0,2026-04-01T14:49:26.408Z
69cd31a29ea6b3f10eb0311b,banana,29.3,92,3697,2.979267,lote_M,risco de perda,risco de perda,0,2026-04-01T14:54:26.450Z
69cd32cf9ea6b3f10eb0311c,banana,29.3,92,3702,2.983297,lote_M,risco de perda,risco de perda,0,2026-04-01T14:59:27.610Z
69cd33fa9ea6b3f10eb0311d,banana,29.3,92,3708,2.988132,lote_M,risco de perda,risco de perda,0,2026-04-01T15:04:26.418Z
69cd35269ea6b3f10eb0311e,banana,29.5,92,3711,2.99055,lote_M,risco de perda,risco de perda,0,2026-04-01T15:09:26.451Z
69cd36529ea6b3f10eb0311f,banana,29.8,92,3711,2.99055,lote_M,risco de perda,risco de perda,0,2026-04-01T15:14:26.382Z
69cd377e9ea6b3f10eb03120,banana,29.8,92,3714,2.992967,lote_M,risco de perda,risco de perda,0,2026-04-01T15:19:26.433Z
69cd767c684401be334a6286,banana,32.3,92,3757,3.027619,lote_M,risco de perda,risco de perda,0,2026-04-01T19:48:12.941Z
69cd77a9684401be334a6287,banana,32.3,92,3775,3.042125,lote_M,risco de perda,risco de perda,0,2026-04-01T19:53:13.184Z
69cd78d4684401be334a6288,banana,32.3,92,3779,3.045348,lote_M,risco de perda,risco de perda,0,2026-04-01T19:58:12.895Z
69cd7a00684401be334a6289,banana,32.3,92,3780,3.046154,lote_M,risco de perda,risco de perda,0,2026-04-01T20:03:12.931Z
69cd7b2c684401be334a628a,banana,32.3,92,3802,3.063883,lote_M,risco de perda,risco de perda,0,2026-04-01T20:08:12.880Z
69cd7c59684401be334a628b,banana,32.3,92,3768,3.036484,lote_M,risco de perda,risco de perda,0,2026-04-01T20:13:13.353Z
69cd7d87684401be334a628c,banana,32.3,92,3747,3.01956,lote_M,risco de perda,risco de perda,0,2026-04-01T20:18:15.669Z
69cd7eb1684401be334a628d,banana,32.3,92,3820,3.078388,lote_M,risco de perda,risco de perda,0,2026-04-01T20:23:13.072Z
69cd7fe1684401be334a628e,banana,31.8,92,3798,3.060659,lote_M,risco de perda,risco de perda,0,2026-04-01T20:28:17.185Z
69cd8108684401be334a628f,banana,31.8,92,3787,3.051795,lote_M,risco de perda,risco de perda,0,2026-04-01T20:33:12.932Z
69cd8235684401be334a6290,banana,31.8,92,3756,3.026813,lote_M,risco de perda,risco de perda,0,2026-04-01T20:38:13.274Z
69cd8363684401be334a6291,banana,31.8,92,3677,2.96315,lote_M,risco de perda,risco de perda,0,2026-04-01T20:43:15.388Z
69cd848d684401be334a6292,banana,31.8,92,3695,2.977656,lote_M,risco de perda,risco de perda,0,2026-04-01T20:48:13.113Z
69cd85b9684401be334a6293,banana,31.3,92,3749,3.021172,lote_M,risco de perda,risco de perda,0,2026-04-01T20:53:13.347Z
69cd86e5684401be334a6294,banana,31.8,92,3772,3.039707,lote_M,risco de perda,risco de perda,0,2026-04-01T20:58:13.136Z
69cd8811684401be334a6295,banana,31.8,92,3738,3.012308,lote_M,risco de perda,risco de perda,0,2026-04-01T21:03:13.345Z
69cd893d684401be334a6296,banana,31.3,92,3746,3.018754,lote_M,risco de perda,risco de perda,0,2026-04-01T21:08:13.039Z
69cd8a69684401be334a6297,banana,31.3,92,3466,2.793113,lote_M,risco de perda,risco de perda,0,2026-04-01T21:13:13.178Z
69cd8b95684401be334a6298,banana,30.7,92,3404,2.74315,lote_M,risco de perda,risco de perda,0,2026-04-01T21:18:13.197Z
69cd8cc1684401be334a6299,banana,29.8,92,3459,2.787472,lote_M,risco de perda,risco de perda,0,2026-04-01T21:23:13.501Z
69cd8ded684401be334a629a,banana,29.3,92,3532,2.8463,lote_M,risco de perda,risco de perda,0,2026-04-01T21:28:13.389Z
69cd8f19684401be334a629b,banana,29.8,93,3310,2.667399,lote_M,risco de perda,risco de perda,0,2026-04-01T21:33:13.078Z
69cd9045684401be334a629c,banana,29.8,93,3382,2.725421,lote_M,risco de perda,risco de perda,0,2026-04-01T21:38:13.212Z
69cd9171684401be334a629d,banana,28.9,93,2992,2.411135,lote_M,risco de perda,alerta,12,2026-04-01T21:43:13.410Z
69cd929d684401be334a629e,banana,28.9,93,2996,2.414359,lote_M,risco de perda,alerta,12,2026-04-01T21:48:13.087Z
69cd93c9684401be334a629f,banana,28,92,3177,2.56022,lote_M,risco de perda,risco de perda,0,2026-04-01T21:53:13.217Z
69cd94f5684401be334a62a0,banana,27.6,93,3311,2.668205,lote_M,risco de perda,risco de perda,0,2026-04-01T21:58:13.199Z
69cd9621684401be334a62a1,banana,28.5,93,3366,2.712528,lote_M,risco de perda,risco de perda,0,2026-04-01T22:03:13.100Z
69cd974d684401be334a62a2,banana,28.9,93,3224,2.598095,lote_M,risco de perda,risco de perda,0,2026-04-01T22:08:13.169Z
69cd9879684401be334a62a3,banana,28.9,93,3011,2.426447,lote_M,risco de perda,alerta,12,2026-04-01T22:13:13.406Z
69cd99a5684401be334a62a4,banana,28.5,93,2608,2.101685,lote_M,risco de perda,alerta,12,2026-04-01T22:18:13.295Z
69cd9ad1684401be334a62a5,banana,27.8,94,2560,2.063004,lote_M,risco de perda,madura,42,2026-04-01T22:23:13.284Z
69cd9bfd684401be334a62a6,banana,27.1,93,2425,1.954212,lote_M,risco de perda,madura,42,2026-04-01T22:28:13.268Z
69cd9d29684401be334a62a7,banana,26.7,93,2425,1.954212,lote_M,risco de perda,madura,42,2026-04-01T22:33:13.459Z
69cd9e55684401be334a62a8,banana,26.2,93,2295,1.849451,lote_M,risco de perda,madura,42,2026-04-01T22:38:13.178Z
69cd9f81684401be334a62a9,banana,26.2,93,2495,2.010623,lote_M,risco de perda,madura,42,2026-04-01T22:43:13.212Z
69cda0ad684401be334a62aa,banana,26.2,93,2682,2.161319,lote_M,risco de perda,alerta,12,2026-04-01T22:48:13.272Z
69cda1d9684401be334a62ab,banana,26.2,93,2889,2.328132,lote_M,risco de perda,alerta,12,2026-04-01T22:53:13.230Z
69cda305684401be334a62ac,banana,26.7,94,3036,2.446594,lote_M,risco de perda,alerta,12,2026-04-01T22:58:13.230Z
69cda431684401be334a62ad,banana,27.6,94,3167,2.552161,lote_M,risco de perda,risco de perda,0,2026-04-01T23:03:13.990Z
69cda55d684401be334a62ae,banana,27.6,94,3275,2.639194,lote_M,risco de perda,risco de perda,0,2026-04-01T23:08:13.295Z
69cda689684401be334a62af,banana,28,93,3324,2.678681,lote_M,risco de perda,risco de perda,0,2026-04-01T23:13:13.535Z
69cda7b5684401be334a62b0,banana,28,93,3362,2.709304,lote_M,risco de perda,risco de perda,0,2026-04-01T23:18:13.264Z
69cda8e1684401be334a62b1,banana,28,93,3389,2.731062,lote_M,risco de perda,risco de perda,0,2026-04-01T23:23:13.514Z
69cdaa0d684401be334a62b2,banana,28.5,93,3407,2.745568,lote_M,risco de perda,risco de perda,0,2026-04-01T23:28:13.975Z
69cdab39684401be334a62b3,banana,28.5,93,3377,2.721392,lote_M,risco de perda,risco de perda,0,2026-04-01T23:33:13.498Z
69cdac65684401be334a62b4,banana,28.5,92,3342,2.693187,lote_M,risco de perda,risco de perda,0,2026-04-01T23:38:13.295Z
69cdad91684401be334a62b5,banana,28.5,92,3265,2.631135,lote_M,risco de perda,risco de perda,0,2026-04-01T23:43:13.417Z
69cdaebd684401be334a62b6,banana,28,92,3215,2.590842,lote_M,risco de perda,risco de perda,0,2026-04-01T23:48:13.446Z
69cdafe9684401be334a62b7,banana,28,92,3281,2.644029,lote_M,risco de perda,risco de perda,0,2026-04-01T23:53:13.282Z
69cdb115684401be334a62b8,banana,27.6,93,3358,2.706081,lote_M,risco de perda,risco de perda,0,2026-04-01T23:58:13.669Z
69cdb241684401be334a62b9,banana,27.6,93,3401,2.740733,lote_M,risco de perda,risco de perda,0,2026-04-02T00:03:13.452Z
69cdb36d684401be334a62ba,banana,28,93,3402,2.741539,lote_M,risco de perda,risco de perda,0,2026-04-02T00:08:13.492Z
69cdb49c684401be334a62bb,banana,28,93,3396,2.736703,lote_M,risco de perda,risco de perda,0,2026-04-02T00:13:16.239Z
69cdb5c5684401be334a62bc,banana,28,93,3081,2.482857,lote_M,risco de perda,alerta,12,2026-04-02T00:18:13.404Z
69cdb6f1684401be334a62bd,banana,28,92,2872,2.314432,lote_M,risco de perda,alerta,12,2026-04-02T00:23:13.522Z
69cdb81d684401be334a62be,banana,27.1,93,2781,2.241099,lote_M,risco de perda,alerta,12,2026-04-02T00:28:13.531Z
69cdb949684401be334a62bf,banana,26.7,93,2654,2.138755,lote_M,risco de perda,alerta,12,2026-04-02T00:33:13.504Z
69cdba75684401be334a62c0,banana,26.7,93,2493,2.009011,lote_M,risco de perda,madura,42,2026-04-02T00:38:13.541Z
69cdbba1684401be334a62c1,banana,26.3,93,2364,1.905055,lote_M,risco de perda,madura,42,2026-04-02T00:43:13.577Z
69cdbccd684401be334a62c2,banana,26.2,93,2351,1.894579,lote_M,risco de perda,madura,42,2026-04-02T00:48:13.419Z
69cdbdf9684401be334a62c3,banana,25.8,93,2691,2.168571,lote_M,risco de perda,alerta,12,2026-04-02T00:53:13.652Z
69cdbf25684401be334a62c4,banana,25.8,93,2903,2.339414,lote_M,risco de perda,alerta,12,2026-04-02T00:58:13.591Z
69cdc051684401be334a62c5,banana,26.2,93,3075,2.478022,lote_M,risco de perda,alerta,12,2026-04-02T01:03:13.626Z
69cdc17e684401be334a62c6,banana,26.7,93,3130,2.522344,lote_M,risco de perda,risco de perda,0,2026-04-02T01:08:14.008Z
69cdc2a9684401be334a62c7,banana,27.1,93,3122,2.515898,lote_M,risco de perda,risco de perda,0,2026-04-02T01:13:13.602Z
69cdc3d5684401be334a62c8,banana,27.1,93,2917,2.350696,lote_M,risco de perda,alerta,12,2026-04-02T01:18:13.634Z
69cdc501684401be334a62c9,banana,27.1,93,2756,2.220952,lote_M,risco de perda,alerta,12,2026-04-02T01:23:13.581Z
69cdc62d684401be334a62ca,banana,26.7,93,2731,2.200806,lote_M,risco de perda,alerta,12,2026-04-02T01:28:13.702Z
69cdc759684401be334a62cb,banana,26.2,93,2778,2.238681,lote_M,risco de perda,alerta,12,2026-04-02T01:33:13.589Z
69cdc885684401be334a62cc,banana,25.8,93,2930,2.361172,lote_M,risco de perda,alerta,12,2026-04-02T01:38:13.451Z
69cdc9b1684401be334a62cd,banana,25.8,93,3000,2.417583,lote_M,risco de perda,alerta,12,2026-04-02T01:43:13.609Z
69cdcadd684401be334a62ce,banana,26.2,93,2998,2.415971,lote_M,risco de perda,alerta,12,2026-04-02T01:48:13.745Z
69cdcc0a684401be334a62cf,banana,26.2,93,3167,2.552161,lote_M,risco de perda,risco de perda,0,2026-04-02T01:53:14.088Z
69cdcd35684401be334a62d0,banana,26.3,93,3081,2.482857,lote_M,risco de perda,alerta,12,2026-04-02T01:58:13.620Z
69cdce61684401be334a62d1,banana,26.7,94,3152,2.540073,lote_M,risco de perda,risco de perda,0,2026-04-02T02:03:13.543Z
69cdcf8d684401be334a62d2,banana,26.7,93,3166,2.551355,lote_M,risco de perda,risco de perda,0,2026-04-02T02:08:13.688Z
69cdd0b9684401be334a62d3,banana,26.7,93,3212,2.588425,lote_M,risco de perda,risco de perda,0,2026-04-02T02:13:13.675Z
69cdd1e5684401be334a62d4,banana,26.7,93,3132,2.523956,lote_M,risco de perda,risco de perda,0,2026-04-02T02:18:13.532Z
69cdd311684401be334a62d5,banana,26.7,93,3204,2.581978,lote_M,risco de perda,risco de perda,0,2026-04-02T02:23:13.691Z
69cdd43d684401be334a62d6,banana,26.7,93,3290,2.651282,lote_M,risco de perda,risco de perda,0,2026-04-02T02:28:13.733Z
69cdd569684401be334a62d7,banana,26.7,93,3352,2.701245,lote_M,risco de perda,risco de perda,0,2026-04-02T02:33:13.534Z
69cdd695684401be334a62d8,banana,27.1,93,3363,2.71011,lote_M,risco de perda,risco de perda,0,2026-04-02T02:38:13.809Z
69cdd7c1684401be334a62d9,banana,27.1,93,3026,2.438535,lote_M,risco de perda,alerta,12,2026-04-02T02:43:13.733Z
69cdd8ed684401be334a62da,banana,27.1,93,3178,2.561026,lote_M,risco de perda,risco de perda,0,2026-04-02T02:48:13.668Z
69cdda19684401be334a62db,banana,26.7,93,3217,2.592454,lote_M,risco de perda,risco de perda,0,2026-04-02T02:53:13.600Z
69cddb45684401be334a62dc,banana,26.7,93,3241,2.611795,lote_M,risco de perda,risco de perda,0,2026-04-02T02:58:13.702Z
69cddc71684401be334a62dd,banana,26.7,93,3280,2.643224,lote_M,risco de perda,risco de perda,0,2026-04-02T03:03:13.788Z
69cddd9d684401be334a62de,banana,26.7,93,3343,2.693993,lote_M,risco de perda,risco de perda,0,2026-04-02T03:08:13.607Z
69cddec9684401be334a62df,banana,27.1,93,3375,2.71978,lote_M,risco de perda,risco de perda,0,2026-04-02T03:13:13.643Z
69cddff5684401be334a62e0,banana,27.1,93,3112,2.507839,lote_M,risco de perda,risco de perda,0,2026-04-02T03:18:13.751Z
69cde121684401be334a62e1,banana,27.1,93,2765,2.228205,lote_M,risco de perda,alerta,12,2026-04-02T03:23:13.722Z
69cde24d684401be334a62e2,banana,27.1,93,2889,2.328132,lote_M,risco de perda,alerta,12,2026-04-02T03:28:13.659Z
69cde379684401be334a62e3,banana,26.2,92,2620,2.111355,lote_M,risco de perda,alerta,12,2026-04-02T03:33:13.795Z
69cde4a5684401be334a62e4,banana,26.2,93,2379,1.917143,lote_M,risco de perda,madura,42,2026-04-02T03:38:13.784Z
69cde5d1684401be334a62e5,banana,26.2,93,2531,2.039634,lote_M,risco de perda,madura,42,2026-04-02T03:43:13.614Z
69cde6fd684401be334a62e6,banana,25.8,92,2384,1.921172,lote_M,risco de perda,madura,42,2026-04-02T03:48:13.819Z
69cde829684401be334a62e7,banana,25.8,92,2298,1.851868,lote_M,risco de perda,madura,42,2026-04-02T03:53:13.786Z
69cde955684401be334a62e8,banana,25.8,92,2664,2.146813,lote_M,risco de perda,alerta,12,2026-04-02T03:58:13.673Z
69cdea81684401be334a62e9,banana,25.8,92,2933,2.36359,lote_M,risco de perda,alerta,12,2026-04-02T04:03:13.679Z
69cdebad684401be334a62ea,banana,26.2,93,2927,2.358755,lote_M,risco de perda,alerta,12,2026-04-02T04:08:13.796Z
69cdecd9684401be334a62eb,banana,26.2,93,3038,2.448205,lote_M,risco de perda,alerta,12,2026-04-02T04:13:13.878Z
69cdee05684401be334a62ec,banana,26.7,93,2651,2.136337,lote_M,risco de perda,alerta,12,2026-04-02T04:18:13.709Z
69cdef31684401be334a62ed,banana,26.7,93,2379,1.917143,lote_M,risco de perda,madura,42,2026-04-02T04:23:13.851Z
69cdf05d684401be334a62ee,banana,26.2,92,2611,2.104103,lote_M,risco de perda,alerta,12,2026-04-02T04:28:13.883Z
69cdf189684401be334a62ef,banana,25.8,92,2855,2.300733,lote_M,risco de perda,alerta,12,2026-04-02T04:33:13.674Z
69cdf2b5684401be334a62f0,banana,25.8,93,2993,2.411941,lote_M,risco de perda,alerta,12,2026-04-02T04:38:13.751Z
69cdf3e1684401be334a62f1,banana,26.2,93,3119,2.51348,lote_M,risco de perda,risco de perda,0,2026-04-02T04:43:13.844Z
69cdf50d684401be334a62f2,banana,26.2,93,3207,2.584396,lote_M,risco de perda,risco de perda,0,2026-04-02T04:48:13.925Z
69cdf639684401be334a62f3,banana,26.2,93,3241,2.611795,lote_M,risco de perda,risco de perda,0,2026-04-02T04:53:13.761Z
69cdf765684401be334a62f4,banana,26.7,93,3272,2.636776,lote_M,risco de perda,risco de perda,0,2026-04-02T04:58:13.894Z
69cdf891684401be334a62f5,banana,26.7,93,3296,2.656117,lote_M,risco de perda,risco de perda,0,2026-04-02T05:03:13.882Z
69cdf9bd684401be334a62f6,banana,26.7,93,3324,2.678681,lote_M,risco de perda,risco de perda,0,2026-04-02T05:08:13.763Z
69cdfae9684401be334a62f7,banana,26.7,93,3351,2.700439,lote_M,risco de perda,risco de perda,0,2026-04-02T05:13:13.910Z
69cdfc15684401be334a62f8,banana,26.7,93,3371,2.716557,lote_M,risco de perda,risco de perda,0,2026-04-02T05:18:13.937Z
69cdfd41684401be334a62f9,banana,26.7,93,3383,2.726227,lote_M,risco de perda,risco de perda,0,2026-04-02T05:23:13.978Z
69cdfe6d684401be334a62fa,banana,26.7,93,3394,2.735092,lote_M,risco de perda,risco de perda,0,2026-04-02T05:28:13.812Z
69cdff99684401be334a62fb,banana,26.7,93,3410,2.747985,lote_M,risco de perda,risco de perda,0,2026-04-02T05:33:13.891Z
69ce00c5684401be334a62fc,banana,26.7,93,3421,2.75685,lote_M,risco de perda,risco de perda,0,2026-04-02T05:38:13.943Z
69ce01f1684401be334a62fd,banana,26.7,93,3424,2.759267,lote_M,risco de perda,risco de perda,0,2026-04-02T05:43:13.783Z
69ce031d684401be334a62fe,banana,26.7,93,3438,2.77055,lote_M,risco de perda,risco de perda,0,2026-04-02T05:48:13.848Z
69ce0449684401be334a62ff,banana,26.7,93,3445,2.776191,lote_M,risco de perda,risco de perda,0,2026-04-02T05:53:13.791Z
69ce0575684401be334a6300,banana,26.7,93,3441,2.772967,lote_M,risco de perda,risco de perda,0,2026-04-02T05:58:13.994Z
69ce06a1684401be334a6301,banana,26.7,93,3452,2.781832,lote_M,risco de perda,risco de perda,0,2026-04-02T06:03:13.823Z
69ce07cd684401be334a6302,banana,26.7,93,3451,2.781026,lote_M,risco de perda,risco de perda,0,2026-04-02T06:08:13.998Z
69ce08fa684401be334a6303,banana,26.7,93,3459,2.787472,lote_M,risco de perda,risco de perda,0,2026-04-02T06:13:14.046Z
69ce0a25684401be334a6304,banana,26.7,93,3461,2.789084,lote_M,risco de perda,risco de perda,0,2026-04-02T06:18:13.863Z
69ce0b52684401be334a6305,banana,26.7,93,3461,2.789084,lote_M,risco de perda,risco de perda,0,2026-04-02T06:23:14.002Z
69ce0c7e684401be334a6306,banana,26.7,93,3453,2.782637,lote_M,risco de perda,risco de perda,0,2026-04-02T06:28:14.035Z
69ce0da9684401be334a6307,banana,26.7,93,3439,2.771355,lote_M,risco de perda,risco de perda,0,2026-04-02T06:33:13.868Z
69ce0ed7684401be334a6308,banana,26.7,93,3439,2.771355,lote_M,risco de perda,risco de perda,0,2026-04-02T06:38:15.546Z
69ce1001684401be334a6309,banana,26.7,93,3427,2.761685,lote_M,risco de perda,risco de perda,0,2026-04-02T06:43:13.940Z
69ce112e684401be334a630a,banana,26.7,93,3437,2.769744,lote_M,risco de perda,risco de perda,0,2026-04-02T06:48:14.078Z
69ce1259684401be334a630b,banana,26.7,93,3445,2.776191,lote_M,risco de perda,risco de perda,0,2026-04-02T06:53:13.910Z
69ce1386684401be334a630c,banana,26.7,93,3457,2.785861,lote_M,risco de perda,risco de perda,0,2026-04-02T06:58:14.179Z
69ce14b2684401be334a630d,banana,26.7,93,3457,2.785861,lote_M,risco de perda,risco de perda,0,2026-04-02T07:03:14.087Z
69ce15dd684401be334a630e,banana,26.7,93,3468,2.794725,lote_M,risco de perda,risco de perda,0,2026-04-02T07:08:13.917Z
69ce1709684401be334a630f,banana,26.7,93,3477,2.801978,lote_M,risco de perda,risco de perda,0,2026-04-02T07:13:13.954Z
69ce1836684401be334a6310,banana,26.7,93,3486,2.809231,lote_M,risco de perda,risco de perda,0,2026-04-02T07:18:14.094Z
69ce1962684401be334a6311,banana,26.7,93,3484,2.807619,lote_M,risco de perda,risco de perda,0,2026-04-02T07:23:14.082Z
69ce1a8d684401be334a6312,banana,26.7,93,3492,2.814066,lote_M,risco de perda,risco de perda,0,2026-04-02T07:28:13.961Z
69ce1bba684401be334a6313,banana,26.7,93,3489,2.811648,lote_M,risco de perda,risco de perda,0,2026-04-02T07:33:14.097Z
69ce1ce6684401be334a6314,banana,26.7,93,3491,2.81326,lote_M,risco de perda,risco de perda,0,2026-04-02T07:38:14.133Z
69ce1e11684401be334a6315,banana,26.7,93,3487,2.810037,lote_M,risco de perda,risco de perda,0,2026-04-02T07:43:13.967Z
69ce1f3d684401be334a6316,banana,26.7,93,3495,2.816483,lote_M,risco de perda,risco de perda,0,2026-04-02T07:48:13.959Z
69ce206a684401be334a6317,banana,26.2,93,3498,2.818901,lote_M,risco de perda,risco de perda,0,2026-04-02T07:53:14.140Z
69ce2196684401be334a6318,banana,26.2,93,3499,2.819707,lote_M,risco de perda,risco de perda,0,2026-04-02T07:58:14.279Z
69ce22c2684401be334a6319,banana,26.2,93,3510,2.828571,lote_M,risco de perda,risco de perda,0,2026-04-02T08:03:14.112Z
69ce23ee684401be334a631a,banana,26.2,93,3509,2.827765,lote_M,risco de perda,risco de perda,0,2026-04-02T08:08:14.151Z
69ce251a684401be334a631b,banana,26.2,93,3516,2.833407,lote_M,risco de perda,risco de perda,0,2026-04-02T08:13:14.137Z
69ce2646684401be334a631c,banana,26.2,93,3512,2.830183,lote_M,risco de perda,risco de perda,0,2026-04-02T08:18:14.177Z
69ce2772684401be334a631d,banana,26.2,93,3520,2.83663,lote_M,risco de perda,risco de perda,0,2026-04-02T08:23:14.158Z
69ce289d684401be334a631e,banana,26.2,93,3513,2.830989,lote_M,risco de perda,risco de perda,0,2026-04-02T08:28:13.991Z
69ce29ca684401be334a631f,banana,26.2,93,3512,2.830183,lote_M,risco de perda,risco de perda,0,2026-04-02T08:33:14.188Z
69ce2af6684401be334a6320,banana,26.2,93,3513,2.830989,lote_M,risco de perda,risco de perda,0,2026-04-02T08:38:14.010Z
69ce2c22684401be334a6321,banana,26.2,93,3515,2.832601,lote_M,risco de perda,risco de perda,0,2026-04-02T08:43:14.196Z
69ce2d4e684401be334a6322,banana,26.2,93,3517,2.834213,lote_M,risco de perda,risco de perda,0,2026-04-02T08:48:14.240Z
69ce2e7a684401be334a6323,banana,26.2,93,3518,2.835018,lote_M,risco de perda,risco de perda,0,2026-04-02T08:53:14.375Z
69ce2fa6684401be334a6324,banana,26.2,93,3526,2.841465,lote_M,risco de perda,risco de perda,0,2026-04-02T08:58:14.203Z
69ce30d2684401be334a6325,banana,26.2,93,3525,2.840659,lote_M,risco de perda,risco de perda,0,2026-04-02T09:03:14.242Z
69ce31fe684401be334a6326,banana,26.2,93,3524,2.839854,lote_M,risco de perda,risco de perda,0,2026-04-02T09:08:14.278Z
69ce332a684401be334a6327,banana,26.2,93,3527,2.842271,lote_M,risco de perda,risco de perda,0,2026-04-02T09:13:14.292Z
69ce3456684401be334a6328,banana,26.2,93,3537,2.85033,lote_M,risco de perda,risco de perda,0,2026-04-02T09:18:14.422Z
69ce3582684401be334a6329,banana,26.2,93,3514,2.831795,lote_M,risco de perda,risco de perda,0,2026-04-02T09:23:14.238Z
69ce36ae684401be334a632a,banana,25.8,93,3501,2.821319,lote_M,risco de perda,risco de perda,0,2026-04-02T09:28:14.319Z
69ce37da684401be334a632b,banana,25.8,93,3515,2.832601,lote_M,risco de perda,risco de perda,0,2026-04-02T09:33:14.149Z
69ce3906684401be334a632c,banana,25.8,93,3523,2.839048,lote_M,risco de perda,risco de perda,0,2026-04-02T09:38:14.343Z
69ce3a32684401be334a632d,banana,25.8,93,3527,2.842271,lote_M,risco de perda,risco de perda,0,2026-04-02T09:43:14.290Z
69ce3b5e684401be334a632e,banana,25.8,93,3512,2.830183,lote_M,risco de perda,risco de perda,0,2026-04-02T09:48:14.464Z
69ce3c8a684401be334a632f,banana,25.8,93,3507,2.826154,lote_M,risco de perda,risco de perda,0,2026-04-02T09:53:14.216Z
69ce3db6684401be334a6330,banana,25.8,93,3506,2.825348,lote_M,risco de perda,risco de perda,0,2026-04-02T09:58:14.250Z
69ce3ee2684401be334a6331,banana,25.8,93,3507,2.826154,lote_M,risco de perda,risco de perda,0,2026-04-02T10:03:14.508Z
69ce400e684401be334a6332,banana,25.8,93,3512,2.830183,lote_M,risco de perda,risco de perda,0,2026-04-02T10:08:14.178Z
69ce413a684401be334a6333,banana,25.8,93,3515,2.832601,lote_M,risco de perda,risco de perda,0,2026-04-02T10:13:14.360Z
69ce4266684401be334a6334,banana,25.8,93,3523,2.839048,lote_M,risco de perda,risco de perda,0,2026-04-02T10:18:14.357Z
69ce4392684401be334a6335,banana,26,93,3520,2.83663,lote_M,risco de perda,risco de perda,0,2026-04-02T10:23:14.434Z
69ce44be684401be334a6336,banana,26.2,93,3530,2.844689,lote_M,risco de perda,risco de perda,0,2026-04-02T10:28:14.219Z
69ce45ea684401be334a6337,banana,26.2,93,3533,2.847106,lote_M,risco de perda,risco de perda,0,2026-04-02T10:33:14.391Z
69ce4716684401be334a6338,banana,26.2,93,3530,2.844689,lote_M,risco de perda,risco de perda,0,2026-04-02T10:38:14.428Z
69ce4842684401be334a6339,banana,26.2,93,3542,2.854359,lote_M,risco de perda,risco de perda,0,2026-04-02T10:43:14.257Z
69ce496e684401be334a633a,banana,26.2,93,3551,2.861612,lote_M,risco de perda,risco de perda,0,2026-04-02T10:48:14.867Z
69ce4a9a684401be334a633b,banana,26.2,93,3550,2.860806,lote_M,risco de perda,risco de perda,0,2026-04-02T10:53:14.352Z
69ce4bc6684401be334a633c,banana,26.2,93,3550,2.860806,lote_M,risco de perda,risco de perda,0,2026-04-02T10:58:14.569Z
69ce4cf2684401be334a633d,banana,26.2,93,3550,2.860806,lote_M,risco de perda,risco de perda,0,2026-04-02T11:03:14.350Z
69ce4e1e684401be334a633e,banana,26.2,93,3558,2.867253,lote_M,risco de perda,risco de perda,0,2026-04-02T11:08:14.432Z
69ce4f4a684401be334a633f,banana,26.2,93,3558,2.867253,lote_M,risco de perda,risco de perda,0,2026-04-02T11:13:14.470Z
69ce5076684401be334a6340,banana,26.2,93,3556,2.865641,lote_M,risco de perda,risco de perda,0,2026-04-02T11:18:14.304Z
69ce51a2684401be334a6341,banana,26.2,93,3564,2.872088,lote_M,risco de perda,risco de perda,0,2026-04-02T11:23:14.441Z
69ce52ce684401be334a6342,banana,26.2,93,3564,2.872088,lote_M,risco de perda,risco de perda,0,2026-04-02T11:28:14.476Z
69ce53fa684401be334a6343,banana,26.7,93,3559,2.868059,lote_M,risco de perda,risco de perda,0,2026-04-02T11:33:14.305Z
69ce5526684401be334a6344,banana,26.7,93,3560,2.868865,lote_M,risco de perda,risco de perda,0,2026-04-02T11:38:14.342Z
69ce5652684401be334a6345,banana,26.7,93,3563,2.871282,lote_M,risco de perda,risco de perda,0,2026-04-02T11:43:14.432Z
69ce577e684401be334a6346,banana,26.7,93,3562,2.870476,lote_M,risco de perda,risco de perda,0,2026-04-02T11:48:14.470Z
69ce58ab684401be334a6347,banana,26.7,93,3567,2.874506,lote_M,risco de perda,risco de perda,0,2026-04-02T11:53:15.169Z
69ce59d6684401be334a6348,banana,26.7,93,3557,2.866447,lote_M,risco de perda,risco de perda,0,2026-04-02T11:58:14.293Z
69ce5b02684401be334a6349,banana,26.7,93,3564,2.872088,lote_M,risco de perda,risco de perda,0,2026-04-02T12:03:14.523Z
69ce5c2e684401be334a634a,banana,26.7,93,3562,2.870476,lote_M,risco de perda,risco de perda,0,2026-04-02T12:08:14.461Z
69ce5d5a684401be334a634b,banana,26.7,93,3567,2.874506,lote_M,risco de perda,risco de perda,0,2026-04-02T12:13:14.495Z
69ce5e86684401be334a634c,banana,26.7,93,3574,2.880147,lote_M,risco de perda,risco de perda,0,2026-04-02T12:18:14.534Z
69ce5fb2684401be334a634d,banana,26.7,93,3572,2.878535,lote_M,risco de perda,risco de perda,0,2026-04-02T12:23:14.545Z
69ce60de684401be334a634e,banana,26.7,93,3574,2.880147,lote_M,risco de perda,risco de perda,0,2026-04-02T12:28:14.510Z
69ce620a684401be334a634f,banana,26.7,93,3582,2.886593,lote_M,risco de perda,risco de perda,0,2026-04-02T12:33:14.642Z
69ce6336684401be334a6350,banana,26.7,93,3576,2.881758,lote_M,risco de perda,risco de perda,0,2026-04-02T12:38:14.354Z
69ce6462684401be334a6351,banana,26.7,93,3571,2.877729,lote_M,risco de perda,risco de perda,0,2026-04-02T12:43:14.398Z
69ce658e684401be334a6352,banana,27.1,93,3581,2.885787,lote_M,risco de perda,risco de perda,0,2026-04-02T12:48:14.379Z
69ce66ba684401be334a6353,banana,27.1,93,3585,2.889011,lote_M,risco de perda,risco de perda,0,2026-04-02T12:53:14.588Z
69ce67e6684401be334a6354,banana,27.1,93,3579,2.884176,lote_M,risco de perda,risco de perda,0,2026-04-02T12:58:14.624Z
69ce6912684401be334a6355,banana,27.1,93,3584,2.888205,lote_M,risco de perda,risco de perda,0,2026-04-02T13:03:14.453Z
69ce6a3f684401be334a6356,banana,27.1,93,3582,2.886593,lote_M,risco de perda,risco de perda,0,2026-04-02T13:08:15.065Z
69ce6b6a684401be334a6357,banana,27.1,93,3581,2.885787,lote_M,risco de perda,risco de perda,0,2026-04-02T13:13:14.534Z
69ce6c96684401be334a6358,banana,27.1,93,3590,2.89304,lote_M,risco de perda,risco de perda,0,2026-04-02T13:18:14.461Z
69ce6dc2684401be334a6359,banana,27.1,93,3597,2.898681,lote_M,risco de perda,risco de perda,0,2026-04-02T13:23:14.611Z
69ce6eee684401be334a635a,banana,27.1,93,3596,2.897876,lote_M,risco de perda,risco de perda,0,2026-04-02T13:28:14.632Z
69ce701a684401be334a635b,banana,27.1,93,3601,2.901905,lote_M,risco de perda,risco de perda,0,2026-04-02T13:33:14.410Z
69ce7146684401be334a635c,banana,27.1,93,3598,2.899487,lote_M,risco de perda,risco de perda,0,2026-04-02T13:38:14.457Z
69ce7272684401be334a635d,banana,27.1,93,3610,2.909158,lote_M,risco de perda,risco de perda,0,2026-04-02T13:43:14.685Z
69ce739e684401be334a635e,banana,27.1,93,3608,2.907546,lote_M,risco de perda,risco de perda,0,2026-04-02T13:48:14.628Z
69ce74ca684401be334a635f,banana,27.1,93,3615,2.913187,lote_M,risco de perda,risco de perda,0,2026-04-02T13:53:14.706Z
69ce75f6684401be334a6360,banana,27.1,93,3617,2.914798,lote_M,risco de perda,risco de perda,0,2026-04-02T13:58:14.536Z
69ce7722684401be334a6361,banana,27.6,93,3622,2.918828,lote_M,risco de perda,risco de perda,0,2026-04-02T14:03:14.542Z
69ce784e684401be334a6362,banana,27.6,93,3626,2.922051,lote_M,risco de perda,risco de perda,0,2026-04-02T14:08:14.714Z
69ce797a684401be334a6363,banana,27.6,93,3619,2.91641,lote_M,risco de perda,risco de perda,0,2026-04-02T14:13:14.781Z
69ce7aa6684401be334a6364,banana,27.6,93,3629,2.924469,lote_M,risco de perda,risco de perda,0,2026-04-02T14:18:14.579Z
69ce7bd2684401be334a6365,banana,27.6,93,3635,2.929304,lote_M,risco de perda,risco de perda,0,2026-04-02T14:23:14.702Z
69ce7cfe684401be334a6366,banana,27.6,93,3638,2.931722,lote_M,risco de perda,risco de perda,0,2026-04-02T14:28:14.876Z
69ce7e2b684401be334a6367,banana,27.6,93,3635,2.929304,lote_M,risco de perda,risco de perda,0,2026-04-02T14:33:15.691Z
69ce7f56684401be334a6368,banana,27.6,93,3639,2.932528,lote_M,risco de perda,risco de perda,0,2026-04-02T14:38:14.686Z
69ce8082684401be334a6369,banana,27.6,93,3639,2.932528,lote_M,risco de perda,risco de perda,0,2026-04-02T14:43:14.773Z
69ce81ae684401be334a636a,banana,28,92,3639,2.932528,lote_M,risco de perda,risco de perda,0,2026-04-02T14:48:14.901Z
69ce82da684401be334a636b,banana,28,92,3641,2.934139,lote_M,risco de perda,risco de perda,0,2026-04-02T14:53:14.626Z
69ce8406684401be334a636c,banana,28,92,3641,2.934139,lote_M,risco de perda,risco de perda,0,2026-04-02T14:58:14.869Z
69ce8532684401be334a636d,banana,28,92,3643,2.935751,lote_M,risco de perda,risco de perda,0,2026-04-02T15:03:14.909Z
69ce865e684401be334a636e,banana,28,92,3638,2.931722,lote_M,risco de perda,risco de perda,0,2026-04-02T15:08:14.817Z
69ce878c684401be334a636f,banana,28,92,3645,2.937363,lote_M,risco de perda,risco de perda,0,2026-04-02T15:13:16.537Z
69ce88b6684401be334a6370,banana,28,92,3649,2.940586,lote_M,risco de perda,risco de perda,0,2026-04-02T15:18:14.712Z
69ce89e2684401be334a6371,banana,28,92,3658,2.947839,lote_M,risco de perda,risco de perda,0,2026-04-02T15:23:14.855Z
69ce8b10684401be334a6372,banana,28,92,3656,2.946227,lote_M,risco de perda,risco de perda,0,2026-04-02T15:28:16.340Z
69ce8c3a684401be334a6373,banana,28.5,92,3661,2.950256,lote_M,risco de perda,risco de perda,0,2026-04-02T15:33:14.650Z
69ce8d66684401be334a6374,banana,28.5,92,3666,2.954286,lote_M,risco de perda,risco de perda,0,2026-04-02T15:38:14.883Z
69ce8e92684401be334a6375,banana,28.5,92,3655,2.945421,lote_M,risco de perda,risco de perda,0,2026-04-02T15:43:14.887Z
69ce8fbe684401be334a6376,banana,28.5,92,3639,2.932528,lote_M,risco de perda,risco de perda,0,2026-04-02T15:48:14.695Z
69ce90ea684401be334a6377,banana,28.5,92,3623,2.919634,lote_M,risco de perda,risco de perda,0,2026-04-02T15:53:14.750Z
69ce9216684401be334a6378,banana,28.5,92,3630,2.925275,lote_M,risco de perda,risco de perda,0,2026-04-02T15:58:14.956Z
69ce9342684401be334a6379,banana,28.5,92,3627,2.922857,lote_M,risco de perda,risco de perda,0,2026-04-02T16:03:14.843Z
69ce946f684401be334a637a,banana,28.5,92,3639,2.932528,lote_M,risco de perda,risco de perda,0,2026-04-02T16:08:15.017Z
69ce959b684401be334a637b,banana,28.5,92,3631,2.926081,lote_M,risco de perda,risco de perda,0,2026-04-02T16:13:15.516Z
69ce96c6684401be334a637c,banana,28.5,92,3639,2.932528,lote_M,risco de perda,risco de perda,0,2026-04-02T16:18:14.711Z
69ce97f2684401be334a637d,banana,28.5,92,3635,2.929304,lote_M,risco de perda,risco de perda,0,2026-04-02T16:23:14.752Z
69ce991f684401be334a637e,banana,28.5,92,3641,2.934139,lote_M,risco de perda,risco de perda,0,2026-04-02T16:28:15.384Z
69ce9a4a684401be334a637f,banana,28.5,92,3656,2.946227,lote_M,risco de perda,risco de perda,0,2026-04-02T16:33:14.735Z
69ce9b76684401be334a6380,banana,28.9,92,3650,2.941392,lote_M,risco de perda,risco de perda,0,2026-04-02T16:38:14.930Z
69ce9ca2684401be334a6381,banana,28.9,92,3654,2.944615,lote_M,risco de perda,risco de perda,0,2026-04-02T16:43:14.791Z
69ce9dce684401be334a6382,banana,28.9,92,3661,2.950256,lote_M,risco de perda,risco de perda,0,2026-04-02T16:48:14.950Z
69ce9efb684401be334a6383,banana,28.9,92,3664,2.952674,lote_M,risco de perda,risco de perda,0,2026-04-02T16:53:15.598Z
69cea026684401be334a6384,banana,28.9,92,3648,2.93978,lote_M,risco de perda,risco de perda,0,2026-04-02T16:58:14.840Z
69cea152684401be334a6385,banana,28.9,92,3647,2.938974,lote_M,risco de perda,risco de perda,0,2026-04-02T17:03:14.954Z
69cea27f684401be334a6386,banana,28.9,92,3624,2.920439,lote_M,risco de perda,risco de perda,0,2026-04-02T17:08:15.113Z
69cea3ab684401be334a6387,banana,28.9,92,3635,2.929304,lote_M,risco de perda,risco de perda,0,2026-04-02T17:13:15.051Z
69cea4d6684401be334a6388,banana,28.9,92,3656,2.946227,lote_M,risco de perda,risco de perda,0,2026-04-02T17:18:14.826Z
69cea603684401be334a6389,banana,28.9,92,3565,2.872894,lote_M,risco de perda,risco de perda,0,2026-04-02T17:23:15.013Z
69cea72f684401be334a638a,banana,28.9,92,3582,2.886593,lote_M,risco de perda,risco de perda,0,2026-04-02T17:28:15.144Z
69cea85a684401be334a638b,banana,28.9,92,3611,2.909963,lote_M,risco de perda,risco de perda,0,2026-04-02T17:33:14.879Z
69cea987684401be334a638c,banana,28.9,92,3622,2.918828,lote_M,risco de perda,risco de perda,0,2026-04-02T17:38:15.059Z
69ceaab3684401be334a638d,banana,29.2,92,3633,2.927692,lote_M,risco de perda,risco de perda,0,2026-04-02T17:43:15.014Z
69ceabdf684401be334a638e,banana,29.3,92,3625,2.921245,lote_M,risco de perda,risco de perda,0,2026-04-02T17:48:15.192Z
69cead0a684401be334a638f,banana,29.3,92,3640,2.933333,lote_M,risco de perda,risco de perda,0,2026-04-02T17:53:14.914Z
69ceae37684401be334a6390,banana,29.3,92,3653,2.94381,lote_M,risco de perda,risco de perda,0,2026-04-02T17:58:15.165Z
69ceaf63684401be334a6391,banana,29.3,92,3653,2.94381,lote_M,risco de perda,risco de perda,0,2026-04-02T18:03:15.058Z
69ceb08f684401be334a6392,banana,29.3,92,3643,2.935751,lote_M,risco de perda,risco de perda,0,2026-04-02T18:08:15.734Z
69ceb1ba684401be334a6393,banana,29.3,92,3659,2.948645,lote_M,risco de perda,risco de perda,0,2026-04-02T18:13:14.862Z
69ceb2e7684401be334a6394,banana,29.3,92,3674,2.960733,lote_M,risco de perda,risco de perda,0,2026-04-02T18:18:15.063Z
69ceb413684401be334a6395,banana,29.3,92,3673,2.959927,lote_M,risco de perda,risco de perda,0,2026-04-02T18:23:15.132Z
69ceb53e684401be334a6396,banana,29.3,92,3686,2.970403,lote_M,risco de perda,risco de perda,0,2026-04-02T18:28:14.925Z
69ceb66a684401be334a6397,banana,29.3,92,3689,2.972821,lote_M,risco de perda,risco de perda,0,2026-04-02T18:33:14.998Z
69ceb796684401be334a6398,banana,29.3,92,3686,2.970403,lote_M,risco de perda,risco de perda,0,2026-04-02T18:38:14.988Z
69ceb8c3684401be334a6399,banana,29.3,92,3660,2.94945,lote_M,risco de perda,risco de perda,0,2026-04-02T18:43:15.171Z
69ceb9ef684401be334a639a,banana,29.3,92,3680,2.965568,lote_M,risco de perda,risco de perda,0,2026-04-02T18:48:15.114Z
69cebb1b684401be334a639b,banana,29.3,92,3697,2.979267,lote_M,risco de perda,risco de perda,0,2026-04-02T18:53:15.117Z
69cebc47684401be334a639c,banana,29.3,92,3692,2.975238,lote_M,risco de perda,risco de perda,0,2026-04-02T18:58:15.135Z
69cebd73684401be334a639d,banana,29.3,92,3677,2.96315,lote_M,risco de perda,risco de perda,0,2026-04-02T19:03:15.617Z
69cebe9e684401be334a639e,banana,29.3,92,3618,2.915604,lote_M,risco de perda,risco de perda,0,2026-04-02T19:08:14.992Z
69cebfcb684401be334a639f,banana,29.5,92,3563,2.871282,lote_M,risco de perda,risco de perda,0,2026-04-02T19:13:15.138Z
69cec0f7684401be334a63a0,banana,29.3,92,3474,2.799561,lote_M,risco de perda,risco de perda,0,2026-04-02T19:18:15.012Z
69cec223684401be334a63a1,banana,29.3,92,3539,2.851941,lote_M,risco de perda,risco de perda,0,2026-04-02T19:23:15.108Z
69cec34f684401be334a63a2,banana,29.3,92,3536,2.849524,lote_M,risco de perda,risco de perda,0,2026-04-02T19:28:15.186Z
69cec47b684401be334a63a3,banana,29.3,92,3585,2.889011,lote_M,risco de perda,risco de perda,0,2026-04-02T19:33:15.131Z
69cec5a7684401be334a63a4,banana,29.3,92,3567,2.874506,lote_M,risco de perda,risco de perda,0,2026-04-02T19:38:15.692Z
69cec6d3684401be334a63a5,banana,29.3,92,3595,2.89707,lote_M,risco de perda,risco de perda,0,2026-04-02T19:43:15.031Z
69cec7ff684401be334a63a6,banana,29.3,92,3606,2.905934,lote_M,risco de perda,risco de perda,0,2026-04-02T19:48:15.205Z
69cec92b684401be334a63a7,banana,29.3,92,3628,2.923663,lote_M,risco de perda,risco de perda,0,2026-04-02T19:53:15.013Z
69ceca57684401be334a63a8,banana,29.3,92,3648,2.93978,lote_M,risco de perda,risco de perda,0,2026-04-02T19:58:15.206Z
69cecb83684401be334a63a9,banana,29.3,92,3543,2.855165,lote_M,risco de perda,risco de perda,0,2026-04-02T20:03:15.241Z
69ceccaf684401be334a63aa,banana,29.3,92,3463,2.790696,lote_M,risco de perda,risco de perda,0,2026-04-02T20:08:15.293Z
69cecddb684401be334a63ab,banana,29.3,92,3519,2.835824,lote_M,risco de perda,risco de perda,0,2026-04-02T20:13:15.178Z
69cecf07684401be334a63ac,banana,29.3,92,3570,2.876923,lote_M,risco de perda,risco de perda,0,2026-04-02T20:18:15.252Z
69ced033684401be334a63ad,banana,29.3,92,3545,2.856776,lote_M,risco de perda,risco de perda,0,2026-04-02T20:23:15.255Z
69ced15f684401be334a63ae,banana,29.3,92,3576,2.881758,lote_M,risco de perda,risco de perda,0,2026-04-02T20:28:15.222Z
69ced28b684401be334a63af,banana,29.3,92,3494,2.815678,lote_M,risco de perda,risco de perda,0,2026-04-02T20:33:15.106Z
69ced3b7684401be334a63b0,banana,29.3,92,3549,2.86,lote_M,risco de perda,risco de perda,0,2026-04-02T20:38:15.859Z
69ced4e3684401be334a63b1,banana,29.3,92,3558,2.867253,lote_M,risco de perda,risco de perda,0,2026-04-02T20:43:15.242Z
69ced60f684401be334a63b2,banana,29.3,92,3522,2.838242,lote_M,risco de perda,risco de perda,0,2026-04-02T20:48:15.214Z
69ced73b684401be334a63b3,banana,29.3,92,3515,2.832601,lote_M,risco de perda,risco de perda,0,2026-04-02T20:53:15.265Z
69ced867684401be334a63b4,banana,29.3,92,3563,2.871282,lote_M,risco de perda,risco de perda,0,2026-04-02T20:58:15.333Z
69ced993684401be334a63b5,banana,29.3,92,3610,2.909158,lote_M,risco de perda,risco de perda,0,2026-04-02T21:03:15.212Z
69cedabf684401be334a63b6,banana,29.3,92,3582,2.886593,lote_M,risco de perda,risco de perda,0,2026-04-02T21:08:15.296Z
69cedbeb684401be334a63b7,banana,29.3,92,3506,2.825348,lote_M,risco de perda,risco de perda,0,2026-04-02T21:13:15.289Z
69cedd17684401be334a63b8,banana,29.3,92,3437,2.769744,lote_M,risco de perda,risco de perda,0,2026-04-02T21:18:15.329Z
69cede43684401be334a63b9,banana,28.9,92,3391,2.732674,lote_M,risco de perda,risco de perda,0,2026-04-02T21:23:15.204Z
69cedf6f684401be334a63ba,banana,28.5,92,3459,2.787472,lote_M,risco de perda,risco de perda,0,2026-04-02T21:28:15.395Z
69cee09b684401be334a63bb,banana,28.5,92,3502,2.822124,lote_M,risco de perda,risco de perda,0,2026-04-02T21:33:15.330Z
69cee1c7684401be334a63bc,banana,28.5,92,3509,2.827765,lote_M,risco de perda,risco de perda,0,2026-04-02T21:38:15.162Z
69cee2f3684401be334a63bd,banana,28.9,92,3481,2.805202,lote_M,risco de perda,risco de perda,0,2026-04-02T21:43:15.241Z
69cee41f684401be334a63be,banana,28.5,92,3578,2.88337,lote_M,risco de perda,risco de perda,0,2026-04-02T21:48:15.380Z
69cee54b684401be334a63bf,banana,28.5,92,3528,2.843077,lote_M,risco de perda,risco de perda,0,2026-04-02T21:53:15.447Z
69cee677684401be334a63c0,banana,28.9,92,3549,2.86,lote_M,risco de perda,risco de perda,0,2026-04-02T21:58:15.248Z
69cee7a3684401be334a63c1,banana,28.5,92,3545,2.856776,lote_M,risco de perda,risco de perda,0,2026-04-02T22:03:15.530Z
69cee8cf684401be334a63c2,banana,28.5,92,3544,2.855971,lote_M,risco de perda,risco de perda,0,2026-04-02T22:08:15.527Z
69cee9fc684401be334a63c3,banana,28.5,92,3553,2.863224,lote_M,risco de perda,risco de perda,0,2026-04-02T22:13:16.081Z
69ceeb27684401be334a63c4,banana,28.5,92,3612,2.910769,lote_M,risco de perda,risco de perda,0,2026-04-02T22:18:15.290Z
69ceec53684401be334a63c5,banana,28.5,92,3629,2.924469,lote_M,risco de perda,risco de perda,0,2026-04-02T22:23:15.432Z
69ceed7f684401be334a63c6,banana,28.5,92,3630,2.925275,lote_M,risco de perda,risco de perda,0,2026-04-02T22:28:15.423Z
69ceeeab684401be334a63c7,banana,28.9,92,3641,2.934139,lote_M,risco de perda,risco de perda,0,2026-04-02T22:33:15.300Z
69ceefd7684401be334a63c8,banana,28.9,92,3647,2.938974,lote_M,risco de perda,risco de perda,0,2026-04-02T22:38:15.390Z
69cef106684401be334a63c9,banana,28.9,92,3665,2.95348,lote_M,risco de perda,risco de perda,0,2026-04-02T22:43:18.957Z
69cef22f684401be334a63ca,banana,28.9,92,3658,2.947839,lote_M,risco de perda,risco de perda,0,2026-04-02T22:48:15.306Z
69cef35b684401be334a63cb,banana,28.9,92,3676,2.962344,lote_M,risco de perda,risco de perda,0,2026-04-02T22:53:15.448Z
69cef487684401be334a63cc,banana,28.9,92,3677,2.96315,lote_M,risco de perda,risco de perda,0,2026-04-02T22:58:15.676Z
69cef5b3684401be334a63cd,banana,28.9,92,3671,2.958315,lote_M,risco de perda,risco de perda,0,2026-04-02T23:03:15.657Z
69cef6df684401be334a63ce,banana,28.9,92,3684,2.968791,lote_M,risco de perda,risco de perda,0,2026-04-02T23:08:15.337Z
69cef80b684401be334a63cf,banana,28.9,92,3685,2.969597,lote_M,risco de perda,risco de perda,0,2026-04-02T23:13:15.451Z
69cef937684401be334a63d0,banana,28.9,92,3686,2.970403,lote_M,risco de perda,risco de perda,0,2026-04-02T23:18:15.522Z
69cefa63684401be334a63d1,banana,28.9,92,3694,2.97685,lote_M,risco de perda,risco de perda,0,2026-04-02T23:23:15.325Z
69cefb8f684401be334a63d2,banana,28.9,92,3702,2.983297,lote_M,risco de perda,risco de perda,0,2026-04-02T23:28:15.603Z
69cefcbb684401be334a63d3,banana,28.9,92,3707,2.987326,lote_M,risco de perda,risco de perda,0,2026-04-02T23:33:15.544Z
69ceff13684401be334a63d4,banana,28.9,92,3664,2.952674,lote_M,risco de perda,risco de perda,0,2026-04-02T23:43:15.709Z
69cf003f684401be334a63d5,banana,28.9,92,3602,2.902711,lote_M,risco de perda,risco de perda,0,2026-04-02T23:48:15.605Z
69cf016c684401be334a63d6,banana,28.9,92,3410,2.747985,lote_M,risco de perda,risco de perda,0,2026-04-02T23:53:16.545Z
69cf0297684401be334a63d7,banana,28.5,92,3437,2.769744,lote_M,risco de perda,risco de perda,0,2026-04-02T23:58:15.346Z
69cf03c3684401be334a63d8,banana,28,92,3471,2.797143,lote_M,risco de perda,risco de perda,0,2026-04-03T00:03:15.545Z
69cf04ef684401be334a63d9,banana,28,92,3524,2.839854,lote_M,risco de perda,risco de perda,0,2026-04-03T00:08:15.785Z
69cf061b684401be334a63da,banana,28,92,3572,2.878535,lote_M,risco de perda,risco de perda,0,2026-04-03T00:13:15.614Z
69cf0748684401be334a63db,banana,28,93,3579,2.884176,lote_M,risco de perda,risco de perda,0,2026-04-03T00:18:16.264Z
69cf0873684401be334a63dc,banana,28,93,3613,2.911575,lote_M,risco de perda,risco de perda,0,2026-04-03T00:23:15.486Z
69cf099f684401be334a63dd,banana,28,93,3617,2.914798,lote_M,risco de perda,risco de perda,0,2026-04-03T00:28:15.590Z
69cf0acb684401be334a63de,banana,28,93,3621,2.918022,lote_M,risco de perda,risco de perda,0,2026-04-03T00:33:15.636Z
69cf0bf7684401be334a63df,banana,28,93,3629,2.924469,lote_M,risco de perda,risco de perda,0,2026-04-03T00:38:15.488Z
69cf0d24684401be334a63e0,banana,28,93,3642,2.934945,lote_M,risco de perda,risco de perda,0,2026-04-03T00:43:16.139Z
69cf0e4f684401be334a63e1,banana,28,93,3643,2.935751,lote_M,risco de perda,risco de perda,0,2026-04-03T00:48:15.421Z
69cf0f7b684401be334a63e2,banana,28.1,93,3648,2.93978,lote_M,risco de perda,risco de perda,0,2026-04-03T00:53:15.496Z
69cf10a7684401be334a63e3,banana,28.5,93,3659,2.948645,lote_M,risco de perda,risco de perda,0,2026-04-03T00:58:15.487Z
69cf11d3684401be334a63e4,banana,28.1,92,3653,2.94381,lote_M,risco de perda,risco de perda,0,2026-04-03T01:03:15.647Z
69cf12ff684401be334a63e5,banana,28,93,3658,2.947839,lote_M,risco de perda,risco de perda,0,2026-04-03T01:08:15.918Z
69cf142b684401be334a63e6,banana,28,92,3660,2.94945,lote_M,risco de perda,risco de perda,0,2026-04-03T01:13:15.542Z
69cf1557684401be334a63e7,banana,28,92,3665,2.95348,lote_M,risco de perda,risco de perda,0,2026-04-03T01:18:15.628Z
69cf1683684401be334a63e8,banana,28.5,92,3665,2.95348,lote_M,risco de perda,risco de perda,0,2026-04-03T01:23:15.771Z
69cf17af684401be334a63e9,banana,28.5,92,3657,2.947033,lote_M,risco de perda,risco de perda,0,2026-04-03T01:28:15.524Z
69cf18db684401be334a63ea,banana,28.5,92,3657,2.947033,lote_M,risco de perda,risco de perda,0,2026-04-03T01:33:15.680Z
69cf1a07684401be334a63eb,banana,28.5,92,3650,2.941392,lote_M,risco de perda,risco de perda,0,2026-04-03T01:38:15.719Z
69cf1b33684401be334a63ec,banana,28,92,3660,2.94945,lote_M,risco de perda,risco de perda,0,2026-04-03T01:43:15.757Z
69cf1c5f684401be334a63ed,banana,28,92,3548,2.859194,lote_M,risco de perda,risco de perda,0,2026-04-03T01:48:15.594Z
69cf1d8b684401be334a63ee,banana,28,92,3484,2.807619,lote_M,risco de perda,risco de perda,0,2026-04-03T01:53:15.739Z
69cf1eb7684401be334a63ef,banana,28,92,3536,2.849524,lote_M,risco de perda,risco de perda,0,2026-04-03T01:58:15.719Z
69cf1fe3684401be334a63f0,banana,27.6,93,3456,2.785055,lote_M,risco de perda,risco de perda,0,2026-04-03T02:03:15.617Z
69cf210f684401be334a63f1,banana,27.6,93,3495,2.816483,lote_M,risco de perda,risco de perda,0,2026-04-03T02:08:15.593Z
69cf223b684401be334a63f2,banana,27.6,93,3538,2.851135,lote_M,risco de perda,risco de perda,0,2026-04-03T02:13:15.715Z
69cf2368684401be334a63f3,banana,27.6,93,3544,2.855971,lote_M,risco de perda,risco de perda,0,2026-04-03T02:18:16.319Z
69cf2493684401be334a63f4,banana,27.6,94,3412,2.749597,lote_M,risco de perda,risco de perda,0,2026-04-03T02:23:15.635Z
69cf25bf684401be334a63f5,banana,27.6,94,3429,2.763297,lote_M,risco de perda,risco de perda,0,2026-04-03T02:28:15.669Z
69cf26eb684401be334a63f6,banana,27.1,93,3468,2.794725,lote_M,risco de perda,risco de perda,0,2026-04-03T02:33:15.777Z
69cf2817684401be334a63f7,banana,27.1,93,3466,2.793113,lote_M,risco de perda,risco de perda,0,2026-04-03T02:38:15.582Z
69cf2943684401be334a63f8,banana,27.1,93,3486,2.809231,lote_M,risco de perda,risco de perda,0,2026-04-03T02:43:15.676Z
69cf2a6f684401be334a63f9,banana,27.1,93,3532,2.8463,lote_M,risco de perda,risco de perda,0,2026-04-03T02:48:15.615Z
69cf2b9b684401be334a63fa,banana,27.1,94,3512,2.830183,lote_M,risco de perda,risco de perda,0,2026-04-03T02:53:15.974Z
69cf2cc7684401be334a63fb,banana,27.1,94,3504,2.823736,lote_M,risco de perda,risco de perda,0,2026-04-03T02:58:15.687Z
69cf2df3684401be334a63fc,banana,27.1,94,3511,2.829377,lote_M,risco de perda,risco de perda,0,2026-04-03T03:03:15.726Z
69cf2f1f684401be334a63fd,banana,27.1,93,3574,2.880147,lote_M,risco de perda,risco de perda,0,2026-04-03T03:08:15.616Z
69cf304b684401be334a63fe,banana,27.1,93,3577,2.882564,lote_M,risco de perda,risco de perda,0,2026-04-03T03:13:15.644Z
69cf3177684401be334a63ff,banana,27.6,94,3589,2.892234,lote_M,risco de perda,risco de perda,0,2026-04-03T03:18:15.831Z
69cf32a3684401be334a6400,banana,27.6,94,3604,2.904322,lote_M,risco de perda,risco de perda,0,2026-04-03T03:23:15.865Z
69cf33cf684401be334a6401,banana,27.6,93,3608,2.907546,lote_M,risco de perda,risco de perda,0,2026-04-03T03:28:15.696Z
69cf34fb684401be334a6402,banana,27.6,93,3617,2.914798,lote_M,risco de perda,risco de perda,0,2026-04-03T03:33:15.684Z
69cf3627684401be334a6403,banana,27.6,93,3623,2.919634,lote_M,risco de perda,risco de perda,0,2026-04-03T03:38:15.829Z
69cf3753684401be334a6404,banana,27.6,93,3625,2.921245,lote_M,risco de perda,risco de perda,0,2026-04-03T03:43:15.864Z
69cf387f684401be334a6405,banana,28,92,3632,2.926887,lote_M,risco de perda,risco de perda,0,2026-04-03T03:48:15.700Z
69cf39ab684401be334a6406,banana,28,92,3635,2.929304,lote_M,risco de perda,risco de perda,0,2026-04-03T03:53:15.990Z
69cf3ad7684401be334a6407,banana,28,92,3641,2.934139,lote_M,risco de perda,risco de perda,0,2026-04-03T03:58:15.867Z
69cf3c03684401be334a6408,banana,28,92,3637,2.930916,lote_M,risco de perda,risco de perda,0,2026-04-03T04:03:15.692Z
69cf3d2f684401be334a6409,banana,28,92,3646,2.938169,lote_M,risco de perda,risco de perda,0,2026-04-03T04:08:15.734Z
69cf3e5b684401be334a640a,banana,28,92,3650,2.941392,lote_M,risco de perda,risco de perda,0,2026-04-03T04:13:15.880Z
69cf3f87684401be334a640b,banana,28,92,3645,2.937363,lote_M,risco de perda,risco de perda,0,2026-04-03T04:18:15.956Z
69cf40b3684401be334a640c,banana,28,92,3653,2.94381,lote_M,risco de perda,risco de perda,0,2026-04-03T04:23:15.746Z
69cf41df684401be334a640d,banana,28,92,3658,2.947839,lote_M,risco de perda,risco de perda,0,2026-04-03T04:28:15.926Z
69cf430b684401be334a640e,banana,28,92,3656,2.946227,lote_M,risco de perda,risco de perda,0,2026-04-03T04:33:15.928Z
69cf443a684401be334a640f,banana,28,92,3657,2.947033,lote_M,risco de perda,risco de perda,0,2026-04-03T04:38:18.560Z
69cf4563684401be334a6410,banana,28,92,3664,2.952674,lote_M,risco de perda,risco de perda,0,2026-04-03T04:43:15.747Z
69cf468f684401be334a6411,banana,28,92,3665,2.95348,lote_M,risco de perda,risco de perda,0,2026-04-03T04:48:15.933Z
69cf47bc684401be334a6412,banana,28,92,3668,2.955897,lote_M,risco de perda,risco de perda,0,2026-04-03T04:53:16.005Z
69cf48e7684401be334a6413,banana,28,92,3660,2.94945,lote_M,risco de perda,risco de perda,0,2026-04-03T04:58:15.998Z
69cf4a13684401be334a6414,banana,28,92,3667,2.955091,lote_M,risco de perda,risco de perda,0,2026-04-03T05:03:15.872Z
69cf4b40684401be334a6415,banana,28,92,3670,2.957509,lote_M,risco de perda,risco de perda,0,2026-04-03T05:08:16.014Z
69cf4c6c684401be334a6416,banana,28,92,3668,2.955897,lote_M,risco de perda,risco de perda,0,2026-04-03T05:13:16.049Z
69cf4d97684401be334a6417,banana,28,92,3667,2.955091,lote_M,risco de perda,risco de perda,0,2026-04-03T05:18:15.884Z
69cf4ec4684401be334a6418,banana,28,92,3673,2.959927,lote_M,risco de perda,risco de perda,0,2026-04-03T05:23:16.073Z
69cf4ff0684401be334a6419,banana,28,92,3655,2.945421,lote_M,risco de perda,risco de perda,0,2026-04-03T05:28:16.013Z
69cf511b684401be334a641a,banana,28,92,3657,2.947033,lote_M,risco de perda,risco de perda,0,2026-04-03T05:33:15.886Z
69cf5247684401be334a641b,banana,27.6,93,3663,2.951868,lote_M,risco de perda,risco de perda,0,2026-04-03T05:38:15.921Z
69cf5374684401be334a641c,banana,27.6,93,3667,2.955091,lote_M,risco de perda,risco de perda,0,2026-04-03T05:43:16.036Z
69cf54a0684401be334a641d,banana,27.6,93,3672,2.959121,lote_M,risco de perda,risco de perda,0,2026-04-03T05:48:16.198Z
69cf55cb684401be334a641e,banana,27.6,93,3662,2.951062,lote_M,risco de perda,risco de perda,0,2026-04-03T05:53:15.992Z
69cf56f8684401be334a641f,banana,27.6,93,3669,2.956703,lote_M,risco de perda,risco de perda,0,2026-04-03T05:58:16.066Z
69cf5824684401be334a6420,banana,27.6,93,3667,2.955091,lote_M,risco de perda,risco de perda,0,2026-04-03T06:03:16.069Z
69cf594f684401be334a6421,banana,27.6,93,3670,2.957509,lote_M,risco de perda,risco de perda,0,2026-04-03T06:08:15.943Z
69cf5a7b684401be334a6422,banana,27.6,93,3669,2.956703,lote_M,risco de perda,risco de perda,0,2026-04-03T06:13:15.978Z
69cf5ba8684401be334a6423,banana,27.6,93,3672,2.959121,lote_M,risco de perda,risco de perda,0,2026-04-03T06:18:16.118Z
69cf5cd4684401be334a6424,banana,27.6,93,3667,2.955091,lote_M,risco de perda,risco de perda,0,2026-04-03T06:23:16.005Z
69cf5dff684401be334a6425,banana,27.6,93,3672,2.959121,lote_M,risco de perda,risco de perda,0,2026-04-03T06:28:15.938Z
69cf5f2c684401be334a6426,banana,27.6,93,3670,2.957509,lote_M,risco de perda,risco de perda,0,2026-04-03T06:33:16.122Z
69cf6058684401be334a6427,banana,27.6,93,3670,2.957509,lote_M,risco de perda,risco de perda,0,2026-04-03T06:38:16.155Z
69cf6183684401be334a6428,banana,27.6,93,3666,2.954286,lote_M,risco de perda,risco de perda,0,2026-04-03T06:43:15.985Z
69cf62b0684401be334a6429,banana,27.6,93,3668,2.955897,lote_M,risco de perda,risco de perda,0,2026-04-03T06:48:16.125Z
69cf63dc684401be334a642a,banana,27.6,93,3671,2.958315,lote_M,risco de perda,risco de perda,0,2026-04-03T06:53:16.158Z
69cf6508684401be334a642b,banana,27.6,93,3661,2.950256,lote_M,risco de perda,risco de perda,0,2026-04-03T06:58:16.166Z
69cf6634684401be334a642c,banana,27.6,93,3665,2.95348,lote_M,risco de perda,risco de perda,0,2026-04-03T07:03:16.129Z
69cf6760684401be334a642d,banana,27.6,93,3667,2.955091,lote_M,risco de perda,risco de perda,0,2026-04-03T07:08:16.114Z
69cf688c684401be334a642e,banana,27.6,93,3664,2.952674,lote_M,risco de perda,risco de perda,0,2026-04-03T07:13:16.200Z
69cf69b7684401be334a642f,banana,27.6,93,3664,2.952674,lote_M,risco de perda,risco de perda,0,2026-04-03T07:18:15.999Z
69cf6ae4684401be334a6430,banana,27.6,93,3664,2.952674,lote_M,risco de perda,risco de perda,0,2026-04-03T07:23:16.285Z
69cf6c10684401be334a6431,banana,27.6,93,3670,2.957509,lote_M,risco de perda,risco de perda,0,2026-04-03T07:28:16.108Z
69cf6d3c684401be334a6432,banana,27.6,93,3671,2.958315,lote_M,risco de perda,risco de perda,0,2026-04-03T07:33:16.205Z
69cf6e68684401be334a6433,banana,27.6,93,3674,2.960733,lote_M,risco de perda,risco de perda,0,2026-04-03T07:38:16.030Z
69cf6f94684401be334a6434,banana,27.6,93,3679,2.964762,lote_M,risco de perda,risco de perda,0,2026-04-03T07:43:16.227Z
69cf70c0684401be334a6435,banana,27.6,93,3668,2.955897,lote_M,risco de perda,risco de perda,0,2026-04-03T07:48:16.257Z
69cf71ec684401be334a6436,banana,27.6,93,3667,2.955091,lote_M,risco de perda,risco de perda,0,2026-04-03T07:53:16.083Z
69cf7318684401be334a6437,banana,27.6,93,3675,2.961539,lote_M,risco de perda,risco de perda,0,2026-04-03T07:58:16.232Z
69cf7444684401be334a6438,banana,27.6,93,3669,2.956703,lote_M,risco de perda,risco de perda,0,2026-04-03T08:03:16.259Z
69cf7570684401be334a6439,banana,27.6,93,3666,2.954286,lote_M,risco de perda,risco de perda,0,2026-04-03T08:08:16.054Z
69cf769c684401be334a643a,banana,27.6,93,3671,2.958315,lote_M,risco de perda,risco de perda,0,2026-04-03T08:13:16.123Z
69cf77c8684401be334a643b,banana,27.6,93,3670,2.957509,lote_M,risco de perda,risco de perda,0,2026-04-03T08:18:16.366Z
69cf78f4684401be334a643c,banana,27.6,93,3668,2.955897,lote_M,risco de perda,risco de perda,0,2026-04-03T08:23:16.264Z
69cf7a20684401be334a643d,banana,27.6,93,3663,2.951868,lote_M,risco de perda,risco de perda,0,2026-04-03T08:28:16.245Z
69cf7b4c684401be334a643e,banana,27.6,93,3665,2.95348,lote_M,risco de perda,risco de perda,0,2026-04-03T08:33:16.275Z
69cf7c78684401be334a643f,banana,27.6,93,3677,2.96315,lote_M,risco de perda,risco de perda,0,2026-04-03T08:38:16.309Z
69cf7da4684401be334a6440,banana,27.6,93,3677,2.96315,lote_M,risco de perda,risco de perda,0,2026-04-03T08:43:16.340Z
69cf7ed0684401be334a6441,banana,27.6,93,3672,2.959121,lote_M,risco de perda,risco de perda,0,2026-04-03T08:48:16.171Z
69cf7ffc684401be334a6442,banana,27.6,93,3668,2.955897,lote_M,risco de perda,risco de perda,0,2026-04-03T08:53:16.309Z
69cf8128684401be334a6443,banana,27.2,93,3663,2.951868,lote_M,risco de perda,risco de perda,0,2026-04-03T08:58:16.360Z
69cf8254684401be334a6444,banana,27.1,93,3665,2.95348,lote_M,risco de perda,risco de perda,0,2026-04-03T09:03:16.186Z
69cf8380684401be334a6445,banana,27.1,93,3665,2.95348,lote_M,risco de perda,risco de perda,0,2026-04-03T09:08:16.214Z
69cf84ac684401be334a6446,banana,27.1,93,3662,2.951062,lote_M,risco de perda,risco de perda,0,2026-04-03T09:13:16.355Z
69cf85d8684401be334a6447,banana,27.1,93,3666,2.954286,lote_M,risco de perda,risco de perda,0,2026-04-03T09:18:16.339Z
69cf8704684401be334a6448,banana,27.1,93,3664,2.952674,lote_M,risco de perda,risco de perda,0,2026-04-03T09:23:16.324Z
69cf8830684401be334a6449,banana,27.1,93,3665,2.95348,lote_M,risco de perda,risco de perda,0,2026-04-03T09:28:16.364Z
69cf895c684401be334a644a,banana,27.1,93,3667,2.955091,lote_M,risco de perda,risco de perda,0,2026-04-03T09:33:16.395Z
69cf8a88684401be334a644b,banana,27.1,93,3671,2.958315,lote_M,risco de perda,risco de perda,0,2026-04-03T09:38:16.204Z
69cf8bb4684401be334a644c,banana,27.1,93,3666,2.954286,lote_M,risco de perda,risco de perda,0,2026-04-03T09:43:16.370Z
69cf8ce0684401be334a644d,banana,27.1,93,3666,2.954286,lote_M,risco de perda,risco de perda,0,2026-04-03T09:48:16.360Z
69cf8e0c684401be334a644e,banana,27.1,93,3657,2.947033,lote_M,risco de perda,risco de perda,0,2026-04-03T09:53:16.203Z
69cf8f38684401be334a644f,banana,27.1,93,3669,2.956703,lote_M,risco de perda,risco de perda,0,2026-04-03T09:58:16.371Z
69cf9064684401be334a6450,banana,27.1,93,3666,2.954286,lote_M,risco de perda,risco de perda,0,2026-04-03T10:03:16.921Z
69cf9190684401be334a6451,banana,27.1,93,3661,2.950256,lote_M,risco de perda,risco de perda,0,2026-04-03T10:08:16.211Z
69cf92bc684401be334a6452,banana,27.1,93,3665,2.95348,lote_M,risco de perda,risco de perda,0,2026-04-03T10:13:16.277Z
69cf93e8684401be334a6453,banana,27.1,93,3664,2.952674,lote_M,risco de perda,risco de perda,0,2026-04-03T10:18:16.364Z
69cf9514684401be334a6454,banana,27.1,93,3667,2.955091,lote_M,risco de perda,risco de perda,0,2026-04-03T10:23:16.552Z
69cf9641684401be334a6455,banana,27.1,93,3663,2.951868,lote_M,risco de perda,risco de perda,0,2026-04-03T10:28:17.514Z
69cf976d684401be334a6456,banana,27.1,93,3667,2.955091,lote_M,risco de perda,risco de perda,0,2026-04-03T10:33:17.368Z
69cf9899684401be334a6457,banana,27.1,93,3668,2.955897,lote_M,risco de perda,risco de perda,0,2026-04-03T10:38:17.539Z
69cf99c5684401be334a6458,banana,27.1,93,3667,2.955091,lote_M,risco de perda,risco de perda,0,2026-04-03T10:43:17.572Z
69cf9af1684401be334a6459,banana,27.1,93,3666,2.954286,lote_M,risco de perda,risco de perda,0,2026-04-03T10:48:17.353Z
69cf9c1d684401be334a645a,banana,27.1,93,3665,2.95348,lote_M,risco de perda,risco de perda,0,2026-04-03T10:53:17.501Z
69cf9d49684401be334a645b,banana,27.1,93,3664,2.952674,lote_M,risco de perda,risco de perda,0,2026-04-03T10:58:17.529Z
69cf9e75684401be334a645c,banana,27.1,93,3658,2.947839,lote_M,risco de perda,risco de perda,0,2026-04-03T11:03:17.613Z
69cf9fa1684401be334a645d,banana,27.1,93,3662,2.951062,lote_M,risco de perda,risco de perda,0,2026-04-03T11:08:17.652Z
69cfa0cd684401be334a645e,banana,27.1,93,3653,2.94381,lote_M,risco de perda,risco de perda,0,2026-04-03T11:13:17.571Z
69cfa1f9684401be334a645f,banana,27.1,93,3652,2.943004,lote_M,risco de perda,risco de perda,0,2026-04-03T11:18:17.568Z
69cfa325684401be334a6460,banana,27.1,93,3647,2.938974,lote_M,risco de perda,risco de perda,0,2026-04-03T11:23:17.486Z
69cfa452684401be334a6461,banana,27.1,93,3654,2.944615,lote_M,risco de perda,risco de perda,0,2026-04-03T11:28:18.516Z
69cfa57d684401be334a6462,banana,27.1,93,3653,2.94381,lote_M,risco de perda,risco de perda,0,2026-04-03T11:33:17.524Z
69cfa6a9684401be334a6463,banana,27.1,93,3648,2.93978,lote_M,risco de perda,risco de perda,0,2026-04-03T11:38:17.609Z
69cfa7d5684401be334a6464,banana,27.1,93,3652,2.943004,lote_M,risco de perda,risco de perda,0,2026-04-03T11:43:17.494Z
69cfa901684401be334a6465,banana,27.1,93,3654,2.944615,lote_M,risco de perda,risco de perda,0,2026-04-03T11:48:17.630Z
69cfaa2d684401be334a6466,banana,27.1,93,3652,2.943004,lote_M,risco de perda,risco de perda,0,2026-04-03T11:53:17.673Z
69cfab59684401be334a6467,banana,27.1,93,3644,2.936557,lote_M,risco de perda,risco de perda,0,2026-04-03T11:58:17.607Z
69cfac85684401be334a6468,banana,27.1,93,3659,2.948645,lote_M,risco de perda,risco de perda,0,2026-04-03T12:03:17.498Z
69cfadb1684401be334a6469,banana,27.1,93,3669,2.956703,lote_M,risco de perda,risco de perda,0,2026-04-03T12:08:17.518Z
69cfaedd684401be334a646a,banana,27.1,93,3665,2.95348,lote_M,risco de perda,risco de perda,0,2026-04-03T12:13:17.503Z
69cfb009684401be334a646b,banana,27.1,93,3677,2.96315,lote_M,risco de perda,risco de perda,0,2026-04-03T12:18:17.539Z
69cfb135684401be334a646c,banana,27.1,93,3676,2.962344,lote_M,risco de perda,risco de perda,0,2026-04-03T12:23:17.665Z
69cfb261684401be334a646d,banana,27.1,93,3680,2.965568,lote_M,risco de perda,risco de perda,0,2026-04-03T12:28:17.688Z
69cfb38d684401be334a646e,banana,27.1,93,3683,2.967985,lote_M,risco de perda,risco de perda,0,2026-04-03T12:33:17.549Z
69cfb4b9684401be334a646f,banana,27.1,93,3685,2.969597,lote_M,risco de perda,risco de perda,0,2026-04-03T12:38:17.585Z
69cfb5e5684401be334a6470,banana,27.1,93,3688,2.972015,lote_M,risco de perda,risco de perda,0,2026-04-03T12:43:17.514Z
69cfb711684401be334a6471,banana,27.1,93,3679,2.964762,lote_M,risco de perda,risco de perda,0,2026-04-03T12:48:17.731Z
69cfb83d684401be334a6472,banana,27.1,93,3686,2.970403,lote_M,risco de perda,risco de perda,0,2026-04-03T12:53:17.589Z
69cfb969684401be334a6473,banana,27.1,93,3692,2.975238,lote_M,risco de perda,risco de perda,0,2026-04-03T12:58:17.690Z
69cfba95684401be334a6474,banana,27.1,93,3692,2.975238,lote_M,risco de perda,risco de perda,0,2026-04-03T13:03:17.725Z
69cfbbc1684401be334a6475,banana,27.1,93,3691,2.974432,lote_M,risco de perda,risco de perda,0,2026-04-03T13:08:17.698Z
69cfbced684401be334a6476,banana,27.1,93,3695,2.977656,lote_M,risco de perda,risco de perda,0,2026-04-03T13:13:17.863Z
69cfbe19684401be334a6477,banana,27.1,93,3692,2.975238,lote_M,risco de perda,risco de perda,0,2026-04-03T13:18:17.732Z
69cfbf45684401be334a6478,banana,27.1,93,3694,2.97685,lote_M,risco de perda,risco de perda,0,2026-04-03T13:23:17.781Z
69cfc071684401be334a6479,banana,27.1,93,3701,2.982491,lote_M,risco de perda,risco de perda,0,2026-04-03T13:28:17.716Z
69cfc19d684401be334a647a,banana,27.1,93,3705,2.985714,lote_M,risco de perda,risco de perda,0,2026-04-03T13:33:17.682Z
69cfc2c9684401be334a647b,banana,27.1,93,3702,2.983297,lote_M,risco de perda,risco de perda,0,2026-04-03T13:38:17.782Z
69cfc3f5684401be334a647c,banana,27.1,93,3698,2.980073,lote_M,risco de perda,risco de perda,0,2026-04-03T13:43:17.620Z
69cfc521684401be334a647d,banana,27.2,93,3700,2.981685,lote_M,risco de perda,risco de perda,0,2026-04-03T13:48:17.748Z
69cfc64d684401be334a647e,banana,27.6,93,3703,2.984102,lote_M,risco de perda,risco de perda,0,2026-04-03T13:53:17.603Z
69cfc779684401be334a647f,banana,27.6,93,3703,2.984102,lote_M,risco de perda,risco de perda,0,2026-04-03T13:58:17.655Z
69cfc8a5684401be334a6480,banana,27.6,93,3696,2.978462,lote_M,risco de perda,risco de perda,0,2026-04-03T14:03:17.694Z
69cfc9d1684401be334a6481,banana,27.6,93,3703,2.984102,lote_M,risco de perda,risco de perda,0,2026-04-03T14:08:17.830Z
69cfcafd684401be334a6482,banana,27.6,93,3702,2.983297,lote_M,risco de perda,risco de perda,0,2026-04-03T14:13:17.868Z
69cfcc29684401be334a6483,banana,27.6,93,3710,2.989743,lote_M,risco de perda,risco de perda,0,2026-04-03T14:18:17.673Z
69cfcd55684401be334a6484,banana,27.6,93,3710,2.989743,lote_M,risco de perda,risco de perda,0,2026-04-03T14:23:17.944Z
69cfce81684401be334a6485,banana,27.6,93,3718,2.996191,lote_M,risco de perda,risco de perda,0,2026-04-03T14:28:17.845Z
69cfcfad684401be334a6486,banana,27.6,93,3715,2.993773,lote_M,risco de perda,risco de perda,0,2026-04-03T14:33:17.909Z
69cfd0d9684401be334a6487,banana,28,92,3722,2.999414,lote_M,risco de perda,risco de perda,0,2026-04-03T14:38:17.742Z
69cfd205684401be334a6488,banana,28,92,3724,3.001026,lote_M,risco de perda,risco de perda,0,2026-04-03T14:43:17.754Z
69cfd331684401be334a6489,banana,28,92,3731,3.006667,lote_M,risco de perda,risco de perda,0,2026-04-03T14:48:17.714Z
69cfd45d684401be334a648a,banana,28,92,3729,3.005055,lote_M,risco de perda,risco de perda,0,2026-04-03T14:53:17.749Z
69cfd589684401be334a648b,banana,28,92,3739,3.013113,lote_M,risco de perda,risco de perda,0,2026-04-03T14:58:17.720Z
69cfd6b5684401be334a648c,banana,28,92,3747,3.01956,lote_M,risco de perda,risco de perda,0,2026-04-03T15:03:17.706Z
69cfd7e1684401be334a648d,banana,28,92,3742,3.015531,lote_M,risco de perda,risco de perda,0,2026-04-03T15:08:17.908Z
69cfd90d684401be334a648e,banana,28.5,92,3742,3.015531,lote_M,risco de perda,risco de perda,0,2026-04-03T15:13:17.747Z
69cfda39684401be334a648f,banana,28.5,92,3751,3.022784,lote_M,risco de perda,risco de perda,0,2026-04-03T15:18:17.883Z
69cfdb65684401be334a6490,banana,28.5,92,3758,3.028425,lote_M,risco de perda,risco de perda,0,2026-04-03T15:23:17.922Z
69cfdc91684401be334a6491,banana,28.5,92,3754,3.025202,lote_M,risco de perda,risco de perda,0,2026-04-03T15:28:17.908Z
69cfddbd684401be334a6492,banana,28.5,92,3768,3.036484,lote_M,risco de perda,risco de perda,0,2026-04-03T15:33:17.808Z
69cfdee9684401be334a6493,banana,28.6,92,3756,3.026813,lote_M,risco de perda,risco de perda,0,2026-04-03T15:38:17.981Z
69cfe015684401be334a6494,banana,28.9,92,3760,3.030037,lote_M,risco de perda,risco de perda,0,2026-04-03T15:43:17.968Z
69cfe141684401be334a6495,banana,28.9,92,3771,3.038901,lote_M,risco de perda,risco de perda,0,2026-04-03T15:48:17.952Z
69cfe26e684401be334a6496,banana,28.9,92,3781,3.04696,lote_M,risco de perda,risco de perda,0,2026-04-03T15:53:18.184Z
69cfe399684401be334a6497,banana,28.9,92,3781,3.04696,lote_M,risco de perda,risco de perda,0,2026-04-03T15:58:17.959Z
69cfe4c5684401be334a6498,banana,28.9,92,3773,3.040513,lote_M,risco de perda,risco de perda,0,2026-04-03T16:03:17.807Z
69cfe5f1684401be334a6499,banana,28.9,92,3746,3.018754,lote_M,risco de perda,risco de perda,0,2026-04-03T16:08:17.874Z
69cfe71d684401be334a649a,banana,29.3,92,3764,3.03326,lote_M,risco de perda,risco de perda,0,2026-04-03T16:13:17.967Z
69cfe84a684401be334a649b,banana,29.3,92,3773,3.040513,lote_M,risco de perda,risco de perda,0,2026-04-03T16:18:18.052Z
69cfe976684401be334a649c,banana,29.3,92,3788,3.052601,lote_M,risco de perda,risco de perda,0,2026-04-03T16:23:18.807Z
69cfeaa1684401be334a649d,banana,29.3,92,3791,3.055018,lote_M,risco de perda,risco de perda,0,2026-04-03T16:28:17.927Z
69cfebce684401be334a649e,banana,29.3,92,3807,3.067912,lote_M,risco de perda,risco de perda,0,2026-04-03T16:33:18.017Z
69cfecfa684401be334a649f,banana,29.3,92,3792,3.055824,lote_M,risco de perda,risco de perda,0,2026-04-03T16:38:18.051Z
69cfee25684401be334a64a0,banana,29.7,92,3796,3.059048,lote_M,risco de perda,risco de perda,0,2026-04-03T16:43:17.924Z
69cfef51684401be334a64a1,banana,29.8,92,3797,3.059854,lote_M,risco de perda,risco de perda,0,2026-04-03T16:48:17.916Z
69cff07e684401be334a64a2,banana,29.8,92,3809,3.069524,lote_M,risco de perda,risco de perda,0,2026-04-03T16:53:18.058Z
69cff1aa684401be334a64a3,banana,29.8,92,3817,3.075971,lote_M,risco de perda,risco de perda,0,2026-04-03T16:58:18.090Z
69cff2d5684401be334a64a4,banana,29.8,92,3838,3.092894,lote_M,risco de perda,risco de perda,0,2026-04-03T17:03:17.935Z
69cff402684401be334a64a5,banana,29.8,92,3845,3.098535,lote_M,risco de perda,risco de perda,0,2026-04-03T17:08:18.003Z
69cff52e684401be334a64a6,banana,29.8,92,3849,3.101758,lote_M,risco de perda,risco de perda,0,2026-04-03T17:13:18.037Z
69cff65a684401be334a64a7,banana,29.8,92,3846,3.099341,lote_M,risco de perda,risco de perda,0,2026-04-03T17:18:18.184Z
69cff786684401be334a64a8,banana,29.8,92,3856,3.107399,lote_M,risco de perda,risco de perda,0,2026-04-03T17:23:18.140Z
69cff8b1684401be334a64a9,banana,29.8,92,3868,3.117069,lote_M,risco de perda,risco de perda,0,2026-04-03T17:28:17.950Z
69cff9de684401be334a64aa,banana,30.2,91,4003,3.225861,lote_M,risco de perda,risco de perda,0,2026-04-03T17:33:18.083Z
69cffb0a684401be334a64ab,banana,30.2,91,4010,3.231502,lote_M,risco de perda,risco de perda,0,2026-04-03T17:38:18.128Z
69cffc36684401be334a64ac,banana,30.2,91,4009,3.230696,lote_M,risco de perda,risco de perda,0,2026-04-03T17:43:18.053Z
69cffd62684401be334a64ad,banana,30.2,91,4014,3.234725,lote_M,risco de perda,risco de perda,0,2026-04-03T17:48:18.189Z
69cffe8e684401be334a64ae,banana,30.2,91,4020,3.23956,lote_M,risco de perda,risco de perda,0,2026-04-03T17:53:18.389Z
69cfffba684401be334a64af,banana,30.2,91,4021,3.240366,lote_M,risco de perda,risco de perda,0,2026-04-03T17:58:18.057Z
69d000e6684401be334a64b0,banana,30.2,91,3985,3.211355,lote_M,risco de perda,risco de perda,0,2026-04-03T18:03:18.195Z
69d00212684401be334a64b1,banana,30.2,91,3793,3.05663,lote_M,risco de perda,risco de perda,0,2026-04-03T18:08:18.188Z
69d0033e684401be334a64b2,banana,30.2,91,3652,2.943004,lote_M,risco de perda,risco de perda,0,2026-04-03T18:13:18.166Z
69d0046a684401be334a64b3,banana,30.2,91,3710,2.989743,lote_M,risco de perda,risco de perda,0,2026-04-03T18:18:18.104Z
69d00596684401be334a64b4,banana,30.2,91,3801,3.063077,lote_M,risco de perda,risco de perda,0,2026-04-03T18:23:18.197Z
69d006c2684401be334a64b5,banana,30.2,91,3845,3.098535,lote_M,risco de perda,risco de perda,0,2026-04-03T18:28:18.229Z
69d007ee684401be334a64b6,banana,30.2,91,3878,3.125128,lote_M,risco de perda,risco de perda,0,2026-04-03T18:33:18.104Z
69d0091a684401be334a64b7,banana,30.2,91,3909,3.15011,lote_M,risco de perda,risco de perda,0,2026-04-03T18:38:18.140Z
69d00a46684401be334a64b8,banana,30.2,91,3938,3.17348,lote_M,risco de perda,risco de perda,0,2026-04-03T18:43:18.078Z
69d00b72684401be334a64b9,banana,30.2,91,3937,3.172674,lote_M,risco de perda,risco de perda,0,2026-04-03T18:48:18.224Z
69d00c9e684401be334a64ba,banana,30.2,91,3955,3.18718,lote_M,risco de perda,risco de perda,0,2026-04-03T18:53:18.329Z
69d00dca684401be334a64bb,banana,30.2,91,3940,3.175092,lote_M,risco de perda,risco de perda,0,2026-04-03T18:58:18.288Z
69d00ef6684401be334a64bc,banana,30.8,91,3903,3.145275,lote_M,risco de perda,risco de perda,0,2026-04-03T19:03:18.325Z
69d01022684401be334a64bd,banana,30.8,91,3847,3.100147,lote_M,risco de perda,risco de perda,0,2026-04-03T19:08:18.254Z
69d0114e684401be334a64be,banana,31.3,91,3754,3.025202,lote_M,risco de perda,risco de perda,0,2026-04-03T19:13:18.290Z
69d0127a684401be334a64bf,banana,31.8,91,3812,3.071941,lote_M,risco de perda,risco de perda,0,2026-04-03T19:18:18.295Z
69d013a6684401be334a64c0,banana,31.8,90,3830,3.086447,lote_M,risco de perda,risco de perda,0,2026-04-03T19:23:18.272Z
69d014d2684401be334a64c1,banana,31.8,91,3890,3.134799,lote_M,risco de perda,risco de perda,0,2026-04-03T19:28:18.312Z
69d015fe684401be334a64c2,banana,32.3,91,3932,3.168645,lote_M,risco de perda,risco de perda,0,2026-04-03T19:33:18.342Z
69d0172a684401be334a64c3,banana,32.8,91,3955,3.18718,lote_M,risco de perda,risco de perda,0,2026-04-03T19:38:18.375Z
69d01856684401be334a64c4,banana,32.8,90,3971,3.200073,lote_M,risco de perda,risco de perda,0,2026-04-03T19:43:18.527Z
69d01982684401be334a64c5,banana,32.8,91,3975,3.203297,lote_M,risco de perda,risco de perda,0,2026-04-03T19:48:18.355Z
69d01aae684401be334a64c6,banana,32.5,91,3975,3.203297,lote_M,risco de perda,risco de perda,0,2026-04-03T19:53:18.688Z
69d01bda684401be334a64c7,banana,32.3,91,3984,3.210549,lote_M,risco de perda,risco de perda,0,2026-04-03T19:58:18.210Z
69d01d06684401be334a64c8,banana,32.3,91,3967,3.19685,lote_M,risco de perda,risco de perda,0,2026-04-03T20:03:18.283Z
69d01e32684401be334a64c9,banana,31.8,91,3759,3.029231,lote_M,risco de perda,risco de perda,0,2026-04-03T20:08:18.339Z
69d01f5e684401be334a64ca,banana,31.8,91,3845,3.098535,lote_M,risco de perda,risco de perda,0,2026-04-03T20:13:18.404Z
69d0208a684401be334a64cb,banana,31.3,91,3906,3.147692,lote_M,risco de perda,risco de perda,0,2026-04-03T20:18:18.249Z
69d021b6684401be334a64cc,banana,31.3,91,3900,3.142857,lote_M,risco de perda,risco de perda,0,2026-04-03T20:23:18.514Z
69d022e3684401be334a64cd,banana,31.3,92,3943,3.177509,lote_M,risco de perda,risco de perda,0,2026-04-03T20:28:19.044Z
69d0240e684401be334a64ce,banana,31.3,92,3968,3.197656,lote_M,risco de perda,risco de perda,0,2026-04-03T20:33:18.492Z
69d0253a684401be334a64cf,banana,31.3,92,3969,3.198462,lote_M,risco de perda,risco de perda,0,2026-04-03T20:38:18.295Z
69d02666684401be334a64d0,banana,31.3,92,3958,3.189597,lote_M,risco de perda,risco de perda,0,2026-04-03T20:43:18.571Z
69d02793684401be334a64d1,banana,30.8,92,3979,3.20652,lote_M,risco de perda,risco de perda,0,2026-04-03T20:48:19.245Z
69d028be684401be334a64d2,banana,30.8,92,3979,3.20652,lote_M,risco de perda,risco de perda,0,2026-04-03T20:53:18.440Z
69d029ea684401be334a64d3,banana,30.8,92,4001,3.224249,lote_M,risco de perda,risco de perda,0,2026-04-03T20:58:18.337Z
69d02b16684401be334a64d4,banana,30.8,92,4010,3.231502,lote_M,risco de perda,risco de perda,0,2026-04-03T21:03:18.475Z
69d02c42684401be334a64d5,banana,30.8,92,3956,3.187985,lote_M,risco de perda,risco de perda,0,2026-04-03T21:08:18.567Z
69d02d6e684401be334a64d6,banana,30.8,92,3977,3.204908,lote_M,risco de perda,risco de perda,0,2026-04-03T21:13:18.339Z
69d02e9a684401be334a64d7,banana,30.8,92,3996,3.22022,lote_M,risco de perda,risco de perda,0,2026-04-03T21:18:18.685Z
69d02fc6684401be334a64d8,banana,30.8,92,4005,3.227473,lote_M,risco de perda,risco de perda,0,2026-04-03T21:23:18.516Z
69d030f2684401be334a64d9,banana,30.8,92,4010,3.231502,lote_M,risco de perda,risco de perda,0,2026-04-03T21:28:18.507Z
69d0321e684401be334a64da,banana,30.8,92,3983,3.209743,lote_M,risco de perda,risco de perda,0,2026-04-03T21:33:18.380Z
69d0334a684401be334a64db,banana,30.8,92,3995,3.219414,lote_M,risco de perda,risco de perda,0,2026-04-03T21:38:18.416Z
69d03476684401be334a64dc,banana,30.8,92,4012,3.233114,lote_M,risco de perda,risco de perda,0,2026-04-03T21:43:18.453Z
69d035a2684401be334a64dd,banana,30.8,92,4004,3.226667,lote_M,risco de perda,risco de perda,0,2026-04-03T21:48:18.583Z
69d036ce684401be334a64de,banana,30.8,92,4000,3.223443,lote_M,risco de perda,risco de perda,0,2026-04-03T21:53:18.424Z
69d037fa684401be334a64df,banana,30.8,92,4013,3.233919,lote_M,risco de perda,risco de perda,0,2026-04-03T21:58:18.663Z
69d03927684401be334a64e0,banana,30.8,92,4020,3.23956,lote_M,risco de perda,risco de perda,0,2026-04-03T22:03:19.088Z
69d03a52684401be334a64e1,banana,30.8,92,4025,3.24359,lote_M,risco de perda,risco de perda,0,2026-04-03T22:08:18.372Z
69d03b7e684401be334a64e2,banana,30.8,92,4040,3.255678,lote_M,risco de perda,risco de perda,0,2026-04-03T22:13:18.578Z
69d03caa684401be334a64e3,banana,30.8,92,4039,3.254872,lote_M,risco de perda,risco de perda,0,2026-04-03T22:18:18.605Z
69d03dd6684401be334a64e4,banana,30.8,92,4037,3.25326,lote_M,risco de perda,risco de perda,0,2026-04-03T22:23:18.745Z
69d03f02684401be334a64e5,banana,30.8,92,4045,3.259707,lote_M,risco de perda,risco de perda,0,2026-04-03T22:28:18.446Z
69d0402f684401be334a64e6,banana,30.8,92,4041,3.256484,lote_M,risco de perda,risco de perda,0,2026-04-03T22:33:19.532Z
69d0415a684401be334a64e7,banana,30.8,92,4052,3.265348,lote_M,risco de perda,risco de perda,0,2026-04-03T22:38:18.440Z
69d04286684401be334a64e8,banana,30.8,92,4052,3.265348,lote_M,risco de perda,risco de perda,0,2026-04-03T22:43:18.478Z
69d043b2684401be334a64e9,banana,30.8,92,4049,3.26293,lote_M,risco de perda,risco de perda,0,2026-04-03T22:48:18.473Z
69d044de684401be334a64ea,banana,30.8,92,4056,3.268571,lote_M,risco de perda,risco de perda,0,2026-04-03T22:53:18.652Z
69d0460a684401be334a64eb,banana,30.8,92,4058,3.270183,lote_M,risco de perda,risco de perda,0,2026-04-03T22:58:18.667Z
69d04738684401be334a64ec,banana,30.8,92,4052,3.265348,lote_M,risco de perda,risco de perda,0,2026-04-03T23:03:20.365Z
69d04862684401be334a64ed,banana,30.8,92,4060,3.271795,lote_M,risco de perda,risco de perda,0,2026-04-03T23:08:18.466Z
69d04991684401be334a64ee,banana,30.8,92,4052,3.265348,lote_M,risco de perda,risco de perda,0,2026-04-03T23:13:21.162Z
69d04aba684401be334a64ef,banana,30.8,92,4056,3.268571,lote_M,risco de perda,risco de perda,0,2026-04-03T23:18:18.691Z
69d04be6684401be334a64f0,banana,30.8,92,4067,3.277436,lote_M,risco de perda,risco de perda,0,2026-04-03T23:23:18.640Z
69d04d12684401be334a64f1,banana,30.8,92,4074,3.283077,lote_M,risco de perda,risco de perda,0,2026-04-03T23:28:18.680Z
69d04e41684401be334a64f2,banana,30.8,92,4067,3.277436,lote_M,risco de perda,risco de perda,0,2026-04-03T23:33:21.711Z
69d04f6a684401be334a64f3,banana,30.8,92,4064,3.275018,lote_M,risco de perda,risco de perda,0,2026-04-03T23:38:18.687Z
69d05096684401be334a64f4,banana,30.8,92,4072,3.281465,lote_M,risco de perda,risco de perda,0,2026-04-03T23:43:18.792Z
69d051c3684401be334a64f5,banana,30.8,92,4070,3.279854,lote_M,risco de perda,risco de perda,0,2026-04-03T23:48:19.684Z
69d052ee684401be334a64f6,banana,30.8,92,4064,3.275018,lote_M,risco de perda,risco de perda,0,2026-04-03T23:53:18.615Z
69d0541a684401be334a64f7,banana,30.5,92,4069,3.279048,lote_M,risco de perda,risco de perda,0,2026-04-03T23:58:18.618Z
69d05546684401be334a64f8,banana,30.2,92,4072,3.281465,lote_M,risco de perda,risco de perda,0,2026-04-04T00:03:18.650Z
69d05672684401be334a64f9,banana,30.2,92,4067,3.277436,lote_M,risco de perda,risco de perda,0,2026-04-04T00:08:18.890Z
69d0579e684401be334a64fa,banana,30.2,92,4052,3.265348,lote_M,risco de perda,risco de perda,0,2026-04-04T00:13:18.823Z
69d058ca684401be334a64fb,banana,30.2,92,4070,3.279854,lote_M,risco de perda,risco de perda,0,2026-04-04T00:18:18.653Z
69d059f6684401be334a64fc,banana,30.2,92,4066,3.27663,lote_M,risco de perda,risco de perda,0,2026-04-04T00:23:18.902Z
69d05b22684401be334a64fd,banana,30.2,92,4068,3.278242,lote_M,risco de perda,risco de perda,0,2026-04-04T00:28:18.791Z
69d05c4e684401be334a64fe,banana,30.2,92,4064,3.275018,lote_M,risco de perda,risco de perda,0,2026-04-04T00:33:18.620Z
69d05d7b684401be334a64ff,banana,30.2,92,4068,3.278242,lote_M,risco de perda,risco de perda,0,2026-04-04T00:38:19.479Z
69d05ea6684401be334a6500,banana,30.2,92,4067,3.277436,lote_M,risco de perda,risco de perda,0,2026-04-04T00:43:18.835Z
69d05fd2684401be334a6501,banana,30.2,92,4055,3.267766,lote_M,risco de perda,risco de perda,0,2026-04-04T00:48:18.816Z
69d060fe684401be334a6502,banana,30.2,92,4068,3.278242,lote_M,risco de perda,risco de perda,0,2026-04-04T00:53:18.701Z
69d0622a684401be334a6503,banana,30.2,92,4064,3.275018,lote_M,risco de perda,risco de perda,0,2026-04-04T00:58:18.796Z
69d06356684401be334a6504,banana,30.2,92,4062,3.273407,lote_M,risco de perda,risco de perda,0,2026-04-04T01:03:18.830Z
69d06482684401be334a6505,banana,30.2,92,4056,3.268571,lote_M,risco de perda,risco de perda,0,2026-04-04T01:08:18.916Z
69d065ae684401be334a6506,banana,30.2,92,4054,3.26696,lote_M,risco de perda,risco de perda,0,2026-04-04T01:13:18.699Z
69d066da684401be334a6507,banana,30.2,92,4050,3.263736,lote_M,risco de perda,risco de perda,0,2026-04-04T01:18:18.779Z
69d06806684401be334a6508,banana,29.8,93,4042,3.257289,lote_M,risco de perda,risco de perda,0,2026-04-04T01:23:18.889Z
69d06932684401be334a6509,banana,29.8,93,4046,3.260513,lote_M,risco de perda,risco de perda,0,2026-04-04T01:28:18.958Z
69d06a5e684401be334a650a,banana,29.8,93,4051,3.264542,lote_M,risco de perda,risco de perda,0,2026-04-04T01:33:18.861Z
69d06b8a684401be334a650b,banana,29.8,93,4052,3.265348,lote_M,risco de perda,risco de perda,0,2026-04-04T01:38:18.932Z
69d06cb6684401be334a650c,banana,29.8,93,4051,3.264542,lote_M,risco de perda,risco de perda,0,2026-04-04T01:43:18.769Z
69d06de2684401be334a650d,banana,29.8,93,4054,3.26696,lote_M,risco de perda,risco de perda,0,2026-04-04T01:48:18.906Z
69d06f0f684401be334a650e,banana,29.8,93,4051,3.264542,lote_M,risco de perda,risco de perda,0,2026-04-04T01:53:19.048Z
69d0703a684401be334a650f,banana,29.8,93,4035,3.251648,lote_M,risco de perda,risco de perda,0,2026-04-04T01:58:18.981Z
69d07166684401be334a6510,banana,29.8,93,4044,3.258901,lote_M,risco de perda,risco de perda,0,2026-04-04T02:03:18.791Z
69d07292684401be334a6511,banana,29.8,93,4044,3.258901,lote_M,risco de perda,risco de perda,0,2026-04-04T02:08:18.804Z
69d073be684401be334a6512,banana,29.8,93,4045,3.259707,lote_M,risco de perda,risco de perda,0,2026-04-04T02:13:18.935Z
69d074eb684401be334a6513,banana,29.8,93,4025,3.24359,lote_M,risco de perda,risco de perda,0,2026-04-04T02:18:19.012Z
69d0761a684401be334a6514,banana,29.8,93,4024,3.242784,lote_M,risco de perda,risco de perda,0,2026-04-04T02:23:22.502Z
69d0786f684401be334a6515,banana,29.8,93,4020,3.23956,lote_M,risco de perda,risco de perda,0,2026-04-04T02:33:19.641Z
69d0799a684401be334a6516,banana,29.8,93,4026,3.244395,lote_M,risco de perda,risco de perda,0,2026-04-04T02:38:18.852Z
69d07ac7684401be334a6517,banana,29.8,93,4028,3.246007,lote_M,risco de perda,risco de perda,0,2026-04-04T02:43:19.190Z
69d07bf3684401be334a6518,banana,29.8,93,4031,3.248425,lote_M,risco de perda,risco de perda,0,2026-04-04T02:48:19.446Z
69d07d21684401be334a6519,banana,29.8,93,4031,3.248425,lote_M,risco de perda,risco de perda,0,2026-04-04T02:53:21.880Z
69d07e4b684401be334a651a,banana,29.5,93,4030,3.247619,lote_M,risco de perda,risco de perda,0,2026-04-04T02:58:19.235Z
69d07f77684401be334a651b,banana,29.3,93,4026,3.244395,lote_M,risco de perda,risco de perda,0,2026-04-04T03:03:19.145Z
69d080a3684401be334a651c,banana,29.3,93,4027,3.245201,lote_M,risco de perda,risco de perda,0,2026-04-04T03:08:19.178Z
69d081cf684401be334a651d,banana,29.3,93,4024,3.242784,lote_M,risco de perda,risco de perda,0,2026-04-04T03:13:19.104Z
69d082fa684401be334a651e,banana,29.3,93,4023,3.241978,lote_M,risco de perda,risco de perda,0,2026-04-04T03:18:18.933Z
69d08427684401be334a651f,banana,29.3,93,4026,3.244395,lote_M,risco de perda,risco de perda,0,2026-04-04T03:23:19.071Z
69d08553684401be334a6520,banana,29.3,93,4020,3.23956,lote_M,risco de perda,risco de perda,0,2026-04-04T03:28:19.108Z
69d0867e684401be334a6521,banana,29.3,93,4018,3.237949,lote_M,risco de perda,risco de perda,0,2026-04-04T03:33:18.949Z
69d087aa684401be334a6522,banana,29.3,93,4022,3.241172,lote_M,risco de perda,risco de perda,0,2026-04-04T03:38:18.976Z
69d088d7684401be334a6523,banana,29.3,93,4027,3.245201,lote_M,risco de perda,risco de perda,0,2026-04-04T03:43:19.082Z
69d08a02684401be334a6524,banana,29.3,93,4019,3.238755,lote_M,risco de perda,risco de perda,0,2026-04-04T03:48:18.909Z
69d08b2f684401be334a6525,banana,29.3,93,4018,3.237949,lote_M,risco de perda,risco de perda,0,2026-04-04T03:53:19.092Z
69d08c5b684401be334a6526,banana,29.3,93,4018,3.237949,lote_M,risco de perda,risco de perda,0,2026-04-04T03:58:19.596Z
69d08d86684401be334a6527,banana,29.3,93,4022,3.241172,lote_M,risco de perda,risco de perda,0,2026-04-04T04:03:18.934Z
69d08eb2684401be334a6528,banana,29.3,93,4016,3.236337,lote_M,risco de perda,risco de perda,0,2026-04-04T04:08:18.987Z
69d08fde684401be334a6529,banana,29.3,93,4012,3.233114,lote_M,risco de perda,risco de perda,0,2026-04-04T04:13:18.993Z
69d0910b684401be334a652a,banana,29.3,93,4017,3.237143,lote_M,risco de perda,risco de perda,0,2026-04-04T04:18:19.121Z
69d09237684401be334a652b,banana,29.3,93,4011,3.232308,lote_M,risco de perda,risco de perda,0,2026-04-04T04:23:19.331Z
69d09362684401be334a652c,banana,29.3,93,4016,3.236337,lote_M,risco de perda,risco de perda,0,2026-04-04T04:28:18.998Z
69d0948f684401be334a652d,banana,29.3,93,4014,3.234725,lote_M,risco de perda,risco de perda,0,2026-04-04T04:33:19.156Z
69d095bb684401be334a652e,banana,29.3,93,4010,3.231502,lote_M,risco de perda,risco de perda,0,2026-04-04T04:38:19.208Z
69d096e7684401be334a652f,banana,29,93,4010,3.231502,lote_M,risco de perda,risco de perda,0,2026-04-04T04:43:19.036Z
69d09813684401be334a6530,banana,28.9,93,4009,3.230696,lote_M,risco de perda,risco de perda,0,2026-04-04T04:48:19.047Z
69d0993f684401be334a6531,banana,28.9,93,4006,3.228278,lote_M,risco de perda,risco de perda,0,2026-04-04T04:53:19.207Z
69d09a6b684401be334a6532,banana,28.9,93,4004,3.226667,lote_M,risco de perda,risco de perda,0,2026-04-04T04:58:19.214Z
69d09b97684401be334a6533,banana,28.9,93,4007,3.229084,lote_M,risco de perda,risco de perda,0,2026-04-04T05:03:19.292Z
69d09cc3684401be334a6534,banana,28.9,93,4005,3.227473,lote_M,risco de perda,risco de perda,0,2026-04-04T05:08:19.892Z
69d09def684401be334a6535,banana,28.9,93,4006,3.228278,lote_M,risco de perda,risco de perda,0,2026-04-04T05:13:19.049Z
69d09f1b684401be334a6536,banana,28.9,93,4004,3.226667,lote_M,risco de perda,risco de perda,0,2026-04-04T05:18:19.084Z
69d0a047684401be334a6537,banana,28.9,93,3999,3.222637,lote_M,risco de perda,risco de perda,0,2026-04-04T05:23:19.119Z
69d0a173684401be334a6538,banana,28.9,93,4002,3.225055,lote_M,risco de perda,risco de perda,0,2026-04-04T05:28:19.257Z
69d0a29f684401be334a6539,banana,28.9,93,3994,3.218608,lote_M,risco de perda,risco de perda,0,2026-04-04T05:33:19.248Z
69d0a3cb684401be334a653a,banana,28.9,93,3996,3.22022,lote_M,risco de perda,risco de perda,0,2026-04-04T05:38:19.124Z
69d0a4f9684401be334a653b,banana,28.9,93,3998,3.221832,lote_M,risco de perda,risco de perda,0,2026-04-04T05:43:21.883Z
69d0a623684401be334a653c,banana,28.9,93,3988,3.213773,lote_M,risco de perda,risco de perda,0,2026-04-04T05:48:19.056Z
69d0a74f684401be334a653d,banana,28.9,93,3991,3.216191,lote_M,risco de perda,risco de perda,0,2026-04-04T05:53:19.093Z
69d0a87b684401be334a653e,banana,28.9,93,3989,3.214579,lote_M,risco de perda,risco de perda,0,2026-04-04T05:58:19.267Z
69d0a9a7684401be334a653f,banana,28.9,93,3984,3.210549,lote_M,risco de perda,risco de perda,0,2026-04-04T06:03:19.270Z
69d0aad3684401be334a6540,banana,28.9,93,3985,3.211355,lote_M,risco de perda,risco de perda,0,2026-04-04T06:08:19.365Z
69d0abff684401be334a6541,banana,28.9,93,3988,3.213773,lote_M,risco de perda,risco de perda,0,2026-04-04T06:13:19.151Z
69d0ad2b684401be334a6542,banana,28.9,93,3990,3.215385,lote_M,risco de perda,risco de perda,0,2026-04-04T06:18:19.288Z
69d0ae57684401be334a6543,banana,28.8,93,3983,3.209743,lote_M,risco de perda,risco de perda,0,2026-04-04T06:23:19.305Z
69d0af83684401be334a6544,banana,28.5,93,3982,3.208938,lote_M,risco de perda,risco de perda,0,2026-04-04T06:28:19.177Z
69d0b0af684401be334a6545,banana,28.5,93,3988,3.213773,lote_M,risco de perda,risco de perda,0,2026-04-04T06:33:19.325Z
69d0b1db684401be334a6546,banana,28.5,93,3981,3.208132,lote_M,risco de perda,risco de perda,0,2026-04-04T06:38:19.323Z
69d0b307684401be334a6547,banana,28.5,93,3978,3.205714,lote_M,risco de perda,risco de perda,0,2026-04-04T06:43:19.183Z
69d0b433684401be334a6548,banana,28.5,93,3985,3.211355,lote_M,risco de perda,risco de perda,0,2026-04-04T06:48:19.220Z
69d0b55f684401be334a6549,banana,28.5,93,3977,3.204908,lote_M,risco de perda,risco de perda,0,2026-04-04T06:53:19.357Z
69d0b68b684401be334a654a,banana,28.5,93,3973,3.201685,lote_M,risco de perda,risco de perda,0,2026-04-04T06:58:19.370Z
69d0b7b7684401be334a654b,banana,28.5,93,3977,3.204908,lote_M,risco de perda,risco de perda,0,2026-04-04T07:03:19.339Z
69d0b8e3684401be334a654c,banana,28.5,93,3976,3.204103,lote_M,risco de perda,risco de perda,0,2026-04-04T07:08:19.324Z
69d0ba10684401be334a654d,banana,28.5,93,3975,3.203297,lote_M,risco de perda,risco de perda,0,2026-04-04T07:13:20.122Z
69d0bb3b684401be334a654e,banana,28.5,93,3975,3.203297,lote_M,risco de perda,risco de perda,0,2026-04-04T07:18:19.194Z
69d0bc67684401be334a654f,banana,28.5,93,3976,3.204103,lote_M,risco de perda,risco de perda,0,2026-04-04T07:23:19.289Z
69d0bd93684401be334a6550,banana,28.5,93,3976,3.204103,lote_M,risco de perda,risco de perda,0,2026-04-04T07:28:19.362Z
69d0bebf684401be334a6551,banana,28.5,93,3968,3.197656,lote_M,risco de perda,risco de perda,0,2026-04-04T07:33:19.445Z
69d0bfeb684401be334a6552,banana,28.5,93,3948,3.181538,lote_M,risco de perda,risco de perda,0,2026-04-04T07:38:19.376Z
69d0c117684401be334a6553,banana,28.5,93,3930,3.167033,lote_M,risco de perda,risco de perda,0,2026-04-04T07:43:19.415Z
69d0c243684401be334a6554,banana,28.1,93,3904,3.14608,lote_M,risco de perda,risco de perda,0,2026-04-04T07:48:19.414Z
69d0c36f684401be334a6555,banana,28,93,3885,3.130769,lote_M,risco de perda,risco de perda,0,2026-04-04T07:53:19.278Z
69d0c49b684401be334a6556,banana,28,93,3875,3.122711,lote_M,risco de perda,risco de perda,0,2026-04-04T07:58:19.316Z
69d0c5c7684401be334a6557,banana,28,93,3873,3.121099,lote_M,risco de perda,risco de perda,0,2026-04-04T08:03:19.559Z
69d0c6f3684401be334a6558,banana,28,93,3862,3.112234,lote_M,risco de perda,risco de perda,0,2026-04-04T08:08:19.387Z
69d0c81f684401be334a6559,banana,28,93,3869,3.117876,lote_M,risco de perda,risco de perda,0,2026-04-04T08:13:19.299Z
69d0c94b684401be334a655a,banana,28,93,3861,3.111428,lote_M,risco de perda,risco de perda,0,2026-04-04T08:18:19.464Z
69d0ca79684401be334a655b,banana,28,93,3853,3.104982,lote_M,risco de perda,risco de perda,0,2026-04-04T08:23:21.135Z
69d0cba3684401be334a655c,banana,28,93,3843,3.096923,lote_M,risco de perda,risco de perda,0,2026-04-04T08:28:19.281Z
69d0cccf684401be334a655d,banana,28,93,3841,3.095311,lote_M,risco de perda,risco de perda,0,2026-04-04T08:33:19.603Z
69d0cdfb684401be334a655e,banana,27.7,94,3823,3.080806,lote_M,risco de perda,risco de perda,0,2026-04-04T08:38:19.506Z
69d0cf27684401be334a655f,banana,27.6,94,3816,3.075165,lote_M,risco de perda,risco de perda,0,2026-04-04T08:43:19.515Z
69d0d053684401be334a6560,banana,27.6,94,3800,3.062271,lote_M,risco de perda,risco de perda,0,2026-04-04T08:48:19.389Z
69d0d17f684401be334a6561,banana,27.6,94,3801,3.063077,lote_M,risco de perda,risco de perda,0,2026-04-04T08:53:19.480Z
69d0d2ab684401be334a6562,banana,27.6,94,3785,3.050183,lote_M,risco de perda,risco de perda,0,2026-04-04T08:58:19.775Z
69d0d3d7684401be334a6563,banana,27.6,94,3763,3.032454,lote_M,risco de perda,risco de perda,0,2026-04-04T09:03:19.589Z
69d0d503684401be334a6564,banana,27.6,94,3761,3.030843,lote_M,risco de perda,risco de perda,0,2026-04-04T09:08:19.530Z
69d0d62f684401be334a6565,banana,27.6,94,3761,3.030843,lote_M,risco de perda,risco de perda,0,2026-04-04T09:13:19.509Z
69d0d75b684401be334a6566,banana,27.6,94,3748,3.020366,lote_M,risco de perda,risco de perda,0,2026-04-04T09:18:19.561Z
69d0d888684401be334a6567,banana,27.6,94,3753,3.024396,lote_M,risco de perda,risco de perda,0,2026-04-04T09:23:20.141Z
69d0d9b3684401be334a6568,banana,27.6,94,3759,3.029231,lote_M,risco de perda,risco de perda,0,2026-04-04T09:28:19.364Z
69d0dadf684401be334a6569,banana,27.6,94,3749,3.021172,lote_M,risco de perda,risco de perda,0,2026-04-04T09:33:19.605Z
69d0dc0b684401be334a656a,banana,27.6,94,3746,3.018754,lote_M,risco de perda,risco de perda,0,2026-04-04T09:38:19.862Z
69d0dd37684401be334a656b,banana,27.6,94,3760,3.030037,lote_M,risco de perda,risco de perda,0,2026-04-04T09:43:19.574Z
69d0de63684401be334a656c,banana,27.6,94,3741,3.014725,lote_M,risco de perda,risco de perda,0,2026-04-04T09:48:19.708Z
69d0df8f684401be334a656d,banana,27.6,94,3738,3.012308,lote_M,risco de perda,risco de perda,0,2026-04-04T09:53:19.661Z
69d0e0bb684401be334a656e,banana,27.5,94,3740,3.013919,lote_M,risco de perda,risco de perda,0,2026-04-04T09:58:19.801Z
69d0e1ea684401be334a656f,banana,27.2,94,3737,3.011502,lote_M,risco de perda,risco de perda,0,2026-04-04T10:03:22.781Z
69d0e314684401be334a6570,banana,27.2,94,3735,3.00989,lote_M,risco de perda,risco de perda,0,2026-04-04T10:08:20.383Z
69d0e43f684401be334a6571,banana,27.1,94,3731,3.006667,lote_M,risco de perda,risco de perda,0,2026-04-04T10:13:19.502Z
69d0e56b684401be334a6572,banana,27.1,94,3727,3.003443,lote_M,risco de perda,risco de perda,0,2026-04-04T10:18:19.737Z
69d0e697684401be334a6573,banana,27.1,94,3726,3.002637,lote_M,risco de perda,risco de perda,0,2026-04-04T10:23:19.749Z
69d0e7c3684401be334a6574,banana,27.1,94,3737,3.011502,lote_M,risco de perda,risco de perda,0,2026-04-04T10:28:19.736Z
69d0e8ef684401be334a6575,banana,27.1,94,3733,3.008278,lote_M,risco de perda,risco de perda,0,2026-04-04T10:33:19.734Z
69d0ea1b684401be334a6576,banana,27.1,94,3713,2.992161,lote_M,risco de perda,risco de perda,0,2026-04-04T10:38:19.636Z
69d0eb47684401be334a6577,banana,27.1,94,3696,2.978462,lote_M,risco de perda,risco de perda,0,2026-04-04T10:43:19.808Z
69d0ec73684401be334a6578,banana,27.1,94,3693,2.976044,lote_M,risco de perda,risco de perda,0,2026-04-04T10:48:19.837Z
69d0ed9f684401be334a6579,banana,27.1,93,3700,2.981685,lote_M,risco de perda,risco de perda,0,2026-04-04T10:53:19.772Z
69d0eecb684401be334a657a,banana,27.1,93,3703,2.984102,lote_M,risco de perda,risco de perda,0,2026-04-04T10:58:19.855Z
69d0eff8684401be334a657b,banana,27.1,93,3724,3.001026,lote_M,risco de perda,risco de perda,0,2026-04-04T11:03:20.447Z
69d0f123684401be334a657c,banana,27.1,93,3744,3.017143,lote_M,risco de perda,risco de perda,0,2026-04-04T11:08:19.677Z
69d0f24f684401be334a657d,banana,27.1,94,3752,3.02359,lote_M,risco de perda,risco de perda,0,2026-04-04T11:13:19.564Z
69d0f37b684401be334a657e,banana,27.1,94,3747,3.01956,lote_M,risco de perda,risco de perda,0,2026-04-04T11:18:19.636Z
69d0f4a7684401be334a657f,banana,27.2,94,3759,3.029231,lote_M,risco de perda,risco de perda,0,2026-04-04T11:23:19.880Z
69d0f5d3684401be334a6580,banana,27.2,94,3757,3.027619,lote_M,risco de perda,risco de perda,0,2026-04-04T11:28:19.808Z
69d0f6ff684401be334a6581,banana,27.2,93,3741,3.014725,lote_M,risco de perda,risco de perda,0,2026-04-04T11:33:19.802Z
69d0f82b684401be334a6582,banana,27.2,93,3745,3.017949,lote_M,risco de perda,risco de perda,0,2026-04-04T11:38:19.679Z
69d0f957684401be334a6583,banana,27.2,93,3744,3.017143,lote_M,risco de perda,risco de perda,0,2026-04-04T11:43:19.818Z
69d0fa84684401be334a6584,banana,27.2,93,3743,3.016337,lote_M,risco de perda,risco de perda,0,2026-04-04T11:48:20.323Z
69d0fbaf684401be334a6585,banana,27.2,93,3740,3.013919,lote_M,risco de perda,risco de perda,0,2026-04-04T11:53:19.617Z
69d0fcdb684401be334a6586,banana,27.2,93,3744,3.017143,lote_M,risco de perda,risco de perda,0,2026-04-04T11:58:19.824Z
69d0fe07684401be334a6587,banana,27.5,94,3740,3.013919,lote_M,risco de perda,risco de perda,0,2026-04-04T12:03:19.764Z
69d0ff33684401be334a6588,banana,27.6,93,3732,3.007473,lote_M,risco de perda,risco de perda,0,2026-04-04T12:08:19.687Z
69d1005f684401be334a6589,banana,27.6,93,3727,3.003443,lote_M,risco de perda,risco de perda,0,2026-04-04T12:13:19.725Z
69d1018b684401be334a658a,banana,27.6,93,3743,3.016337,lote_M,risco de perda,risco de perda,0,2026-04-04T12:18:19.692Z
69d102b7684401be334a658b,banana,27.6,93,3764,3.03326,lote_M,risco de perda,risco de perda,0,2026-04-04T12:23:19.898Z
69d103e5684401be334a658c,banana,27.6,93,3764,3.03326,lote_M,risco de perda,risco de perda,0,2026-04-04T12:28:21.507Z
69d1076d684401be334a658d,banana,27.6,93,3744,3.017143,lote_M,risco de perda,risco de perda,0,2026-04-04T12:43:25.707Z
69d10893684401be334a658e,banana,27.6,93,3763,3.032454,lote_M,risco de perda,risco de perda,0,2026-04-04T12:48:19.990Z
69d109bf684401be334a658f,banana,27.6,93,3763,3.032454,lote_M,risco de perda,risco de perda,0,2026-04-04T12:53:19.740Z
69d10aeb684401be334a6590,banana,27.6,93,3757,3.027619,lote_M,risco de perda,risco de perda,0,2026-04-04T12:58:19.861Z
69d10c17684401be334a6591,banana,27.6,93,3753,3.024396,lote_M,risco de perda,risco de perda,0,2026-04-04T13:03:19.883Z
69d10d44684401be334a6592,banana,27.6,93,3752,3.02359,lote_M,risco de perda,risco de perda,0,2026-04-04T13:08:20.742Z
69d10e70684401be334a6593,banana,27.6,93,3727,3.003443,lote_M,risco de perda,risco de perda,0,2026-04-04T13:13:20.884Z
69d10f9b684401be334a6594,banana,27.6,93,3721,2.998608,lote_M,risco de perda,risco de perda,0,2026-04-04T13:18:19.786Z
69d110cd684401be334a6595,banana,27.6,93,3709,2.988938,lote_M,risco de perda,risco de perda,0,2026-04-04T13:23:25.973Z
69d111f3684401be334a6596,banana,28,92,3707,2.987326,lote_M,risco de perda,risco de perda,0,2026-04-04T13:28:19.824Z
69d1144c684401be334a6597,banana,28,92,3713,2.992161,lote_M,risco de perda,risco de perda,0,2026-04-04T13:38:20.035Z
69d11577684401be334a6598,banana,28,92,3692,2.975238,lote_M,risco de perda,risco de perda,0,2026-04-04T13:43:19.879Z
69d116a3684401be334a6599,banana,28,92,3677,2.96315,lote_M,risco de perda,risco de perda,0,2026-04-04T13:48:19.899Z
69d117cf684401be334a659a,banana,28,92,3713,2.992161,lote_M,risco de perda,risco de perda,0,2026-04-04T13:53:19.994Z
69d118fc684401be334a659b,banana,28,92,3743,3.016337,lote_M,risco de perda,risco de perda,0,2026-04-04T13:58:20.033Z
69d11a27684401be334a659c,banana,28,92,3762,3.031648,lote_M,risco de perda,risco de perda,0,2026-04-04T14:03:19.911Z
69d11b54684401be334a659d,banana,28.5,92,3768,3.036484,lote_M,risco de perda,risco de perda,0,2026-04-04T14:08:20.157Z
69d11c80684401be334a659e,banana,28.5,92,3770,3.038095,lote_M,risco de perda,risco de perda,0,2026-04-04T14:13:20.081Z
69d11dab684401be334a659f,banana,28.5,92,3776,3.04293,lote_M,risco de perda,risco de perda,0,2026-04-04T14:18:19.914Z
69d11ed7684401be334a65a0,banana,28.5,92,3767,3.035678,lote_M,risco de perda,risco de perda,0,2026-04-04T14:23:19.959Z
69d12004684401be334a65a1,banana,28.5,92,3759,3.029231,lote_M,risco de perda,risco de perda,0,2026-04-04T14:28:20.096Z
69d12130684401be334a65a2,banana,28.5,92,3759,3.029231,lote_M,risco de perda,risco de perda,0,2026-04-04T14:33:20.182Z
69d12388684401be334a65a3,banana,28.9,92,3772,3.039707,lote_M,risco de perda,risco de perda,0,2026-04-04T14:43:20.105Z
69d124b4684401be334a65a4,banana,28.9,92,3771,3.038901,lote_M,risco de perda,risco de perda,0,2026-04-04T14:48:20.091Z
69d125df684401be334a65a5,banana,28.9,92,3746,3.018754,lote_M,risco de perda,risco de perda,0,2026-04-04T14:53:19.965Z
69d1270e684401be334a65a6,banana,28.9,92,3731,3.006667,lote_M,risco de perda,risco de perda,0,2026-04-04T14:58:22.653Z
69d12838684401be334a65a7,banana,28.9,92,3738,3.012308,lote_M,risco de perda,risco de perda,0,2026-04-04T15:03:20.087Z
69d12964684401be334a65a8,banana,29.3,92,3755,3.026007,lote_M,risco de perda,risco de perda,0,2026-04-04T15:08:20.142Z
69d12bbd684401be334a65a9,banana,29.3,92,3782,3.047765,lote_M,risco de perda,risco de perda,0,2026-04-04T15:18:21.643Z
69d12ce8684401be334a65aa,banana,29.3,92,3785,3.050183,lote_M,risco de perda,risco de perda,0,2026-04-04T15:23:20.095Z
69d12e14684401be334a65ab,banana,29.3,92,3800,3.062271,lote_M,risco de perda,risco de perda,0,2026-04-04T15:28:20.041Z
69d12f43684401be334a65ac,banana,29.3,92,3803,3.064689,lote_M,risco de perda,risco de perda,0,2026-04-04T15:33:23.473Z
69d1306b684401be334a65ad,banana,29.3,92,3813,3.072747,lote_M,risco de perda,risco de perda,0,2026-04-04T15:38:19.981Z
69d13198684401be334a65ae,banana,29.3,92,3826,3.083223,lote_M,risco de perda,risco de perda,0,2026-04-04T15:43:20.234Z
69d132c4684401be334a65af,banana,29.8,92,3842,3.096117,lote_M,risco de perda,risco de perda,0,2026-04-04T15:48:20.166Z
69d133f0684401be334a65b0,banana,29.8,92,3838,3.092894,lote_M,risco de perda,risco de perda,0,2026-04-04T15:53:20.202Z
69d1351c684401be334a65b1,banana,29.8,92,3842,3.096117,lote_M,risco de perda,risco de perda,0,2026-04-04T15:58:20.235Z
69d13648684401be334a65b2,banana,29.8,92,3864,3.113846,lote_M,risco de perda,risco de perda,0,2026-04-04T16:03:20.069Z
69d13774684401be334a65b3,banana,29.8,92,3849,3.101758,lote_M,risco de perda,risco de perda,0,2026-04-04T16:08:20.308Z
69d138a0684401be334a65b4,banana,30.2,91,3839,3.0937,lote_M,risco de perda,risco de perda,0,2026-04-04T16:13:20.242Z
69d139cc684401be334a65b5,banana,30.2,91,3813,3.072747,lote_M,risco de perda,risco de perda,0,2026-04-04T16:18:20.065Z
69d13af8684401be334a65b6,banana,30.2,91,3810,3.07033,lote_M,risco de perda,risco de perda,0,2026-04-04T16:23:20.175Z
69d13c24684401be334a65b7,banana,30.2,91,3818,3.076777,lote_M,risco de perda,risco de perda,0,2026-04-04T16:28:20.345Z
69d13d50684401be334a65b8,banana,30.2,91,3814,3.073553,lote_M,risco de perda,risco de perda,0,2026-04-04T16:33:20.276Z
69d13e7c684401be334a65b9,banana,30.2,91,3818,3.076777,lote_M,risco de perda,risco de perda,0,2026-04-04T16:38:20.216Z
69d13fa8684401be334a65ba,banana,30.8,91,3816,3.075165,lote_M,risco de perda,risco de perda,0,2026-04-04T16:43:20.207Z
69d140d4684401be334a65bb,banana,30.8,91,3826,3.083223,lote_M,risco de perda,risco de perda,0,2026-04-04T16:48:20.238Z
69d14200684401be334a65bc,banana,30.8,91,3819,3.077582,lote_M,risco de perda,risco de perda,0,2026-04-04T16:53:20.283Z
69d1432c684401be334a65bd,banana,30.8,91,3816,3.075165,lote_M,risco de perda,risco de perda,0,2026-04-04T16:58:20.152Z
69d14458684401be334a65be,banana,30.8,91,3818,3.076777,lote_M,risco de perda,risco de perda,0,2026-04-04T17:03:20.076Z
69d14584684401be334a65bf,banana,31.3,91,3809,3.069524,lote_M,risco de perda,risco de perda,0,2026-04-04T17:08:20.324Z
69d146b0684401be334a65c0,banana,31.3,91,3828,3.084835,lote_M,risco de perda,risco de perda,0,2026-04-04T17:13:20.153Z
69d147dc684401be334a65c1,banana,31.3,91,3851,3.10337,lote_M,risco de perda,risco de perda,0,2026-04-04T17:18:20.291Z
69d14908684401be334a65c2,banana,31.3,91,3883,3.129158,lote_M,risco de perda,risco de perda,0,2026-04-04T17:23:20.290Z
69d14a34684401be334a65c3,banana,31.3,91,3891,3.135604,lote_M,risco de perda,risco de perda,0,2026-04-04T17:28:20.160Z
69d14b63684401be334a65c4,banana,31.3,91,3901,3.143663,lote_M,risco de perda,risco de perda,0,2026-04-04T17:33:23.266Z
69d14c8c684401be334a65c5,banana,31.3,91,3923,3.161392,lote_M,risco de perda,risco de perda,0,2026-04-04T17:38:20.334Z
69d14db8684401be334a65c6,banana,31.8,91,3936,3.171868,lote_M,risco de perda,risco de perda,0,2026-04-04T17:43:20.331Z
69d14ee4684401be334a65c7,banana,31.8,91,3945,3.179121,lote_M,risco de perda,risco de perda,0,2026-04-04T17:48:20.175Z
69d15010684401be334a65c8,banana,31.8,91,3969,3.198462,lote_M,risco de perda,risco de perda,0,2026-04-04T17:53:20.325Z
69d1513c684401be334a65c9,banana,31.8,91,3978,3.205714,lote_M,risco de perda,risco de perda,0,2026-04-04T17:58:20.382Z
69d15268684401be334a65ca,banana,31.8,91,3985,3.211355,lote_M,risco de perda,risco de perda,0,2026-04-04T18:03:20.314Z
69d15394684401be334a65cb,banana,31.8,91,4002,3.225055,lote_M,risco de perda,risco de perda,0,2026-04-04T18:08:20.316Z
69d154c0684401be334a65cc,banana,31.8,91,3991,3.216191,lote_M,risco de perda,risco de perda,0,2026-04-04T18:13:20.350Z
69d155ec684401be334a65cd,banana,32.3,91,3983,3.209743,lote_M,risco de perda,risco de perda,0,2026-04-04T18:18:20.215Z
69d15718684401be334a65ce,banana,32.3,91,3993,3.217802,lote_M,risco de perda,risco de perda,0,2026-04-04T18:23:20.252Z
69d15844684401be334a65cf,banana,31.8,91,3984,3.210549,lote_M,risco de perda,risco de perda,0,2026-04-04T18:28:20.393Z
69d15970684401be334a65d0,banana,31.8,91,3996,3.22022,lote_M,risco de perda,risco de perda,0,2026-04-04T18:33:20.535Z
69d15a9c684401be334a65d1,banana,31.8,91,3463,2.790696,lote_M,risco de perda,risco de perda,0,2026-04-04T18:38:20.257Z
69d15bc8684401be334a65d2,banana,31.8,91,3593,2.895458,lote_M,risco de perda,risco de perda,0,2026-04-04T18:43:20.360Z
69d15cf4684401be334a65d3,banana,31.3,90,3510,2.828571,lote_M,risco de perda,risco de perda,0,2026-04-04T18:48:20.390Z
69d15e20684401be334a65d4,banana,31.3,91,3656,2.946227,lote_M,risco de perda,risco de perda,0,2026-04-04T18:53:20.222Z
69d15f4c684401be334a65d5,banana,30.8,91,3650,2.941392,lote_M,risco de perda,risco de perda,0,2026-04-04T18:58:20.260Z
69d16078684401be334a65d6,banana,30.8,91,3494,2.815678,lote_M,risco de perda,risco de perda,0,2026-04-04T19:03:20.441Z
69d161a4684401be334a65d7,banana,30.8,91,3511,2.829377,lote_M,risco de perda,risco de perda,0,2026-04-04T19:08:20.433Z
69d162d0684401be334a65d8,banana,30.2,91,3682,2.96718,lote_M,risco de perda,risco de perda,0,2026-04-04T19:13:20.345Z
69d163fc684401be334a65d9,banana,30.2,91,3726,3.002637,lote_M,risco de perda,risco de perda,0,2026-04-04T19:18:20.343Z
69d16528684401be334a65da,banana,30.2,92,3769,3.037289,lote_M,risco de perda,risco de perda,0,2026-04-04T19:23:20.433Z
69d16654684401be334a65db,banana,30.2,92,3780,3.046154,lote_M,risco de perda,risco de perda,0,2026-04-04T19:28:20.513Z
69d16780684401be334a65dc,banana,30.2,92,3825,3.082417,lote_M,risco de perda,risco de perda,0,2026-04-04T19:33:20.349Z
69d168ac684401be334a65dd,banana,30.2,92,3623,2.919634,lote_M,risco de perda,risco de perda,0,2026-04-04T19:38:20.485Z
69d169d8684401be334a65de,banana,30.2,92,3730,3.005861,lote_M,risco de perda,risco de perda,0,2026-04-04T19:43:20.639Z
69d16b04684401be334a65df,banana,30.2,92,3549,2.86,lote_M,risco de perda,risco de perda,0,2026-04-04T19:48:20.357Z
69d16c30684401be334a65e0,banana,30.2,92,3347,2.697216,lote_M,risco de perda,risco de perda,0,2026-04-04T19:53:20.494Z
69d16d5c684401be334a65e1,banana,29.8,92,3141,2.531209,lote_M,risco de perda,risco de perda,0,2026-04-04T19:58:20.641Z
69d16e88684401be334a65e2,banana,29.3,92,3198,2.577143,lote_M,risco de perda,risco de perda,0,2026-04-04T20:03:20.345Z
69d16fb4684401be334a65e3,banana,28.9,91,3017,2.431282,lote_M,risco de perda,alerta,12,2026-04-04T20:08:20.394Z
69d170e0684401be334a65e4,banana,29,92,2841,2.289451,lote_M,risco de perda,alerta,12,2026-04-04T20:13:20.518Z
69d1720c684401be334a65e5,banana,28.9,91,2940,2.369231,lote_M,risco de perda,alerta,12,2026-04-04T20:18:20.710Z
69d17338684401be334a65e6,banana,28.5,91,3055,2.461905,lote_M,risco de perda,alerta,12,2026-04-04T20:23:20.365Z
69d17465684401be334a65e7,banana,28.5,92,3112,2.507839,lote_M,risco de perda,risco de perda,0,2026-04-04T20:28:21.496Z
69d17590684401be334a65e8,banana,28.5,92,2859,2.303956,lote_M,risco de perda,alerta,12,2026-04-04T20:33:20.373Z
69d176bc684401be334a65e9,banana,28.5,92,3285,2.647253,lote_M,risco de perda,risco de perda,0,2026-04-04T20:38:20.364Z
69d177e8684401be334a65ea,banana,28.5,91,3456,2.785055,lote_M,risco de perda,risco de perda,0,2026-04-04T20:43:20.401Z
69d17914684401be334a65eb,banana,28.9,92,3533,2.847106,lote_M,risco de perda,risco de perda,0,2026-04-04T20:48:20.582Z
69d17a40684401be334a65ec,banana,29.3,92,3570,2.876923,lote_M,risco de perda,risco de perda,0,2026-04-04T20:53:20.619Z
69d17b6c684401be334a65ed,banana,29.3,93,3560,2.868865,lote_M,risco de perda,risco de perda,0,2026-04-04T20:58:20.554Z
69d17c98684401be334a65ee,banana,29.3,93,3630,2.925275,lote_M,risco de perda,risco de perda,0,2026-04-04T21:03:20.407Z
69d17dc4684401be334a65ef,banana,29.3,93,3636,2.93011,lote_M,risco de perda,risco de perda,0,2026-04-04T21:08:20.547Z
69d17ef0684401be334a65f0,banana,29.3,93,3681,2.966374,lote_M,risco de perda,risco de perda,0,2026-04-04T21:13:20.667Z
69d1801c684401be334a65f1,banana,29.3,93,3719,2.996996,lote_M,risco de perda,risco de perda,0,2026-04-04T21:18:20.508Z
69d18148684401be334a65f2,banana,29.8,93,3740,3.013919,lote_M,risco de perda,risco de perda,0,2026-04-04T21:23:20.603Z
69d18274684401be334a65f3,banana,29.8,93,3415,2.752015,lote_M,risco de perda,risco de perda,0,2026-04-04T21:28:20.861Z
69d183a0684401be334a65f4,banana,29.8,93,3415,2.752015,lote_M,risco de perda,risco de perda,0,2026-04-04T21:33:20.808Z
69d184cc684401be334a65f5,banana,29.3,92,3284,2.646447,lote_M,risco de perda,risco de perda,0,2026-04-04T21:38:20.642Z
69d185f8684401be334a65f6,banana,28.9,92,3127,2.519927,lote_M,risco de perda,risco de perda,0,2026-04-04T21:43:20.672Z
69d18724684401be334a65f7,banana,28.9,92,2905,2.341026,lote_M,risco de perda,alerta,12,2026-04-04T21:48:20.711Z
69d18850684401be334a65f8,banana,28.5,92,2979,2.400659,lote_M,risco de perda,alerta,12,2026-04-04T21:53:20.879Z
69d1897c684401be334a65f9,banana,28,91,2943,2.371648,lote_M,risco de perda,alerta,12,2026-04-04T21:58:20.586Z
69d18aa8684401be334a65fa,banana,28.1,92,3141,2.531209,lote_M,risco de perda,risco de perda,0,2026-04-04T22:03:20.555Z
69d18bd4684401be334a65fb,banana,28,92,2948,2.375678,lote_M,risco de perda,alerta,12,2026-04-04T22:08:20.553Z
69d18d00684401be334a65fc,banana,28.5,92,2801,2.257216,lote_M,risco de perda,alerta,12,2026-04-04T22:13:20.594Z
69d18e2c684401be334a65fd,banana,28,92,2762,2.225788,lote_M,risco de perda,alerta,12,2026-04-04T22:18:20.623Z
69d18f58684401be334a65fe,banana,28,91,2776,2.23707,lote_M,risco de perda,alerta,12,2026-04-04T22:23:20.889Z
69d19084684401be334a65ff,banana,27.6,92,2833,2.283004,lote_M,risco de perda,alerta,12,2026-04-04T22:28:20.633Z
69d191b0684401be334a6600,banana,27.6,92,3035,2.445787,lote_M,risco de perda,alerta,12,2026-04-04T22:33:20.581Z
69d192dc684401be334a6601,banana,27.6,93,2949,2.376483,lote_M,risco de perda,alerta,12,2026-04-04T22:38:20.722Z
69d19408684401be334a6602,banana,28,92,2789,2.247546,lote_M,risco de perda,alerta,12,2026-04-04T22:43:20.806Z
69d19534684401be334a6603,banana,28,92,3069,2.473187,lote_M,risco de perda,alerta,12,2026-04-04T22:48:20.773Z
69d19660684401be334a6604,banana,27.6,92,3079,2.481246,lote_M,risco de perda,alerta,12,2026-04-04T22:53:20.700Z
69d1978c684401be334a6605,banana,28,92,3338,2.689963,lote_M,risco de perda,risco de perda,0,2026-04-04T22:58:20.920Z
69d198b9684401be334a6606,banana,28,92,3443,2.774579,lote_M,risco de perda,risco de perda,0,2026-04-04T23:03:21.072Z
69d199e6684401be334a6607,banana,28.5,92,3493,2.814872,lote_M,risco de perda,risco de perda,0,2026-04-04T23:08:22.531Z
69d19b10684401be334a6608,banana,28.9,92,3512,2.830183,lote_M,risco de perda,risco de perda,0,2026-04-04T23:13:20.602Z
69d19c3c684401be334a6609,banana,28.9,92,3547,2.858388,lote_M,risco de perda,risco de perda,0,2026-04-04T23:18:20.756Z
69d19d68684401be334a660a,banana,28.9,92,3580,2.884982,lote_M,risco de perda,risco de perda,0,2026-04-04T23:23:20.652Z
69d19e94684401be334a660b,banana,28.9,92,3605,2.905128,lote_M,risco de perda,risco de perda,0,2026-04-04T23:28:20.819Z
69d19fc0684401be334a660c,banana,29.3,92,3626,2.922051,lote_M,risco de perda,risco de perda,0,2026-04-04T23:33:20.856Z
69d1a0ec684401be334a660d,banana,29,93,3646,2.938169,lote_M,risco de perda,risco de perda,0,2026-04-04T23:38:20.650Z
69d1a218684401be334a660e,banana,29,93,3661,2.950256,lote_M,risco de perda,risco de perda,0,2026-04-04T23:43:20.705Z
69d1a344684401be334a660f,banana,29.3,93,3677,2.96315,lote_M,risco de perda,risco de perda,0,2026-04-04T23:48:20.820Z
69d1a470684401be334a6610,banana,29.3,93,3687,2.971209,lote_M,risco de perda,risco de perda,0,2026-04-04T23:53:20.705Z
69d1a59c684401be334a6611,banana,29.3,93,3690,2.973626,lote_M,risco de perda,risco de perda,0,2026-04-04T23:58:20.730Z
69d1a6c8684401be334a6612,banana,29.3,93,3694,2.97685,lote_M,risco de perda,risco de perda,0,2026-04-05T00:03:20.772Z
69d1a7f4684401be334a6613,banana,29.3,93,3693,2.976044,lote_M,risco de perda,risco de perda,0,2026-04-05T00:08:20.933Z
69d1a921684401be334a6614,banana,29.3,93,3698,2.980073,lote_M,risco de perda,risco de perda,0,2026-04-05T00:13:21.680Z
69d1aa4c684401be334a6615,banana,29,93,3707,2.987326,lote_M,risco de perda,risco de perda,0,2026-04-05T00:18:20.710Z
69d1ab78684401be334a6616,banana,28.9,93,3700,2.981685,lote_M,risco de perda,risco de perda,0,2026-04-05T00:23:20.863Z
69d1aca4684401be334a6617,banana,29,93,3638,2.931722,lote_M,risco de perda,risco de perda,0,2026-04-05T00:28:20.951Z
69d1add0684401be334a6618,banana,28.9,93,3702,2.983297,lote_M,risco de perda,risco de perda,0,2026-04-05T00:33:20.749Z
69d1aefc684401be334a6619,banana,28.9,93,3719,2.996996,lote_M,risco de perda,risco de perda,0,2026-04-05T00:38:20.782Z
69d1b028684401be334a661a,banana,28.9,93,3730,3.005861,lote_M,risco de perda,risco de perda,0,2026-04-05T00:43:20.953Z
69d1b154684401be334a661b,banana,28.9,93,3726,3.002637,lote_M,risco de perda,risco de perda,0,2026-04-05T00:48:20.997Z
69d1b281684401be334a661c,banana,28.9,93,3732,3.007473,lote_M,risco de perda,risco de perda,0,2026-04-05T00:53:21.036Z
69d1b3ac684401be334a661d,banana,28.9,93,3739,3.013113,lote_M,risco de perda,risco de perda,0,2026-04-05T00:58:20.864Z
69d1b4d8684401be334a661e,banana,28.9,93,3744,3.017143,lote_M,risco de perda,risco de perda,0,2026-04-05T01:03:20.959Z
69d1b604684401be334a661f,banana,28.9,93,3747,3.01956,lote_M,risco de perda,risco de perda,0,2026-04-05T01:08:20.863Z
69d1b734684401be334a6620,banana,28.9,93,3748,3.020366,lote_M,risco de perda,risco de perda,0,2026-04-05T01:13:24.244Z
69d1b85d684401be334a6621,banana,28.9,93,3751,3.022784,lote_M,risco de perda,risco de perda,0,2026-04-05T01:18:21.009Z
69d1b989684401be334a6622,banana,28.9,93,3754,3.025202,lote_M,risco de perda,risco de perda,0,2026-04-05T01:23:21.039Z
69d1bab5684401be334a6623,banana,28.9,93,3753,3.024396,lote_M,risco de perda,risco de perda,0,2026-04-05T01:28:21.074Z
69d1bbe0684401be334a6624,banana,28.9,93,3760,3.030037,lote_M,risco de perda,risco de perda,0,2026-04-05T01:33:20.815Z
69d1bd0d684401be334a6625,banana,28.9,93,3759,3.029231,lote_M,risco de perda,risco de perda,0,2026-04-05T01:38:21.055Z
69d1be39684401be334a6626,banana,28.9,93,3748,3.020366,lote_M,risco de perda,risco de perda,0,2026-04-05T01:43:21.207Z
69d1bf64684401be334a6627,banana,28.9,93,3763,3.032454,lote_M,risco de perda,risco de perda,0,2026-04-05T01:48:20.914Z
69d1c091684401be334a6628,banana,28.9,93,3762,3.031648,lote_M,risco de perda,risco de perda,0,2026-04-05T01:53:21.732Z
69d1c1bc684401be334a6629,banana,28.9,94,3759,3.029231,lote_M,risco de perda,risco de perda,0,2026-04-05T01:58:20.895Z
69d1c2e9684401be334a662a,banana,28.9,94,3753,3.024396,lote_M,risco de perda,risco de perda,0,2026-04-05T02:03:21.038Z
69d1c414684401be334a662b,banana,28.9,94,3748,3.020366,lote_M,risco de perda,risco de perda,0,2026-04-05T02:08:20.924Z
69d1c541684401be334a662c,banana,28.9,94,3754,3.025202,lote_M,risco de perda,risco de perda,0,2026-04-05T02:13:21.103Z
69d1c66d684401be334a662d,banana,28.9,94,3705,2.985714,lote_M,risco de perda,risco de perda,0,2026-04-05T02:18:21.128Z
69d1c798684401be334a662e,banana,28.9,94,3713,2.992161,lote_M,risco de perda,risco de perda,0,2026-04-05T02:23:20.982Z
69d1c8c5684401be334a662f,banana,28.5,94,3658,2.947839,lote_M,risco de perda,risco de perda,0,2026-04-05T02:28:21.104Z
69d1c9f1684401be334a6630,banana,28.5,93,3629,2.924469,lote_M,risco de perda,risco de perda,0,2026-04-05T02:33:21.179Z
69d1cb1d684401be334a6631,banana,28.5,93,3558,2.867253,lote_M,risco de perda,risco de perda,0,2026-04-05T02:38:21.112Z
69d1cc49684401be334a6632,banana,28,93,3556,2.865641,lote_M,risco de perda,risco de perda,0,2026-04-05T02:43:21.783Z
69d1cd74684401be334a6633,banana,28,93,3558,2.867253,lote_M,risco de perda,risco de perda,0,2026-04-05T02:48:20.991Z
69d1cea1684401be334a6634,banana,27.6,94,3610,2.909158,lote_M,risco de perda,risco de perda,0,2026-04-05T02:53:21.204Z
69d1cfce684401be334a6635,banana,28,93,3656,2.946227,lote_M,risco de perda,risco de perda,0,2026-04-05T02:58:22.769Z
69d1d0f9684401be334a6636,banana,28,94,3664,2.952674,lote_M,risco de perda,risco de perda,0,2026-04-05T03:03:21.164Z
69d1d225684401be334a6637,banana,28,94,3671,2.958315,lote_M,risco de perda,risco de perda,0,2026-04-05T03:08:21.199Z
69d1d351684401be334a6638,banana,28,94,3673,2.959927,lote_M,risco de perda,risco de perda,0,2026-04-05T03:13:21.429Z
69d1d47d684401be334a6639,banana,28,94,3678,2.963956,lote_M,risco de perda,risco de perda,0,2026-04-05T03:18:21.166Z
69d1d5a9684401be334a663a,banana,28,94,3679,2.964762,lote_M,risco de perda,risco de perda,0,2026-04-05T03:23:21.319Z
69d1d6d5684401be334a663b,banana,28,94,3680,2.965568,lote_M,risco de perda,risco de perda,0,2026-04-05T03:28:21.200Z
69d1d801684401be334a663c,banana,28,94,3688,2.972015,lote_M,risco de perda,risco de perda,0,2026-04-05T03:33:21.162Z
69d1d92d684401be334a663d,banana,28,94,3690,2.973626,lote_M,risco de perda,risco de perda,0,2026-04-05T03:38:21.202Z
69d1da59684401be334a663e,banana,28,94,3688,2.972015,lote_M,risco de perda,risco de perda,0,2026-04-05T03:43:21.237Z
69d1db85684401be334a663f,banana,28,94,3681,2.966374,lote_M,risco de perda,risco de perda,0,2026-04-05T03:48:21.081Z
69d1dcb1684401be334a6640,banana,28,94,3679,2.964762,lote_M,risco de perda,risco de perda,0,2026-04-05T03:53:21.103Z
69d1dddd684401be334a6641,banana,28,94,3679,2.964762,lote_M,risco de perda,risco de perda,0,2026-04-05T03:58:21.201Z
69d1df09684401be334a6642,banana,28,94,3686,2.970403,lote_M,risco de perda,risco de perda,0,2026-04-05T04:03:21.245Z
69d1e035684401be334a6643,banana,28,94,3677,2.96315,lote_M,risco de perda,risco de perda,0,2026-04-05T04:08:21.939Z
69d1e161684401be334a6644,banana,28,94,3659,2.948645,lote_M,risco de perda,risco de perda,0,2026-04-05T04:13:21.046Z
69d1e28d684401be334a6645,banana,28,94,3586,2.889817,lote_M,risco de perda,risco de perda,0,2026-04-05T04:18:21.245Z
69d1e3b9684401be334a6646,banana,27.6,95,3641,2.934139,lote_M,risco de perda,risco de perda,0,2026-04-05T04:23:21.330Z
69d1e4e5684401be334a6647,banana,27.6,95,3650,2.941392,lote_M,risco de perda,risco de perda,0,2026-04-05T04:28:21.261Z
69d1e611684401be334a6648,banana,27.6,95,3613,2.911575,lote_M,risco de perda,risco de perda,0,2026-04-05T04:33:21.303Z
69d1e73d684401be334a6649,banana,27.6,95,3557,2.866447,lote_M,risco de perda,risco de perda,0,2026-04-05T04:38:21.138Z
69d1e869684401be334a664a,banana,27.6,95,3511,2.829377,lote_M,risco de perda,risco de perda,0,2026-04-05T04:43:21.275Z
69d1e995684401be334a664b,banana,27.6,95,3474,2.799561,lote_M,risco de perda,risco de perda,0,2026-04-05T04:48:21.205Z
69d1eac1684401be334a664c,banana,27.1,94,3482,2.806007,lote_M,risco de perda,risco de perda,0,2026-04-05T04:53:21.437Z
69d1ebed684401be334a664d,banana,27.1,94,3466,2.793113,lote_M,risco de perda,risco de perda,0,2026-04-05T04:58:21.140Z
69d1ed19684401be334a664e,banana,27.1,94,3331,2.684322,lote_M,risco de perda,risco de perda,0,2026-04-05T05:03:21.306Z
69d1ee45684401be334a664f,banana,27.1,94,3358,2.706081,lote_M,risco de perda,risco de perda,0,2026-04-05T05:08:21.300Z
69d1ef71684401be334a6650,banana,26.7,94,3342,2.693187,lote_M,risco de perda,risco de perda,0,2026-04-05T05:13:21.145Z
69d1f09d684401be334a6651,banana,26.7,94,3374,2.718974,lote_M,risco de perda,risco de perda,0,2026-04-05T05:18:21.209Z
69d1f1c9684401be334a6652,banana,26.7,94,3335,2.687546,lote_M,risco de perda,risco de perda,0,2026-04-05T05:23:21.302Z
69d1f2f5684401be334a6653,banana,26.7,94,3402,2.741539,lote_M,risco de perda,risco de perda,0,2026-04-05T05:28:21.340Z
69d1f421684401be334a6654,banana,26.7,94,3469,2.795531,lote_M,risco de perda,risco de perda,0,2026-04-05T05:33:21.180Z
69d1f54d684401be334a6655,banana,27.1,95,3502,2.822124,lote_M,risco de perda,risco de perda,0,2026-04-05T05:38:21.353Z
69d1f679684401be334a6656,banana,27.1,95,3527,2.842271,lote_M,risco de perda,risco de perda,0,2026-04-05T05:43:21.348Z
69d1f7a5684401be334a6657,banana,27.1,95,3509,2.827765,lote_M,risco de perda,risco de perda,0,2026-04-05T05:48:21.179Z
69d1f8d1684401be334a6658,banana,27.1,95,3509,2.827765,lote_M,risco de perda,risco de perda,0,2026-04-05T05:53:21.465Z
69d1f9fd684401be334a6659,banana,27.1,95,3520,2.83663,lote_M,risco de perda,risco de perda,0,2026-04-05T05:58:21.399Z
69d1fb29684401be334a665a,banana,27.1,95,3495,2.816483,lote_M,risco de perda,risco de perda,0,2026-04-05T06:03:21.389Z
69d1fc55684401be334a665b,banana,27.1,95,3486,2.809231,lote_M,risco de perda,risco de perda,0,2026-04-05T06:08:21.218Z
69d1fd81684401be334a665c,banana,27.1,95,3524,2.839854,lote_M,risco de perda,risco de perda,0,2026-04-05T06:13:21.406Z
69d1fead684401be334a665d,banana,27.1,94,3443,2.774579,lote_M,risco de perda,risco de perda,0,2026-04-05T06:18:21.461Z
69d1ffd9684401be334a665e,banana,27.1,95,3454,2.783443,lote_M,risco de perda,risco de perda,0,2026-04-05T06:23:21.241Z
69d20105684401be334a665f,banana,26.7,94,3500,2.820513,lote_M,risco de perda,risco de perda,0,2026-04-05T06:28:21.409Z
69d20231684401be334a6660,banana,26.7,95,3527,2.842271,lote_M,risco de perda,risco de perda,0,2026-04-05T06:33:21.401Z
69d2035d684401be334a6661,banana,27.1,95,3515,2.832601,lote_M,risco de perda,risco de perda,0,2026-04-05T06:38:21.277Z
69d20489684401be334a6662,banana,27.1,95,3542,2.854359,lote_M,risco de perda,risco de perda,0,2026-04-05T06:43:21.274Z
69d205b5684401be334a6663,banana,27.1,95,3517,2.834213,lote_M,risco de perda,risco de perda,0,2026-04-05T06:48:21.350Z
69d206e1684401be334a6664,banana,27.1,95,3534,2.847912,lote_M,risco de perda,risco de perda,0,2026-04-05T06:53:21.257Z
69d2080d684401be334a6665,banana,27.1,95,3542,2.854359,lote_M,risco de perda,risco de perda,0,2026-04-05T06:58:21.252Z
69d20939684401be334a6666,banana,27.1,95,3546,2.857582,lote_M,risco de perda,risco de perda,0,2026-04-05T07:03:21.286Z
69d20a65684401be334a6667,banana,27.1,95,3549,2.86,lote_M,risco de perda,risco de perda,0,2026-04-05T07:08:21.407Z
69d20b91684401be334a6668,banana,27.1,95,3541,2.853553,lote_M,risco de perda,risco de perda,0,2026-04-05T07:13:21.495Z
69d20cbd684401be334a6669,banana,27.1,95,3538,2.851135,lote_M,risco de perda,risco de perda,0,2026-04-05T07:18:21.366Z
69d20de9684401be334a666a,banana,27.1,95,3538,2.851135,lote_M,risco de perda,risco de perda,0,2026-04-05T07:23:21.469Z
69d20f15684401be334a666b,banana,27.1,95,3535,2.848718,lote_M,risco de perda,risco de perda,0,2026-04-05T07:28:21.543Z
69d21041684401be334a666c,banana,27.1,95,3531,2.845495,lote_M,risco de perda,risco de perda,0,2026-04-05T07:33:21.500Z
69d2116d684401be334a666d,banana,26.8,95,3527,2.842271,lote_M,risco de perda,risco de perda,0,2026-04-05T07:38:21.640Z
69d21299684401be334a666e,banana,26.7,95,3529,2.843883,lote_M,risco de perda,risco de perda,0,2026-04-05T07:43:21.546Z
69d213c5684401be334a666f,banana,26.7,95,3484,2.807619,lote_M,risco de perda,risco de perda,0,2026-04-05T07:48:21.382Z
69d214f1684401be334a6670,banana,26.7,95,3529,2.843883,lote_M,risco de perda,risco de perda,0,2026-04-05T07:53:21.434Z
69d2161d684401be334a6671,banana,26.7,95,3527,2.842271,lote_M,risco de perda,risco de perda,0,2026-04-05T07:58:21.516Z
69d21749684401be334a6672,banana,26.7,95,3527,2.842271,lote_M,risco de perda,risco de perda,0,2026-04-05T08:03:21.596Z
69d21875684401be334a6673,banana,26.7,95,3528,2.843077,lote_M,risco de perda,risco de perda,0,2026-04-05T08:08:21.384Z
69d219a1684401be334a6674,banana,26.7,95,3534,2.847912,lote_M,risco de perda,risco de perda,0,2026-04-05T08:13:21.474Z
69d21acd684401be334a6675,banana,26.7,95,3530,2.844689,lote_M,risco de perda,risco de perda,0,2026-04-05T08:18:21.580Z
69d21bf9684401be334a6676,banana,27.1,95,3529,2.843883,lote_M,risco de perda,risco de perda,0,2026-04-05T08:23:21.434Z
69d21d25684401be334a6677,banana,27.1,95,3528,2.843077,lote_M,risco de perda,risco de perda,0,2026-04-05T08:28:21.425Z
69d21e51684401be334a6678,banana,27.1,95,3526,2.841465,lote_M,risco de perda,risco de perda,0,2026-04-05T08:33:21.602Z
69d21f7d684401be334a6679,banana,27.1,95,3522,2.838242,lote_M,risco de perda,risco de perda,0,2026-04-05T08:38:21.640Z
69d220a9684401be334a667a,banana,27.1,95,3524,2.839854,lote_M,risco de perda,risco de perda,0,2026-04-05T08:43:21.468Z
69d221d5684401be334a667b,banana,27.1,95,3519,2.835824,lote_M,risco de perda,risco de perda,0,2026-04-05T08:48:21.565Z
69d22301684401be334a667c,banana,27.1,94,3524,2.839854,lote_M,risco de perda,risco de perda,0,2026-04-05T08:53:21.620Z
69d2242d684401be334a667d,banana,27.1,94,3518,2.835018,lote_M,risco de perda,risco de perda,0,2026-04-05T08:58:21.462Z
69d22559684401be334a667e,banana,27.1,94,3523,2.839048,lote_M,risco de perda,risco de perda,0,2026-04-05T09:03:21.612Z
69d22685684401be334a667f,banana,27.1,94,3526,2.841465,lote_M,risco de perda,risco de perda,0,2026-04-05T09:08:21.647Z
69d227b1684401be334a6680,banana,27.1,94,3526,2.841465,lote_M,risco de perda,risco de perda,0,2026-04-05T09:13:21.425Z
69d228dd684401be334a6681,banana,27.1,94,3528,2.843077,lote_M,risco de perda,risco de perda,0,2026-04-05T09:18:21.518Z
69d22a09684401be334a6682,banana,27.1,94,3531,2.845495,lote_M,risco de perda,risco de perda,0,2026-04-05T09:23:21.613Z
69d22b35684401be334a6683,banana,27.1,94,3528,2.843077,lote_M,risco de perda,risco de perda,0,2026-04-05T09:28:21.662Z
69d22c61684401be334a6684,banana,27.1,94,3527,2.842271,lote_M,risco de perda,risco de perda,0,2026-04-05T09:33:21.491Z
69d22d8d684401be334a6685,banana,27.1,94,3534,2.847912,lote_M,risco de perda,risco de perda,0,2026-04-05T09:38:21.659Z
69d22eb9684401be334a6686,banana,27.1,94,3532,2.8463,lote_M,risco de perda,risco de perda,0,2026-04-05T09:43:21.664Z
69d22fe5684401be334a6687,banana,27.1,94,3525,2.840659,lote_M,risco de perda,risco de perda,0,2026-04-05T09:48:21.483Z
69d23111684401be334a6688,banana,27.1,95,3519,2.835824,lote_M,risco de perda,risco de perda,0,2026-04-05T09:53:21.618Z
69d2323d684401be334a6689,banana,27.1,95,3524,2.839854,lote_M,risco de perda,risco de perda,0,2026-04-05T09:58:21.701Z
69d23369684401be334a668a,banana,27.1,95,3516,2.833407,lote_M,risco de perda,risco de perda,0,2026-04-05T10:03:21.739Z
69d23495684401be334a668b,banana,27.1,95,3520,2.83663,lote_M,risco de perda,risco de perda,0,2026-04-05T10:08:21.569Z
69d235c1684401be334a668c,banana,27.1,95,3518,2.835018,lote_M,risco de perda,risco de perda,0,2026-04-05T10:13:21.708Z
69d236ed684401be334a668d,banana,27.1,95,3519,2.835824,lote_M,risco de perda,risco de perda,0,2026-04-05T10:18:21.706Z
69d23819684401be334a668e,banana,27.1,95,3512,2.830183,lote_M,risco de perda,risco de perda,0,2026-04-05T10:23:21.692Z
69d23945684401be334a668f,banana,27.1,95,3514,2.831795,lote_M,risco de perda,risco de perda,0,2026-04-05T10:28:21.715Z
69d23a71684401be334a6690,banana,27.1,95,3516,2.833407,lote_M,risco de perda,risco de perda,0,2026-04-05T10:33:21.778Z
69d23b9e684401be334a6691,banana,27.1,95,3514,2.831795,lote_M,risco de perda,risco de perda,0,2026-04-05T10:38:22.017Z
69d23cc9684401be334a6692,banana,27.1,95,3511,2.829377,lote_M,risco de perda,risco de perda,0,2026-04-05T10:43:21.602Z
69d23df5684401be334a6693,banana,27.1,95,3513,2.830989,lote_M,risco de perda,risco de perda,0,2026-04-05T10:48:21.766Z
69d23f21684401be334a6694,banana,27.1,95,3508,2.82696,lote_M,risco de perda,risco de perda,0,2026-04-05T10:53:21.801Z
69d2404d684401be334a6695,banana,27.1,95,3507,2.826154,lote_M,risco de perda,risco de perda,0,2026-04-05T10:58:21.594Z
69d24179684401be334a6696,banana,27.1,95,3502,2.822124,lote_M,risco de perda,risco de perda,0,2026-04-05T11:03:21.627Z
69d242a5684401be334a6697,banana,27.1,95,3504,2.823736,lote_M,risco de perda,risco de perda,0,2026-04-05T11:08:21.803Z
69d243d1684401be334a6698,banana,27.1,95,3503,2.82293,lote_M,risco de perda,risco de perda,0,2026-04-05T11:13:21.801Z
69d244fd684401be334a6699,banana,27.1,95,3501,2.821319,lote_M,risco de perda,risco de perda,0,2026-04-05T11:18:21.676Z
69d24629684401be334a669a,banana,27.1,95,3505,2.824542,lote_M,risco de perda,risco de perda,0,2026-04-05T11:23:21.816Z
69d24755684401be334a669b,banana,27.1,95,3501,2.821319,lote_M,risco de perda,risco de perda,0,2026-04-05T11:28:21.851Z
69d24881684401be334a669c,banana,27.1,95,3497,2.818095,lote_M,risco de perda,risco de perda,0,2026-04-05T11:33:21.886Z
69d249ad684401be334a669d,banana,27.1,95,3496,2.817289,lote_M,risco de perda,risco de perda,0,2026-04-05T11:38:21.689Z
69d24ad9684401be334a669e,banana,27.1,95,3500,2.820513,lote_M,risco de perda,risco de perda,0,2026-04-05T11:43:21.852Z
69d24c05684401be334a669f,banana,27.1,95,3486,2.809231,lote_M,risco de perda,risco de perda,0,2026-04-05T11:48:21.991Z
69d24d31684401be334a66a0,banana,27.1,95,3491,2.81326,lote_M,risco de perda,risco de perda,0,2026-04-05T11:53:21.714Z
69d24e5d684401be334a66a1,banana,27.1,95,3491,2.81326,lote_M,risco de perda,risco de perda,0,2026-04-05T11:58:21.821Z
69d24f89684401be334a66a2,banana,27.1,95,3485,2.808425,lote_M,risco de perda,risco de perda,0,2026-04-05T12:03:21.859Z
69d250b5684401be334a66a3,banana,27.1,94,3478,2.802784,lote_M,risco de perda,risco de perda,0,2026-04-05T12:08:21.894Z
69d251e1684401be334a66a4,banana,27.1,94,3484,2.807619,lote_M,risco de perda,risco de perda,0,2026-04-05T12:13:21.719Z
69d2530d684401be334a66a5,banana,27.1,94,3492,2.814066,lote_M,risco de perda,risco de perda,0,2026-04-05T12:18:21.865Z
69d25439684401be334a66a6,banana,27.1,94,3493,2.814872,lote_M,risco de perda,risco de perda,0,2026-04-05T12:23:21.934Z
69d25565684401be334a66a7,banana,27.1,94,3492,2.814066,lote_M,risco de perda,risco de perda,0,2026-04-05T12:28:21.870Z
69d25692684401be334a66a8,banana,27.1,94,3496,2.817289,lote_M,risco de perda,risco de perda,0,2026-04-05T12:33:22.021Z
69d257bd684401be334a66a9,banana,27.2,94,3484,2.807619,lote_M,risco de perda,risco de perda,0,2026-04-05T12:38:21.911Z
69d258ea684401be334a66aa,banana,27.5,94,3493,2.814872,lote_M,risco de perda,risco de perda,0,2026-04-05T12:43:22.346Z
69d25a16684401be334a66ab,banana,27.6,94,3490,2.812454,lote_M,risco de perda,risco de perda,0,2026-04-05T12:48:22.020Z
69d25b41684401be334a66ac,banana,27.6,94,3496,2.817289,lote_M,risco de perda,risco de perda,0,2026-04-05T12:53:21.909Z
69d25c6e684401be334a66ad,banana,27.6,94,3499,2.819707,lote_M,risco de perda,risco de perda,0,2026-04-05T12:58:22.003Z
69d25d99684401be334a66ae,banana,27.6,94,3497,2.818095,lote_M,risco de perda,risco de perda,0,2026-04-05T13:03:21.983Z
69d25ec5684401be334a66af,banana,27.6,94,3497,2.818095,lote_M,risco de perda,risco de perda,0,2026-04-05T13:08:21.855Z
69d25ff2684401be334a66b0,banana,27.6,94,3502,2.822124,lote_M,risco de perda,risco de perda,0,2026-04-05T13:13:22.789Z
69d2611d684401be334a66b1,banana,27.6,94,3467,2.793919,lote_M,risco de perda,risco de perda,0,2026-04-05T13:18:21.800Z
69d26249684401be334a66b2,banana,27.6,94,3489,2.811648,lote_M,risco de perda,risco de perda,0,2026-04-05T13:23:21.856Z
69d26375684401be334a66b3,banana,27.6,94,3496,2.817289,lote_M,risco de perda,risco de perda,0,2026-04-05T13:28:21.971Z
69d264a2684401be334a66b4,banana,27.6,94,3497,2.818095,lote_M,risco de perda,risco de perda,0,2026-04-05T13:33:22.004Z
69d265ce684401be334a66b5,banana,27.7,94,3502,2.822124,lote_M,risco de perda,risco de perda,0,2026-04-05T13:38:22.039Z
69d266f9684401be334a66b6,banana,28,93,3506,2.825348,lote_M,risco de perda,risco de perda,0,2026-04-05T13:43:21.873Z
69d26826684401be334a66b7,banana,28,93,3508,2.82696,lote_M,risco de perda,risco de perda,0,2026-04-05T13:48:22.863Z
69d26951684401be334a66b8,banana,28,93,3514,2.831795,lote_M,risco de perda,risco de perda,0,2026-04-05T13:53:21.973Z
69d26a7f684401be334a66b9,banana,28,93,3515,2.832601,lote_M,risco de perda,risco de perda,0,2026-04-05T13:58:23.065Z
69d26baa684401be334a66ba,banana,28,93,3519,2.835824,lote_M,risco de perda,risco de perda,0,2026-04-05T14:03:22.059Z
69d26cd6684401be334a66bb,banana,28,93,3512,2.830183,lote_M,risco de perda,risco de perda,0,2026-04-05T14:08:22.519Z
69d26e02684401be334a66bc,banana,28,93,3518,2.835018,lote_M,risco de perda,risco de perda,0,2026-04-05T14:13:22.114Z
69d26f2d684401be334a66bd,banana,28.5,93,3514,2.831795,lote_M,risco de perda,risco de perda,0,2026-04-05T14:18:21.998Z
69d27059684401be334a66be,banana,28.5,93,3524,2.839854,lote_M,risco de perda,risco de perda,0,2026-04-05T14:23:21.985Z
69d27186684401be334a66bf,banana,28.5,93,3528,2.843077,lote_M,risco de perda,risco de perda,0,2026-04-05T14:28:22.228Z
69d272b2684401be334a66c0,banana,28.5,93,3537,2.85033,lote_M,risco de perda,risco de perda,0,2026-04-05T14:33:22.192Z
69d273de684401be334a66c1,banana,28.5,93,3538,2.851135,lote_M,risco de perda,risco de perda,0,2026-04-05T14:38:22.002Z
69d2750a684401be334a66c2,banana,28.5,93,3541,2.853553,lote_M,risco de perda,risco de perda,0,2026-04-05T14:43:22.135Z
69d27636684401be334a66c3,banana,28.5,93,3546,2.857582,lote_M,risco de perda,risco de perda,0,2026-04-05T14:48:22.168Z
69d27762684401be334a66c4,banana,28.9,93,3543,2.855165,lote_M,risco de perda,risco de perda,0,2026-04-05T14:53:22.202Z
69d2788e684401be334a66c5,banana,28.9,93,3542,2.854359,lote_M,risco de perda,risco de perda,0,2026-04-05T14:58:22.155Z
69d279ba684401be334a66c6,banana,28.9,93,3552,2.862418,lote_M,risco de perda,risco de perda,0,2026-04-05T15:03:22.438Z
69d27ae6684401be334a66c7,banana,28.9,93,3550,2.860806,lote_M,risco de perda,risco de perda,0,2026-04-05T15:08:22.208Z
69d27c12684401be334a66c8,banana,28.9,93,3554,2.864029,lote_M,risco de perda,risco de perda,0,2026-04-05T15:13:22.212Z
69d27d3e684401be334a66c9,banana,28.9,93,3553,2.863224,lote_M,risco de perda,risco de perda,0,2026-04-05T15:18:22.043Z
69d27e6a684401be334a66ca,banana,28.9,93,3561,2.86967,lote_M,risco de perda,risco de perda,0,2026-04-05T15:23:22.111Z
69d27f96684401be334a66cb,banana,29,93,3559,2.868059,lote_M,risco de perda,risco de perda,0,2026-04-05T15:28:22.255Z
69d280c2684401be334a66cc,banana,29.3,93,3562,2.870476,lote_M,risco de perda,risco de perda,0,2026-04-05T15:33:22.248Z
69d281ef684401be334a66cd,banana,29.3,93,3569,2.876117,lote_M,risco de perda,risco de perda,0,2026-04-05T15:38:23.386Z
69d2831a684401be334a66ce,banana,29.3,93,3571,2.877729,lote_M,risco de perda,risco de perda,0,2026-04-05T15:43:22.214Z
69d28446684401be334a66cf,banana,29.3,93,3575,2.880952,lote_M,risco de perda,risco de perda,0,2026-04-05T15:48:22.291Z
69d28574684401be334a66d0,banana,29.3,93,3578,2.88337,lote_M,risco de perda,risco de perda,0,2026-04-05T15:53:24.278Z
69d2869e684401be334a66d1,banana,29.3,93,3585,2.889011,lote_M,risco de perda,risco de perda,0,2026-04-05T15:58:22.059Z
69d287cc684401be334a66d2,banana,29.3,93,3582,2.886593,lote_M,risco de perda,risco de perda,0,2026-04-05T16:03:24.098Z
69d288f6684401be334a66d3,banana,29.8,93,3585,2.889011,lote_M,risco de perda,risco de perda,0,2026-04-05T16:08:22.076Z
69d28a22684401be334a66d4,banana,29.8,93,3587,2.890623,lote_M,risco de perda,risco de perda,0,2026-04-05T16:13:22.122Z
69d28b4e684401be334a66d5,banana,29.8,93,3576,2.881758,lote_M,risco de perda,risco de perda,0,2026-04-05T16:18:22.305Z
69d28c7b684401be334a66d6,banana,29.8,93,3570,2.876923,lote_M,risco de perda,risco de perda,0,2026-04-05T16:23:23.069Z
69d28da6684401be334a66d7,banana,29.8,93,3565,2.872894,lote_M,risco de perda,risco de perda,0,2026-04-05T16:28:22.767Z
69d28ed2684401be334a66d8,banana,29.8,93,3562,2.870476,lote_M,risco de perda,risco de perda,0,2026-04-05T16:33:22.953Z
69d28ffe684401be334a66d9,banana,29.8,93,3557,2.866447,lote_M,risco de perda,risco de perda,0,2026-04-05T16:38:22.320Z
69d2912a684401be334a66da,banana,30.2,92,3562,2.870476,lote_M,risco de perda,risco de perda,0,2026-04-05T16:43:22.424Z
69d29256684401be334a66db,banana,30.2,92,3561,2.86967,lote_M,risco de perda,risco de perda,0,2026-04-05T16:48:22.199Z
69d29382684401be334a66dc,banana,30.2,92,3566,2.8737,lote_M,risco de perda,risco de perda,0,2026-04-05T16:53:22.377Z
69d294b2684401be334a66dd,banana,30.2,92,3566,2.8737,lote_M,risco de perda,risco de perda,0,2026-04-05T16:58:26.319Z
69d295db684401be334a66de,banana,30.2,92,3568,2.875311,lote_M,risco de perda,risco de perda,0,2026-04-05T17:03:23.087Z
69d29706684401be334a66df,banana,30.2,92,3569,2.876117,lote_M,risco de perda,risco de perda,0,2026-04-05T17:08:22.238Z
69d29833684401be334a66e0,banana,30.6,92,3573,2.879341,lote_M,risco de perda,risco de perda,0,2026-04-05T17:13:23.689Z
69d2995e684401be334a66e1,banana,30.8,92,3572,2.878535,lote_M,risco de perda,risco de perda,0,2026-04-05T17:18:22.454Z
69d29a8a684401be334a66e2,banana,30.8,92,3579,2.884176,lote_M,risco de perda,risco de perda,0,2026-04-05T17:23:22.992Z
69d29bb6684401be334a66e3,banana,30.8,92,3583,2.887399,lote_M,risco de perda,risco de perda,0,2026-04-05T17:28:22.231Z
69d29ce2684401be334a66e4,banana,30.8,92,3573,2.879341,lote_M,risco de perda,risco de perda,0,2026-04-05T17:33:22.569Z
69d29e0e684401be334a66e5,banana,30.8,92,3551,2.861612,lote_M,risco de perda,risco de perda,0,2026-04-05T17:38:22.472Z
69d29f3a684401be334a66e6,banana,30.8,92,3507,2.826154,lote_M,risco de perda,risco de perda,0,2026-04-05T17:43:22.292Z
69d2a066684401be334a66e7,banana,31.3,92,3513,2.830989,lote_M,risco de perda,risco de perda,0,2026-04-05T17:48:22.592Z
69d2a192684401be334a66e8,banana,31.3,91,3483,2.806813,lote_M,risco de perda,risco de perda,0,2026-04-05T17:53:22.513Z
69d2a2be684401be334a66e9,banana,31.3,91,3508,2.82696,lote_M,risco de perda,risco de perda,0,2026-04-05T17:58:22.280Z
69d2a3ea684401be334a66ea,banana,31.3,91,3484,2.807619,lote_M,risco de perda,risco de perda,0,2026-04-05T18:03:22.458Z
69d2a516684401be334a66eb,banana,31.8,92,3517,2.834213,lote_M,risco de perda,risco de perda,0,2026-04-05T18:08:22.451Z
69d2a642684401be334a66ec,banana,31.8,91,3539,2.851941,lote_M,risco de perda,risco de perda,0,2026-04-05T18:13:22.532Z
69d2a76e684401be334a66ed,banana,31.8,92,3553,2.863224,lote_M,risco de perda,risco de perda,0,2026-04-05T18:18:22.340Z
69d2a89a684401be334a66ee,banana,31.8,92,3550,2.860806,lote_M,risco de perda,risco de perda,0,2026-04-05T18:23:22.494Z
69d2a9c6684401be334a66ef,banana,32.3,92,3483,2.806813,lote_M,risco de perda,risco de perda,0,2026-04-05T18:28:22.647Z
69d2aaf2684401be334a66f0,banana,32.3,92,3499,2.819707,lote_M,risco de perda,risco de perda,0,2026-04-05T18:33:22.568Z
69d2ac1e684401be334a66f1,banana,32.3,91,3478,2.802784,lote_M,risco de perda,risco de perda,0,2026-04-05T18:38:22.428Z
69d2ad4a684401be334a66f2,banana,32.3,91,3494,2.815678,lote_M,risco de perda,risco de perda,0,2026-04-05T18:43:22.636Z
69d2ae76684401be334a66f3,banana,32.3,91,3498,2.818901,lote_M,risco de perda,risco de perda,0,2026-04-05T18:48:22.542Z
69d2afa2684401be334a66f4,banana,32.3,91,3514,2.831795,lote_M,risco de perda,risco de perda,0,2026-04-05T18:53:22.389Z
69d2b0ce684401be334a66f5,banana,32.8,91,3550,2.860806,lote_M,risco de perda,risco de perda,0,2026-04-05T18:58:22.543Z
69d2b1fb684401be334a66f6,banana,32.8,91,3523,2.839048,lote_M,risco de perda,risco de perda,0,2026-04-05T19:03:23.503Z
69d2b326684401be334a66f7,banana,32.8,91,3544,2.855971,lote_M,risco de perda,risco de perda,0,2026-04-05T19:08:22.391Z
69d2b452684401be334a66f8,banana,33.3,90,3574,2.880147,lote_M,risco de perda,risco de perda,0,2026-04-05T19:13:22.409Z
69d2b57e684401be334a66f9,banana,32.8,91,3606,2.905934,lote_M,risco de perda,risco de perda,0,2026-04-05T19:18:22.603Z
69d2b6aa684401be334a66fa,banana,32.8,92,3624,2.920439,lote_M,risco de perda,risco de perda,0,2026-04-05T19:23:22.604Z
69d2b7d6684401be334a66fb,banana,32.8,92,3633,2.927692,lote_M,risco de perda,risco de perda,0,2026-04-05T19:28:22.768Z
69d2b902684401be334a66fc,banana,32.8,92,3642,2.934945,lote_M,risco de perda,risco de perda,0,2026-04-05T19:33:22.533Z
69d2ba2e684401be334a66fd,banana,32.8,92,3655,2.945421,lote_M,risco de perda,risco de perda,0,2026-04-05T19:38:22.623Z
69d2bb5a684401be334a66fe,banana,32.8,92,3651,2.942198,lote_M,risco de perda,risco de perda,0,2026-04-05T19:43:22.658Z
69d2bc86684401be334a66ff,banana,32.8,92,3626,2.922051,lote_M,risco de perda,risco de perda,0,2026-04-05T19:48:22.440Z
69d2bdb2684401be334a6700,banana,32.8,92,3629,2.924469,lote_M,risco de perda,risco de perda,0,2026-04-05T19:53:22.584Z
69d2bede684401be334a6701,banana,32.8,92,3614,2.912381,lote_M,risco de perda,risco de perda,0,2026-04-05T19:58:22.442Z
69d2c00a684401be334a6702,banana,32.8,92,3681,2.966374,lote_M,risco de perda,risco de perda,0,2026-04-05T20:03:22.494Z
69d2c136684401be334a6703,banana,32.8,92,3666,2.954286,lote_M,risco de perda,risco de perda,0,2026-04-05T20:08:22.639Z
69d2c262684401be334a6704,banana,32.8,92,3656,2.946227,lote_M,risco de perda,risco de perda,0,2026-04-05T20:13:22.721Z
69d2c38e684401be334a6705,banana,32.8,92,3667,2.955091,lote_M,risco de perda,risco de perda,0,2026-04-05T20:18:22.707Z
69d2c4ba684401be334a6706,banana,32.8,92,3618,2.915604,lote_M,risco de perda,risco de perda,0,2026-04-05T20:23:22.536Z
69d2c5e6684401be334a6707,banana,32.8,92,3618,2.915604,lote_M,risco de perda,risco de perda,0,2026-04-05T20:28:22.588Z
69d2c712684401be334a6708,banana,32.8,92,3607,2.90674,lote_M,risco de perda,risco de perda,0,2026-04-05T20:33:22.675Z
69d2c83e684401be334a6709,banana,32.8,92,3658,2.947839,lote_M,risco de perda,risco de perda,0,2026-04-05T20:38:22.756Z
69d2c96a684401be334a670a,banana,32.8,92,3635,2.929304,lote_M,risco de perda,risco de perda,0,2026-04-05T20:43:22.576Z
69d2ca96684401be334a670b,banana,32.8,92,3643,2.935751,lote_M,risco de perda,risco de perda,0,2026-04-05T20:48:22.675Z
69d2cbc2684401be334a670c,banana,32.8,92,3341,2.692381,lote_M,risco de perda,risco de perda,0,2026-04-05T20:53:22.757Z
69d2ccee684401be334a670d,banana,32.8,92,3312,2.669011,lote_M,risco de perda,risco de perda,0,2026-04-05T20:58:22.536Z
69d2ce1a684401be334a670e,banana,32.8,92,3281,2.644029,lote_M,risco de perda,risco de perda,0,2026-04-05T21:03:22.683Z
69d2cf46684401be334a670f,banana,32.8,92,3279,2.642418,lote_M,risco de perda,risco de perda,0,2026-04-05T21:08:22.716Z
69d2d072684401be334a6710,banana,32.8,92,3450,2.78022,lote_M,risco de perda,risco de perda,0,2026-04-05T21:13:22.708Z
69d2d19e684401be334a6711,banana,32.8,92,3119,2.51348,lote_M,risco de perda,risco de perda,0,2026-04-05T21:18:22.627Z
69d2d2ca684401be334a6712,banana,32.8,92,2922,2.354725,lote_M,risco de perda,alerta,12,2026-04-05T21:23:22.727Z
69d2d3f6684401be334a6713,banana,32.3,88,3155,2.542491,lote_M,risco de perda,risco de perda,0,2026-04-05T21:28:22.975Z
69d2d523684401be334a6714,banana,31.8,87,3167,2.552161,lote_M,risco de perda,risco de perda,0,2026-04-05T21:33:23.676Z
69d2d64e684401be334a6715,banana,32.3,91,2640,2.127473,lote_M,risco de perda,alerta,12,2026-04-05T21:38:22.681Z
69d2d77a684401be334a6716,banana,31.8,90,2519,2.029963,lote_M,risco de perda,madura,42,2026-04-05T21:43:22.602Z
69d2d8a6684401be334a6717,banana,31.3,86,2571,2.071868,lote_M,risco de perda,madura,42,2026-04-05T21:48:22.639Z
69d2d9d2684401be334a6718,banana,31.3,86,2366,1.906667,lote_M,risco de perda,madura,42,2026-04-05T21:53:22.680Z
69d2dafe684401be334a6719,banana,31.3,87,2323,1.872015,lote_M,risco de perda,madura,42,2026-04-05T21:58:22.650Z
69d2dc2a684401be334a671a,banana,30.8,86,2298,1.851868,lote_M,risco de perda,madura,42,2026-04-05T22:03:22.955Z
69d2dd56684401be334a671b,banana,30.8,87,2252,1.814799,lote_M,risco de perda,madura,42,2026-04-05T22:08:22.922Z
69d2de82684401be334a671c,banana,30.2,87,2182,1.758388,lote_M,risco de perda,madura,42,2026-04-05T22:13:22.725Z
69d2dfae684401be334a671d,banana,30.2,87,2148,1.730989,lote_M,risco de perda,madura,42,2026-04-05T22:18:22.755Z
69d2e0da684401be334a671e,banana,29.8,88,2112,1.701978,lote_M,risco de perda,madura,42,2026-04-05T22:23:22.632Z
69d2e207684401be334a671f,banana,29.8,88,2063,1.662491,lote_M,risco de perda,madura,42,2026-04-05T22:28:23.106Z
69d2e332684401be334a6720,banana,29.8,88,2246,1.809963,lote_M,risco de perda,madura,42,2026-04-05T22:33:22.820Z
69d2e45f684401be334a6721,banana,29.4,87,2788,2.24674,lote_M,risco de perda,alerta,12,2026-04-05T22:38:23.823Z
69d2e58a684401be334a6722,banana,29.8,89,2974,2.39663,lote_M,risco de perda,alerta,12,2026-04-05T22:43:22.733Z
69d2e6b6684401be334a6723,banana,30.2,91,3083,2.484469,lote_M,risco de perda,alerta,12,2026-04-05T22:48:22.869Z
69d2e7e2684401be334a6724,banana,30.8,91,3146,2.535238,lote_M,risco de perda,risco de perda,0,2026-04-05T22:53:22.806Z
69d2e90e684401be334a6725,banana,30.8,92,3189,2.56989,lote_M,risco de perda,risco de perda,0,2026-04-05T22:58:22.746Z
69d2ea3a684401be334a6726,banana,30.8,92,3218,2.59326,lote_M,risco de perda,risco de perda,0,2026-04-05T23:03:22.984Z
69d2eb66684401be334a6727,banana,30.8,92,3240,2.610989,lote_M,risco de perda,risco de perda,0,2026-04-05T23:08:22.811Z
69d2ec92684401be334a6728,banana,31.3,92,3257,2.624689,lote_M,risco de perda,risco de perda,0,2026-04-05T23:13:22.747Z
69d2edbe684401be334a6729,banana,31.3,92,3270,2.635165,lote_M,risco de perda,risco de perda,0,2026-04-05T23:18:22.798Z
69d2eeea684401be334a672a,banana,31.3,92,3288,2.64967,lote_M,risco de perda,risco de perda,0,2026-04-05T23:23:22.918Z
69d2f016684401be334a672b,banana,31.3,92,3294,2.654505,lote_M,risco de perda,risco de perda,0,2026-04-05T23:28:22.966Z
69d2f142684401be334a672c,banana,31.3,92,3301,2.660146,lote_M,risco de perda,risco de perda,0,2026-04-05T23:33:22.796Z
69d2f26e684401be334a672d,banana,31.3,92,3303,2.661758,lote_M,risco de perda,risco de perda,0,2026-04-05T23:38:22.890Z
69d2f39a684401be334a672e,banana,31.3,92,3302,2.660952,lote_M,risco de perda,risco de perda,0,2026-04-05T23:43:22.975Z
69d2f4c6684401be334a672f,banana,31.3,92,3306,2.664176,lote_M,risco de perda,risco de perda,0,2026-04-05T23:48:22.799Z
69d2f5f2684401be334a6730,banana,31.3,92,3311,2.668205,lote_M,risco de perda,risco de perda,0,2026-04-05T23:53:22.893Z
69d2f71e684401be334a6731,banana,31.3,92,3318,2.673846,lote_M,risco de perda,risco de perda,0,2026-04-05T23:58:22.980Z
69d2f84a684401be334a6732,banana,31.3,92,3326,2.680293,lote_M,risco de perda,risco de perda,0,2026-04-06T00:03:22.966Z
69d2f976684401be334a6733,banana,31.3,92,3327,2.681099,lote_M,risco de perda,risco de perda,0,2026-04-06T00:08:22.845Z
69d2faa2684401be334a6734,banana,31.3,92,3331,2.684322,lote_M,risco de perda,risco de perda,0,2026-04-06T00:13:22.983Z
69d2fbcf684401be334a6735,banana,31.3,92,3319,2.674652,lote_M,risco de perda,risco de perda,0,2026-04-06T00:18:23.122Z
69d2fcfa684401be334a6736,banana,31.3,92,3334,2.68674,lote_M,risco de perda,risco de perda,0,2026-04-06T00:23:22.823Z
69d2fe26684401be334a6737,banana,31.3,92,3332,2.685128,lote_M,risco de perda,risco de perda,0,2026-04-06T00:28:22.878Z
69d2ff52684401be334a6738,banana,31.3,92,3335,2.687546,lote_M,risco de perda,risco de perda,0,2026-04-06T00:33:22.979Z
69d3007f684401be334a6739,banana,31.3,93,3328,2.681905,lote_M,risco de perda,risco de perda,0,2026-04-06T00:38:23.005Z
69d301ab684401be334a673a,banana,31.3,93,3242,2.612601,lote_M,risco de perda,risco de perda,0,2026-04-06T00:43:23.599Z
69d302d6684401be334a673b,banana,30.8,92,3284,2.646447,lote_M,risco de perda,risco de perda,0,2026-04-06T00:48:22.864Z
69d30403684401be334a673c,banana,30.8,92,3305,2.66337,lote_M,risco de perda,risco de perda,0,2026-04-06T00:53:23.077Z
69d3052e684401be334a673d,banana,30.8,93,3305,2.66337,lote_M,risco de perda,risco de perda,0,2026-04-06T00:58:22.856Z
69d3065b684401be334a673e,banana,30.8,93,3314,2.670623,lote_M,risco de perda,risco de perda,0,2026-04-06T01:03:23.029Z
69d30787684401be334a673f,banana,30.8,93,3313,2.669817,lote_M,risco de perda,risco de perda,0,2026-04-06T01:08:23.022Z
69d308b3684401be334a6740,banana,30.8,93,3312,2.669011,lote_M,risco de perda,risco de perda,0,2026-04-06T01:13:23.054Z
69d309de684401be334a6741,banana,30.8,93,3312,2.669011,lote_M,risco de perda,risco de perda,0,2026-04-06T01:18:22.931Z
69d30b0b684401be334a6742,banana,30.8,93,3306,2.664176,lote_M,risco de perda,risco de perda,0,2026-04-06T01:23:23.074Z
69d30c37684401be334a6743,banana,30.8,93,3296,2.656117,lote_M,risco de perda,risco de perda,0,2026-04-06T01:28:23.669Z
69d30d62684401be334a6744,banana,30.8,93,3299,2.658535,lote_M,risco de perda,risco de perda,0,2026-04-06T01:33:22.901Z
69d30e8e684401be334a6745,banana,30.8,93,3298,2.657729,lote_M,risco de perda,risco de perda,0,2026-04-06T01:38:22.974Z
69d30fbb684401be334a6746,banana,30.8,93,3295,2.655311,lote_M,risco de perda,risco de perda,0,2026-04-06T01:43:23.826Z
69d310e6684401be334a6747,banana,30.8,93,3283,2.645641,lote_M,risco de perda,risco de perda,0,2026-04-06T01:48:22.901Z
69d31212684401be334a6748,banana,30.8,93,3282,2.644835,lote_M,risco de perda,risco de perda,0,2026-04-06T01:53:22.978Z
69d3133f684401be334a6749,banana,30.8,93,3280,2.643224,lote_M,risco de perda,risco de perda,0,2026-04-06T01:58:23.014Z
69d3146b684401be334a674a,banana,30.8,93,3277,2.640806,lote_M,risco de perda,risco de perda,0,2026-04-06T02:03:23.121Z
69d31596684401be334a674b,banana,30.8,93,3274,2.638388,lote_M,risco de perda,risco de perda,0,2026-04-06T02:08:22.986Z
69d316c3684401be334a674c,banana,30.8,94,3260,2.627106,lote_M,risco de perda,risco de perda,0,2026-04-06T02:13:23.754Z
69d317ee684401be334a674d,banana,30.8,94,3253,2.621465,lote_M,risco de perda,risco de perda,0,2026-04-06T02:18:22.982Z
69d3191b684401be334a674e,banana,30.2,94,3232,2.604542,lote_M,risco de perda,risco de perda,0,2026-04-06T02:23:23.250Z
69d31a47684401be334a674f,banana,30.2,94,3234,2.606154,lote_M,risco de perda,risco de perda,0,2026-04-06T02:28:23.133Z
69d31b73684401be334a6750,banana,30.2,94,3202,2.580366,lote_M,risco de perda,risco de perda,0,2026-04-06T02:33:23.130Z
69d31c9f684401be334a6751,banana,30.2,94,3148,2.53685,lote_M,risco de perda,risco de perda,0,2026-04-06T02:38:23.203Z
69d31dcb684401be334a6752,banana,30.2,93,3130,2.522344,lote_M,risco de perda,risco de perda,0,2026-04-06T02:43:23.039Z
69d31ef7684401be334a6753,banana,30.2,93,2781,2.241099,lote_M,risco de perda,alerta,12,2026-04-06T02:48:23.077Z
69d32023684401be334a6754,banana,30.2,93,2894,2.332161,lote_M,risco de perda,alerta,12,2026-04-06T02:53:23.216Z
69d3214f684401be334a6755,banana,29.3,93,2945,2.37326,lote_M,risco de perda,alerta,12,2026-04-06T02:58:23.202Z
69d3227b684401be334a6756,banana,29.6,93,2953,2.379707,lote_M,risco de perda,alerta,12,2026-04-06T03:03:23.076Z
69d323a7684401be334a6757,banana,29.8,94,2951,2.378095,lote_M,risco de perda,alerta,12,2026-04-06T03:08:23.086Z
69d324d3684401be334a6758,banana,29.8,94,2907,2.342637,lote_M,risco de perda,alerta,12,2026-04-06T03:13:23.258Z
69d325ff684401be334a6759,banana,29.8,94,2724,2.195165,lote_M,risco de perda,alerta,12,2026-04-06T03:18:23.086Z
69d3272b684401be334a675a,banana,29.3,93,2531,2.039634,lote_M,risco de perda,madura,42,2026-04-06T03:23:23.164Z
69d32857684401be334a675b,banana,28.9,93,2702,2.177436,lote_M,risco de perda,alerta,12,2026-04-06T03:28:23.158Z
69d32984684401be334a675c,banana,28.5,93,2747,2.2137,lote_M,risco de perda,alerta,12,2026-04-06T03:33:24.161Z
69d32aaf684401be334a675d,banana,28.9,93,2829,2.27978,lote_M,risco de perda,alerta,12,2026-04-06T03:38:23.125Z
69d32bdb684401be334a675e,banana,28.9,94,2922,2.354725,lote_M,risco de perda,alerta,12,2026-04-06T03:43:23.130Z
69d32d07684401be334a675f,banana,29.3,94,2877,2.318462,lote_M,risco de perda,alerta,12,2026-04-06T03:48:23.305Z
69d32e33684401be334a6760,banana,29.3,94,2634,2.122637,lote_M,risco de perda,alerta,12,2026-04-06T03:53:23.443Z
69d32f5f684401be334a6761,banana,29.3,94,2522,2.032381,lote_M,risco de perda,madura,42,2026-04-06T03:58:23.169Z
69d3308b684401be334a6762,banana,28.5,93,2598,2.093626,lote_M,risco de perda,madura,42,2026-04-06T04:03:23.308Z
69d331b7684401be334a6763,banana,28.5,92,2418,1.948571,lote_M,risco de perda,madura,42,2026-04-06T04:08:23.392Z
69d332e3684401be334a6764,banana,28.5,93,2417,1.947766,lote_M,risco de perda,madura,42,2026-04-06T04:13:23.141Z
69d3340f684401be334a6765,banana,28,93,2269,1.828498,lote_M,risco de perda,madura,42,2026-04-06T04:18:23.170Z
69d3353b684401be334a6766,banana,28,93,2239,1.804322,lote_M,risco de perda,madura,42,2026-04-06T04:23:23.596Z
69d33667684401be334a6767,banana,27.6,93,2131,1.717289,lote_M,risco de perda,madura,42,2026-04-06T04:28:23.339Z
69d33793684401be334a6768,banana,27.1,94,2315,1.865568,lote_M,risco de perda,madura,42,2026-04-06T04:33:23.218Z
69d338bf684401be334a6769,banana,27.1,94,2132,1.718095,lote_M,risco de perda,madura,42,2026-04-06T04:38:23.253Z
69d339eb684401be334a676a,banana,27.1,94,2162,1.742271,lote_M,risco de perda,madura,42,2026-04-06T04:43:23.178Z
69d33b17684401be334a676b,banana,27.1,94,2099,1.691502,lote_M,risco de perda,madura,42,2026-04-06T04:48:23.198Z
69d33c43684401be334a676c,banana,27.1,94,2035,1.639927,lote_M,risco de perda,madura,42,2026-04-06T04:53:23.260Z
69d33d6f684401be334a676d,banana,26.7,94,2279,1.836557,lote_M,risco de perda,madura,42,2026-04-06T04:58:23.270Z
69d33e9b684401be334a676e,banana,26.7,94,2371,1.910696,lote_M,risco de perda,madura,42,2026-04-06T05:03:23.441Z
69d33fc7684401be334a676f,banana,27.1,94,2423,1.952601,lote_M,risco de perda,madura,42,2026-04-06T05:08:23.989Z
69d340f3684401be334a6770,banana,27.1,94,2352,1.895385,lote_M,risco de perda,madura,42,2026-04-06T05:13:23.305Z
69d3421f684401be334a6771,banana,27.1,94,2172,1.75033,lote_M,risco de perda,madura,42,2026-04-06T05:18:23.685Z
69d3434c684401be334a6772,banana,27.1,94,2335,1.881685,lote_M,risco de perda,madura,42,2026-04-06T05:23:24.200Z
69d34477684401be334a6773,banana,26.7,94,2323,1.872015,lote_M,risco de perda,madura,42,2026-04-06T05:28:23.410Z
69d345a3684401be334a6774,banana,27.1,94,2216,1.785788,lote_M,risco de perda,madura,42,2026-04-06T05:33:23.451Z
69d346cf684401be334a6775,banana,27.1,94,2340,1.885714,lote_M,risco de perda,madura,42,2026-04-06T05:38:23.489Z
69d347fb684401be334a6776,banana,26.7,94,2340,1.885714,lote_M,risco de perda,madura,42,2026-04-06T05:43:23.538Z
69d34927684401be334a6777,banana,26.7,94,2439,1.965495,lote_M,risco de perda,madura,42,2026-04-06T05:48:23.322Z
69d34a53684401be334a6778,banana,27.1,94,2499,2.013846,lote_M,risco de perda,madura,42,2026-04-06T05:53:23.492Z
69d34b7f684401be334a6779,banana,27.6,94,2537,2.044469,lote_M,risco de perda,madura,42,2026-04-06T05:58:23.539Z
69d34cab684401be334a677a,banana,27.6,94,2519,2.029963,lote_M,risco de perda,madura,42,2026-04-06T06:03:23.366Z
69d34dd7684401be334a677b,banana,27.6,94,2579,2.078315,lote_M,risco de perda,madura,42,2026-04-06T06:08:23.476Z
69d34f03684401be334a677c,banana,27.6,94,2642,2.129084,lote_M,risco de perda,alerta,12,2026-04-06T06:13:23.546Z
69d3502f684401be334a677d,banana,28,93,2659,2.142784,lote_M,risco de perda,alerta,12,2026-04-06T06:18:23.532Z
69d3515b684401be334a677e,banana,28,93,2588,2.085568,lote_M,risco de perda,madura,42,2026-04-06T06:23:23.407Z
69d35287684401be334a677f,banana,28,93,2655,2.13956,lote_M,risco de perda,alerta,12,2026-04-06T06:28:23.544Z
69d353b3684401be334a6780,banana,28,93,2681,2.160513,lote_M,risco de perda,alerta,12,2026-04-06T06:33:23.583Z
69d354e0684401be334a6781,banana,28,93,2689,2.16696,lote_M,risco de perda,alerta,12,2026-04-06T06:38:24.096Z
69d3560b684401be334a6782,banana,28,93,2691,2.168571,lote_M,risco de perda,alerta,12,2026-04-06T06:43:23.363Z
69d35737684401be334a6783,banana,28,93,2699,2.175018,lote_M,risco de perda,alerta,12,2026-04-06T06:48:23.612Z
69d35863684401be334a6784,banana,28.1,93,2698,2.174212,lote_M,risco de perda,alerta,12,2026-04-06T06:53:23.397Z
69d3598f684401be334a6785,banana,28.5,93,2692,2.169377,lote_M,risco de perda,alerta,12,2026-04-06T06:58:23.457Z
69d35abb684401be334a6786,banana,28.5,93,2697,2.173407,lote_M,risco de perda,alerta,12,2026-04-06T07:03:23.387Z
69d35be7684401be334a6787,banana,28.5,93,2695,2.171795,lote_M,risco de perda,alerta,12,2026-04-06T07:08:23.633Z
69d35d13684401be334a6788,banana,28.5,93,2696,2.172601,lote_M,risco de perda,alerta,12,2026-04-06T07:13:23.461Z
69d35e3f684401be334a6789,banana,28.5,93,2698,2.174212,lote_M,risco de perda,alerta,12,2026-04-06T07:18:23.496Z
69d35f6b684401be334a678a,banana,28.5,93,2708,2.182271,lote_M,risco de perda,alerta,12,2026-04-06T07:23:23.635Z
69d36097684401be334a678b,banana,28.5,94,2706,2.180659,lote_M,risco de perda,alerta,12,2026-04-06T07:28:23.671Z
69d361c3684401be334a678c,banana,28.5,94,2708,2.182271,lote_M,risco de perda,alerta,12,2026-04-06T07:33:23.504Z
69d362ef684401be334a678d,banana,28.5,94,2705,2.179853,lote_M,risco de perda,alerta,12,2026-04-06T07:38:23.592Z
69d3641b684401be334a678e,banana,28.5,94,2704,2.179048,lote_M,risco de perda,alerta,12,2026-04-06T07:43:23.638Z
69d36547684401be334a678f,banana,28.5,94,2702,2.177436,lote_M,risco de perda,alerta,12,2026-04-06T07:48:23.468Z
69d36673684401be334a6790,banana,28.5,94,2698,2.174212,lote_M,risco de perda,alerta,12,2026-04-06T07:53:23.748Z
69d3679f684401be334a6791,banana,28.5,94,2699,2.175018,lote_M,risco de perda,alerta,12,2026-04-06T07:58:23.634Z
69d368cb684401be334a6792,banana,28.5,94,2697,2.173407,lote_M,risco de perda,alerta,12,2026-04-06T08:03:23.720Z
69d369f7684401be334a6793,banana,28.1,94,2697,2.173407,lote_M,risco de perda,alerta,12,2026-04-06T08:08:23.507Z
69d36b23684401be334a6794,banana,28.1,94,2690,2.167766,lote_M,risco de perda,alerta,12,2026-04-06T08:13:23.561Z
69d36c4f684401be334a6795,banana,28.1,94,2685,2.163736,lote_M,risco de perda,alerta,12,2026-04-06T08:18:23.699Z
69d36d7b684401be334a6796,banana,28.1,94,2652,2.137143,lote_M,risco de perda,alerta,12,2026-04-06T08:23:23.733Z
69d36ea7684401be334a6797,banana,28.1,94,2657,2.141172,lote_M,risco de perda,alerta,12,2026-04-06T08:28:23.593Z
69d36fd3684401be334a6798,banana,28,94,2653,2.137949,lote_M,risco de perda,alerta,12,2026-04-06T08:33:23.761Z
69d370ff684401be334a6799,banana,28,94,2619,2.110549,lote_M,risco de perda,alerta,12,2026-04-06T08:38:23.767Z
69d3722b684401be334a679a,banana,28,94,2647,2.133114,lote_M,risco de perda,alerta,12,2026-04-06T08:43:23.571Z
69d37357684401be334a679b,banana,28,94,2662,2.145201,lote_M,risco de perda,alerta,12,2026-04-06T08:48:23.599Z
69d37483684401be334a679c,banana,28,94,2654,2.138755,lote_M,risco de perda,alerta,12,2026-04-06T08:53:23.723Z
69d375af684401be334a679d,banana,28,94,2635,2.123443,lote_M,risco de perda,alerta,12,2026-04-06T08:58:23.811Z
69d376db684401be334a679e,banana,28,94,2624,2.114579,lote_M,risco de perda,alerta,12,2026-04-06T09:03:23.592Z
69d37807684401be334a679f,banana,28,94,2622,2.112967,lote_M,risco de perda,alerta,12,2026-04-06T09:08:23.778Z
69d37933684401be334a67a0,banana,28,94,2560,2.063004,lote_M,risco de perda,madura,42,2026-04-06T09:13:23.817Z
69d37a5f684401be334a67a1,banana,28,94,2566,2.067839,lote_M,risco de perda,madura,42,2026-04-06T09:18:23.645Z
69d37b8b684401be334a67a2,banana,28,94,2566,2.067839,lote_M,risco de perda,madura,42,2026-04-06T09:23:23.658Z
69d37cb7684401be334a67a3,banana,28,94,2555,2.058974,lote_M,risco de perda,madura,42,2026-04-06T09:28:23.784Z
69d37de3684401be334a67a4,banana,28,94,2584,2.082344,lote_M,risco de perda,madura,42,2026-04-06T09:33:23.862Z
69d37f0f684401be334a67a5,banana,28,94,2619,2.110549,lote_M,risco de perda,alerta,12,2026-04-06T09:38:23.666Z
69d3803b684401be334a67a6,banana,28,94,2629,2.118608,lote_M,risco de perda,alerta,12,2026-04-06T09:43:23.801Z
69d38167684401be334a67a7,banana,28,94,2630,2.119414,lote_M,risco de perda,alerta,12,2026-04-06T09:48:23.864Z
69d38293684401be334a67a8,banana,28,94,2625,2.115385,lote_M,risco de perda,alerta,12,2026-04-06T09:53:23.900Z
69d383bf684401be334a67a9,banana,28,94,2618,2.109744,lote_M,risco de perda,alerta,12,2026-04-06T09:58:23.689Z
69d384eb684401be334a67aa,banana,28,94,2623,2.113773,lote_M,risco de perda,alerta,12,2026-04-06T10:03:23.982Z
69d38617684401be334a67ab,banana,28,94,2616,2.108132,lote_M,risco de perda,alerta,12,2026-04-06T10:08:23.914Z
69d38743684401be334a67ac,banana,28,95,2615,2.107326,lote_M,risco de perda,alerta,12,2026-04-06T10:13:23.737Z
69d3886f684401be334a67ad,banana,28,95,2621,2.112161,lote_M,risco de perda,alerta,12,2026-04-06T10:18:23.829Z
69d3899b684401be334a67ae,banana,28,95,2622,2.112967,lote_M,risco de perda,alerta,12,2026-04-06T10:23:23.930Z
69d38ac7684401be334a67af,banana,28,95,2616,2.108132,lote_M,risco de perda,alerta,12,2026-04-06T10:28:23.747Z
69d38bf4684401be334a67b0,banana,28,95,2614,2.10652,lote_M,risco de perda,alerta,12,2026-04-06T10:33:24.998Z
69d38d21684401be334a67b1,banana,28,95,2616,2.108132,lote_M,risco de perda,alerta,12,2026-04-06T10:38:25.093Z
69d38e4d684401be334a67b2,banana,28,95,2608,2.101685,lote_M,risco de perda,alerta,12,2026-04-06T10:43:25.013Z
69d38f78684401be334a67b3,banana,28,95,2609,2.102491,lote_M,risco de perda,alerta,12,2026-04-06T10:48:24.851Z
69d390a5684401be334a67b4,banana,28,94,2615,2.107326,lote_M,risco de perda,alerta,12,2026-04-06T10:53:25.032Z
69d391d1684401be334a67b5,banana,28,94,2613,2.105714,lote_M,risco de perda,alerta,12,2026-04-06T10:58:25.171Z
69d392fc684401be334a67b6,banana,28,94,2603,2.097656,lote_M,risco de perda,alerta,12,2026-04-06T11:03:24.899Z
69d39429684401be334a67b7,banana,28,94,2602,2.09685,lote_M,risco de perda,alerta,12,2026-04-06T11:08:25.011Z
69d39555684401be334a67b8,banana,28,94,2600,2.095238,lote_M,risco de perda,madura,42,2026-04-06T11:13:25.152Z
69d39681684401be334a67b9,banana,28,94,2605,2.099267,lote_M,risco de perda,alerta,12,2026-04-06T11:18:25.125Z
69d397ac684401be334a67ba,banana,28,94,2604,2.098462,lote_M,risco de perda,alerta,12,2026-04-06T11:23:24.948Z
69d398d9684401be334a67bb,banana,28,94,2606,2.100073,lote_M,risco de perda,alerta,12,2026-04-06T11:28:25.043Z
69d39a05684401be334a67bc,banana,28,94,2608,2.101685,lote_M,risco de perda,alerta,12,2026-04-06T11:33:25.076Z
69d39b32684401be334a67bd,banana,28,94,2590,2.087179,lote_M,risco de perda,madura,42,2026-04-06T11:38:26.038Z
69d39c5d684401be334a67be,banana,28,94,2605,2.099267,lote_M,risco de perda,alerta,12,2026-04-06T11:43:25.102Z
69d39d89684401be334a67bf,banana,28,94,2601,2.096044,lote_M,risco de perda,alerta,12,2026-04-06T11:48:25.127Z
69d39eb5684401be334a67c0,banana,28,94,2604,2.098462,lote_M,risco de perda,alerta,12,2026-04-06T11:53:25.152Z
69d39fe1684401be334a67c1,banana,28,94,2601,2.096044,lote_M,risco de perda,alerta,12,2026-04-06T11:58:25.131Z
69d3a10d684401be334a67c2,banana,28.5,94,2599,2.094432,lote_M,risco de perda,madura,42,2026-04-06T12:03:25.029Z
69d3a239684401be334a67c3,banana,28.5,94,2600,2.095238,lote_M,risco de perda,madura,42,2026-04-06T12:08:25.145Z
69d3a365684401be334a67c4,banana,28.5,94,2591,2.087985,lote_M,risco de perda,madura,42,2026-04-06T12:13:25.207Z
69d3a491684401be334a67c5,banana,28.5,94,2588,2.085568,lote_M,risco de perda,madura,42,2026-04-06T12:18:25.033Z
69d3a5bd684401be334a67c6,banana,28.5,94,2574,2.074286,lote_M,risco de perda,madura,42,2026-04-06T12:23:25.136Z
69d3a6e9684401be334a67c7,banana,28.5,94,2586,2.083956,lote_M,risco de perda,madura,42,2026-04-06T12:28:25.216Z
69d3a815684401be334a67c8,banana,28.5,94,2574,2.074286,lote_M,risco de perda,madura,42,2026-04-06T12:33:25.004Z
69d3a941684401be334a67c9,banana,28.9,94,2591,2.087985,lote_M,risco de perda,madura,42,2026-04-06T12:38:25.088Z
69d3aa6d684401be334a67ca,banana,28.9,94,2589,2.086374,lote_M,risco de perda,madura,42,2026-04-06T12:43:25.180Z
69d3ab99684401be334a67cb,banana,28.9,94,2596,2.092015,lote_M,risco de perda,madura,42,2026-04-06T12:48:25.214Z
69d3acc5684401be334a67cc,banana,28.9,93,2600,2.095238,lote_M,risco de perda,madura,42,2026-04-06T12:53:25.102Z
69d3adf1684401be334a67cd,banana,28.9,93,2616,2.108132,lote_M,risco de perda,alerta,12,2026-04-06T12:58:25.125Z
69d3af1d684401be334a67ce,banana,28.9,93,2615,2.107326,lote_M,risco de perda,alerta,12,2026-04-06T13:03:25.070Z
69d3b049684401be334a67cf,banana,28.9,93,2619,2.110549,lote_M,risco de perda,alerta,12,2026-04-06T13:08:25.074Z
69d3b175684401be334a67d0,banana,28.9,93,2623,2.113773,lote_M,risco de perda,alerta,12,2026-04-06T13:13:25.378Z
69d3b2a1684401be334a67d1,banana,28.9,93,2620,2.111355,lote_M,risco de perda,alerta,12,2026-04-06T13:18:25.234Z
69d3b3cd684401be334a67d2,banana,29.3,93,2626,2.11619,lote_M,risco de perda,alerta,12,2026-04-06T13:23:25.509Z
69d3b4f9684401be334a67d3,banana,29.3,93,2627,2.116996,lote_M,risco de perda,alerta,12,2026-04-06T13:28:25.134Z
69d3b625684401be334a67d4,banana,29.3,93,2636,2.124249,lote_M,risco de perda,alerta,12,2026-04-06T13:33:25.164Z
69d3b751684401be334a67d5,banana,29.3,93,2639,2.126667,lote_M,risco de perda,alerta,12,2026-04-06T13:38:25.260Z
69d3b87d684401be334a67d6,banana,29.3,93,2639,2.126667,lote_M,risco de perda,alerta,12,2026-04-06T13:43:25.325Z
69d3b9a9684401be334a67d7,banana,29.3,93,2641,2.128278,lote_M,risco de perda,alerta,12,2026-04-06T13:48:25.175Z
69d3bad5684401be334a67d8,banana,29.8,93,2645,2.131502,lote_M,risco de perda,alerta,12,2026-04-06T13:53:25.407Z
69d3bc01684401be334a67d9,banana,29.8,93,2642,2.129084,lote_M,risco de perda,alerta,12,2026-04-06T13:58:25.348Z
69d3bd2d684401be334a67da,banana,29.8,93,2621,2.112161,lote_M,risco de perda,alerta,12,2026-04-06T14:03:25.287Z
69d3be59684401be334a67db,banana,29.8,93,2624,2.114579,lote_M,risco de perda,alerta,12,2026-04-06T14:08:25.182Z
69d3bf85684401be334a67dc,banana,29.8,93,2633,2.121831,lote_M,risco de perda,alerta,12,2026-04-06T14:13:25.333Z
69d3c0b1684401be334a67dd,banana,29.8,93,2638,2.125861,lote_M,risco de perda,alerta,12,2026-04-06T14:18:25.146Z
69d3c1dd684401be334a67de,banana,29.8,93,2642,2.129084,lote_M,risco de perda,alerta,12,2026-04-06T14:23:25.219Z
69d3c309684401be334a67df,banana,29.8,93,2650,2.135531,lote_M,risco de perda,alerta,12,2026-04-06T14:28:25.317Z
69d3c435684401be334a67e0,banana,30.2,92,2657,2.141172,lote_M,risco de perda,alerta,12,2026-04-06T14:33:25.358Z
69d3c561684401be334a67e1,banana,30.2,92,2660,2.14359,lote_M,risco de perda,alerta,12,2026-04-06T14:38:25.259Z
69d3c68d684401be334a67e2,banana,30.2,92,2669,2.150842,lote_M,risco de perda,alerta,12,2026-04-06T14:43:25.469Z
69d3c7b9684401be334a67e3,banana,30.2,92,2673,2.154066,lote_M,risco de perda,alerta,12,2026-04-06T14:48:25.395Z
69d3c8e5684401be334a67e4,banana,30.2,92,2680,2.159707,lote_M,risco de perda,alerta,12,2026-04-06T14:53:25.395Z
69d3ca11684401be334a67e5,banana,30.2,92,2683,2.162125,lote_M,risco de perda,alerta,12,2026-04-06T14:58:25.266Z
69d3cb3d684401be334a67e6,banana,30.8,92,2689,2.16696,lote_M,risco de perda,alerta,12,2026-04-06T15:03:25.405Z
69d3cc69684401be334a67e7,banana,30.8,92,2693,2.170183,lote_M,risco de perda,alerta,12,2026-04-06T15:08:25.408Z
69d3cd95684401be334a67e8,banana,30.8,92,2695,2.171795,lote_M,risco de perda,alerta,12,2026-04-06T15:13:25.273Z
69d3cec1684401be334a67e9,banana,30.8,92,2702,2.177436,lote_M,risco de perda,alerta,12,2026-04-06T15:18:25.420Z
69d3cfed684401be334a67ea,banana,30.8,92,2710,2.183883,lote_M,risco de perda,alerta,12,2026-04-06T15:23:25.455Z
69d3d11a684401be334a67eb,banana,31.3,92,2706,2.180659,lote_M,risco de perda,alerta,12,2026-04-06T15:28:26.310Z
69d3d245684401be334a67ec,banana,31.3,92,2723,2.194359,lote_M,risco de perda,alerta,12,2026-04-06T15:33:25.364Z
69d3d371684401be334a67ed,banana,31.3,92,2726,2.196777,lote_M,risco de perda,alerta,12,2026-04-06T15:38:25.779Z
69d3d49d684401be334a67ee,banana,31.3,92,2727,2.197582,lote_M,risco de perda,alerta,12,2026-04-06T15:43:25.595Z
69d3d5cb684401be334a67ef,banana,31.3,92,2711,2.184689,lote_M,risco de perda,alerta,12,2026-04-06T15:48:27.083Z
69d3d6f5684401be334a67f0,banana,31.3,92,2706,2.180659,lote_M,risco de perda,alerta,12,2026-04-06T15:53:25.279Z
69d3d821684401be334a67f1,banana,31.3,92,2708,2.182271,lote_M,risco de perda,alerta,12,2026-04-06T15:58:25.456Z
69d3d94d684401be334a67f2,banana,31.3,92,2710,2.183883,lote_M,risco de perda,alerta,12,2026-04-06T16:03:25.764Z
69d3da79684401be334a67f3,banana,31.3,92,2713,2.1863,lote_M,risco de perda,alerta,12,2026-04-06T16:08:25.338Z
69d3dba5684401be334a67f4,banana,31.8,92,2717,2.189524,lote_M,risco de perda,alerta,12,2026-04-06T16:13:25.503Z
69d3dcd1684401be334a67f5,banana,31.8,92,2721,2.192747,lote_M,risco de perda,alerta,12,2026-04-06T16:18:25.539Z
69d3ddfd684401be334a67f6,banana,31.8,92,2720,2.191941,lote_M,risco de perda,alerta,12,2026-04-06T16:23:25.330Z
69d3df3e684401be334a67f7,banana,31.8,92,2815,2.268498,lote_M,alerta,alerta,12,2026-04-06T16:28:46.829Z
69d3e06a684401be334a67f8,banana,31.8,92,2761,2.224982,lote_M,alerta,alerta,12,2026-04-06T16:33:46.660Z
69d3e196684401be334a67f9,banana,31.8,92,2644,2.130696,lote_M,alerta,alerta,12,2026-04-06T16:38:46.592Z
69d3e2c2684401be334a67fa,banana,31.8,92,2706,2.180659,lote_M,alerta,alerta,12,2026-04-06T16:43:46.570Z
69d3e3ee684401be334a67fb,banana,31.8,92,2637,2.125055,lote_M,alerta,alerta,12,2026-04-06T16:48:46.599Z
69d3e51a684401be334a67fc,banana,31.8,92,2612,2.104908,lote_M,alerta,alerta,12,2026-04-06T16:53:46.705Z
69d3e646684401be334a67fd,banana,31.8,92,2532,2.04044,lote_M,alerta,madura,42,2026-04-06T16:58:46.439Z
69d3e772684401be334a67fe,banana,31.3,92,2578,2.077509,lote_M,alerta,madura,42,2026-04-06T17:03:46.466Z
69d3e89f684401be334a67ff,banana,31.3,92,2625,2.115385,lote_M,alerta,alerta,12,2026-04-06T17:08:47.101Z
69d3e9ca684401be334a6800,banana,31.3,92,2618,2.109744,lote_M,alerta,alerta,12,2026-04-06T17:13:46.621Z
69d3eaf6684401be334a6801,banana,31.3,92,2599,2.094432,lote_M,alerta,madura,42,2026-04-06T17:18:46.585Z
69d3ec22684401be334a6802,banana,31.3,92,2518,2.029157,lote_M,alerta,madura,42,2026-04-06T17:23:46.647Z
69d3ed4e684401be334a6803,banana,31.3,92,2542,2.048498,lote_M,alerta,madura,42,2026-04-06T17:28:46.500Z
69d3ee7a684401be334a6804,banana,31.3,92,2614,2.10652,lote_M,alerta,alerta,12,2026-04-06T17:33:46.491Z
69d3efa6684401be334a6805,banana,31.3,92,2676,2.156483,lote_M,alerta,alerta,12,2026-04-06T17:38:46.915Z
69d3f0d2684401be334a6806,banana,31.3,92,2706,2.180659,lote_M,alerta,alerta,12,2026-04-06T17:43:46.520Z
69d3f1fe684401be334a6807,banana,31.8,92,2724,2.195165,lote_M,alerta,alerta,12,2026-04-06T17:48:46.525Z
69d3f32a684401be334a6808,banana,31.8,92,2733,2.202418,lote_M,alerta,alerta,12,2026-04-06T17:53:46.605Z
69d3f456684401be334a6809,banana,31.8,92,2744,2.211282,lote_M,alerta,alerta,12,2026-04-06T17:58:46.670Z
69d3f582684401be334a680a,banana,31.8,92,2746,2.212894,lote_M,alerta,alerta,12,2026-04-06T18:03:46.573Z
69d3f6ae684401be334a680b,banana,31.8,92,2751,2.216923,lote_M,alerta,alerta,12,2026-04-06T18:08:46.607Z
69d3f7da684401be334a680c,banana,31.8,92,2757,2.221758,lote_M,alerta,alerta,12,2026-04-06T18:13:46.714Z
69d3f906684401be334a680d,banana,32,92,2628,2.117802,lote_M,alerta,alerta,12,2026-04-06T18:18:46.789Z
69d3fa32684401be334a680e,banana,32.3,92,2786,2.245128,lote_M,alerta,alerta,12,2026-04-06T18:23:46.582Z
69d3fb5e684401be334a680f,banana,32.3,92,2811,2.265275,lote_M,alerta,alerta,12,2026-04-06T18:28:46.854Z
69d3fc8a684401be334a6810,banana,32.3,92,2799,2.255605,lote_M,alerta,alerta,12,2026-04-06T18:33:46.759Z
69d3fdb6684401be334a6811,banana,32.3,92,2798,2.254799,lote_M,alerta,alerta,12,2026-04-06T18:38:46.619Z
69d3fee2684401be334a6812,banana,32.3,92,2799,2.255605,lote_M,alerta,alerta,12,2026-04-06T18:43:46.585Z
69d4000e684401be334a6813,banana,32.3,92,2800,2.25641,lote_M,alerta,alerta,12,2026-04-06T18:48:46.771Z
69d4013a684401be334a6814,banana,32.3,92,2794,2.251575,lote_M,alerta,alerta,12,2026-04-06T18:53:46.840Z
69d40267684401be334a6815,banana,32.3,92,2801,2.257216,lote_M,alerta,alerta,12,2026-04-06T18:58:47.251Z
69d40392684401be334a6816,banana,32.3,92,2804,2.259634,lote_M,alerta,alerta,12,2026-04-06T19:03:46.708Z
69d404be684401be334a6817,banana,32.3,92,2775,2.236264,lote_M,alerta,alerta,12,2026-04-06T19:08:46.796Z
69d405ea684401be334a6818,banana,32.3,93,2748,2.214505,lote_M,alerta,alerta,12,2026-04-06T19:13:46.628Z
69d40716684401be334a6819,banana,32.3,92,2759,2.22337,lote_M,alerta,alerta,12,2026-04-06T19:18:46.916Z
69d40842684401be334a681a,banana,32.3,92,2776,2.23707,lote_M,alerta,alerta,12,2026-04-06T19:23:46.641Z
69d4096e684401be334a681b,banana,32.3,93,2776,2.23707,lote_M,alerta,alerta,12,2026-04-06T19:28:46.647Z
69d40a9a684401be334a681c,banana,32.3,93,2779,2.239487,lote_M,alerta,alerta,12,2026-04-06T19:33:46.771Z
69d40bc6684401be334a681d,banana,32.3,93,2798,2.254799,lote_M,alerta,alerta,12,2026-04-06T19:38:46.951Z
69d40cf2684401be334a681e,banana,32.3,93,2782,2.241905,lote_M,alerta,alerta,12,2026-04-06T19:43:46.689Z
69d40e1e684401be334a681f,banana,32.3,93,2783,2.242711,lote_M,alerta,alerta,12,2026-04-06T19:48:46.719Z
69d40f4a684401be334a6820,banana,32.3,93,2776,2.23707,lote_M,alerta,alerta,12,2026-04-06T19:53:46.811Z
69d41076684401be334a6821,banana,32.3,93,2775,2.236264,lote_M,alerta,alerta,12,2026-04-06T19:58:46.849Z
69d411a2684401be334a6822,banana,32.3,93,2766,2.229011,lote_M,alerta,alerta,12,2026-04-06T20:03:46.756Z
69d412ce684401be334a6823,banana,32.3,93,2553,2.057363,lote_M,alerta,madura,30,2026-04-06T20:08:46.962Z
69d413fa684401be334a6824,banana,32.3,93,2305,1.857509,lote_M,alerta,madura,30,2026-04-06T20:13:46.854Z
69d41527684401be334a6825,banana,31.3,92,2337,1.883297,lote_M,alerta,madura,42,2026-04-06T20:18:47.035Z
69d41652684401be334a6826,banana,30.8,91,2304,1.856703,lote_M,alerta,madura,42,2026-04-06T20:23:46.715Z
69d41802684401be334a6827,banana,31.3,93,2197,1.770476,lote_M,madura,madura,42,2026-04-06T20:30:58.595Z
69d4192e684401be334a6828,banana,31.3,93,1860,1.498901,lote_M,madura,sem risco,,2026-04-06T20:35:58.743Z
69d41a5a684401be334a6829,banana,30.8,92,1887,1.520659,lote_M,madura,sem risco,,2026-04-06T20:40:58.745Z
69d41b86684401be334a682a,banana,29.8,92,2074,1.671355,lote_M,madura,madura,42,2026-04-06T20:45:58.951Z
69d41cb2684401be334a682b,banana,30.2,92,1884,1.518242,lote_M,madura,sem risco,,2026-04-06T20:50:58.742Z
69d41de0684401be334a682c,banana,30.8,92,2074,1.671355,lote_M,madura,madura,42,2026-04-06T20:56:00.533Z
69d41f0a684401be334a682d,banana,30.2,92,1982,1.597216,lote_M,madura,madura,42,2026-04-06T21:00:58.591Z
69d42037684401be334a682e,banana,30.2,92,1927,1.552894,lote_M,madura,madura,42,2026-04-06T21:05:59.005Z
69d42163684401be334a682f,banana,29.8,92,1775,1.430403,lote_M,madura,sem risco,,2026-04-06T21:10:59.392Z
69d4228e684401be334a6830,banana,29.8,92,1797,1.448132,lote_M,madura,sem risco,,2026-04-06T21:15:58.648Z
69d423ba684401be334a6831,banana,29.3,92,1751,1.411062,lote_M,madura,sem risco,,2026-04-06T21:20:58.812Z
69d424e6684401be334a6832,banana,29.3,92,1985,1.599634,lote_M,madura,madura,42,2026-04-06T21:25:58.844Z
69d42613684401be334a6833,banana,29,92,1943,1.565788,lote_M,madura,madura,42,2026-04-06T21:30:59.135Z
69d4273e684401be334a6834,banana,29.3,93,1752,1.411868,lote_M,madura,sem risco,,2026-04-06T21:35:58.810Z
69d4286a684401be334a6835,banana,29.3,92,1537,1.238608,lote_M,madura,sem risco,,2026-04-06T21:40:58.996Z
69d42996684401be334a6836,banana,28.9,92,1560,1.257143,lote_M,madura,sem risco,,2026-04-06T21:45:58.827Z
69d42ac2684401be334a6837,banana,28.5,92,1661,1.338535,lote_M,madura,sem risco,,2026-04-06T21:50:58.830Z
69d42bee684401be334a6838,banana,28.5,92,1475,1.188645,lote_M,madura,sem risco,,2026-04-06T21:55:58.867Z
69d42d1a684401be334a6839,banana,28.5,92,1381,1.112894,lote_M,madura,sem risco,,2026-04-06T22:00:58.736Z
69d42e46684401be334a683a,banana,28,90,1382,1.1137,lote_M,madura,sem risco,,2026-04-06T22:05:58.823Z
69d42f72684401be334a683b,banana,28.5,88,1701,1.370769,lote_M,madura,sem risco,,2026-04-06T22:10:58.877Z
69d4309e684401be334a683c,banana,28.5,88,1402,1.129817,lote_M,madura,sem risco,,2026-04-06T22:15:58.956Z
69d431cb684401be334a683d,banana,28.9,91,1483,1.195092,lote_M,madura,sem risco,,2026-04-06T22:20:59.196Z
69d432f6684401be334a683e,banana,28.5,87,1633,1.315971,lote_M,madura,sem risco,,2026-04-06T22:25:58.882Z
69d43422684401be334a683f,banana,28.5,89,1541,1.241832,lote_M,madura,sem risco,,2026-04-06T22:30:58.955Z
69d4354e684401be334a6840,banana,28.9,90,1541,1.241832,lote_M,madura,sem risco,,2026-04-06T22:35:58.788Z
69d4367a684401be334a6841,banana,28.9,87,1774,1.429597,lote_M,madura,sem risco,,2026-04-06T22:40:58.817Z
69d437a7684401be334a6842,banana,28.9,85,1635,1.317582,lote_M,madura,sem risco,,2026-04-06T22:45:59.069Z
69d438d2684401be334a6843,banana,28.9,90,1731,1.394945,lote_M,madura,sem risco,,2026-04-06T22:50:58.999Z
69d439fe684401be334a6844,banana,28.9,89,1446,1.165275,lote_M,madura,sem risco,,2026-04-06T22:55:58.936Z
69d43b2a684401be334a6845,banana,28.9,89,1796,1.447326,lote_M,madura,sem risco,,2026-04-06T23:00:58.928Z
69d43c57684401be334a6846,banana,28.9,85,1498,1.20718,lote_M,madura,sem risco,,2026-04-06T23:05:59.001Z
69d43d82684401be334a6847,banana,28.9,89,1434,1.155604,lote_M,madura,sem risco,,2026-04-06T23:10:58.832Z
69d43eae684401be334a6848,banana,28.5,85,1787,1.440073,lote_M,madura,sem risco,,2026-04-06T23:15:58.971Z
69d43fdb684401be334a6849,banana,28.5,89,2036,1.640733,lote_M,madura,madura,42,2026-04-06T23:20:59.017Z
69d44107684401be334a684a,banana,28.5,91,2076,1.672967,lote_M,madura,madura,42,2026-04-06T23:25:59.037Z
69d44232684401be334a684b,banana,28.9,92,1968,1.585934,lote_M,madura,madura,42,2026-04-06T23:30:58.853Z
69d4435e684401be334a684c,banana,28.9,92,1658,1.336117,lote_M,madura,sem risco,,2026-04-06T23:35:58.994Z
69d4448b684401be334a684d,banana,28.9,92,1680,1.353846,lote_M,madura,sem risco,,2026-04-06T23:40:59.060Z
69d445b6684401be334a684e,banana,28.5,89,2003,1.614139,lote_M,madura,madura,42,2026-04-06T23:45:58.864Z
69d446e3684401be334a684f,banana,28.5,91,2089,1.683443,lote_M,madura,madura,42,2026-04-06T23:50:59.382Z
69d4480f684401be334a6850,banana,28.8,92,2130,1.716483,lote_M,madura,madura,42,2026-04-06T23:55:59.300Z
69d4493b684401be334a6851,banana,28.9,92,2148,1.730989,lote_M,madura,madura,42,2026-04-07T00:00:59.202Z
69d44a67684401be334a6852,banana,28.9,93,2164,1.743883,lote_M,madura,madura,42,2026-04-07T00:05:59.122Z
69d44b92684401be334a6853,banana,28.9,93,2197,1.770476,lote_M,madura,madura,42,2026-04-07T00:10:58.952Z
69d44cbe684401be334a6854,banana,28.9,93,2201,1.7737,lote_M,madura,madura,42,2026-04-07T00:15:58.927Z
69d44deb684401be334a6855,banana,28.9,93,2192,1.766447,lote_M,madura,madura,42,2026-04-07T00:20:59.136Z
69d44f18684401be334a6856,banana,28.9,93,2005,1.615751,lote_M,madura,madura,42,2026-04-07T00:26:00.703Z
69d45042684401be334a6857,banana,28.9,93,1970,1.587546,lote_M,madura,madura,42,2026-04-07T00:30:58.921Z
69d4516f684401be334a6858,banana,28.5,92,2106,1.697143,lote_M,madura,madura,42,2026-04-07T00:35:59.107Z
69d4529b684401be334a6859,banana,28.5,92,1999,1.610916,lote_M,madura,madura,42,2026-04-07T00:40:59.273Z
69d453c8684401be334a685a,banana,28.5,92,2153,1.735018,lote_M,madura,madura,42,2026-04-07T00:46:00.126Z
69d454f3684401be334a685b,banana,28.5,92,2182,1.758388,lote_M,madura,madura,42,2026-04-07T00:50:59.150Z
69d4561f684401be334a685c,banana,28.5,93,2185,1.760806,lote_M,madura,madura,42,2026-04-07T00:55:59.151Z
69d4574b684401be334a685d,banana,28.5,93,2199,1.772088,lote_M,madura,madura,42,2026-04-07T01:00:59.013Z
69d45877684401be334a685e,banana,28.5,93,2182,1.758388,lote_M,madura,madura,42,2026-04-07T01:05:59.172Z
69d459a3684401be334a685f,banana,28.5,93,2135,1.720513,lote_M,madura,madura,42,2026-04-07T01:10:59.276Z
69d45acf684401be334a6860,banana,28.5,93,2158,1.739048,lote_M,madura,madura,42,2026-04-07T01:15:59.218Z
69d45bfb684401be334a6861,banana,28.5,93,2159,1.739854,lote_M,madura,madura,42,2026-04-07T01:20:59.056Z
69d45d27684401be334a6862,banana,28.5,93,2174,1.751941,lote_M,madura,madura,42,2026-04-07T01:25:59.317Z
69d45e53684401be334a6863,banana,28.5,93,1785,1.438462,lote_M,madura,sem risco,,2026-04-07T01:30:59.230Z
69d45f7f684401be334a6864,banana,28.5,93,1710,1.378022,lote_M,madura,sem risco,,2026-04-07T01:35:59.067Z
69d460ab684401be334a6865,banana,28,91,1757,1.415897,lote_M,madura,sem risco,,2026-04-07T01:40:59.093Z
69d461d7684401be334a6866,banana,28,91,1797,1.448132,lote_M,madura,sem risco,,2026-04-07T01:45:59.229Z
69d46303684401be334a6867,banana,28,91,1708,1.37641,lote_M,madura,sem risco,,2026-04-07T01:50:59.067Z
69d4642f684401be334a6868,banana,28,92,1536,1.237802,lote_M,madura,sem risco,,2026-04-07T01:55:59.072Z
69d4655b684401be334a6869,banana,28,91,1731,1.394945,lote_M,madura,sem risco,,2026-04-07T02:00:59.275Z
69d46687684401be334a686a,banana,27.6,92,1944,1.566593,lote_M,madura,madura,42,2026-04-07T02:05:59.277Z
69d467b3684401be334a686b,banana,28,92,2048,1.650403,lote_M,madura,madura,42,2026-04-07T02:10:59.058Z
69d468df684401be334a686c,banana,28,92,2071,1.668938,lote_M,madura,madura,42,2026-04-07T02:15:59.142Z
69d46a0b684401be334a686d,banana,28,92,2079,1.675385,lote_M,madura,madura,42,2026-04-07T02:20:59.280Z
69d46b37684401be334a686e,banana,28.5,93,1781,1.435238,lote_M,madura,sem risco,,2026-04-07T02:25:59.315Z
69d46c63684401be334a686f,banana,28,92,2035,1.639927,lote_M,madura,madura,42,2026-04-07T02:30:59.164Z
69d46d8f684401be334a6870,banana,28,92,1755,1.414286,lote_M,madura,sem risco,,2026-04-07T02:35:59.391Z
69d46ebb684401be334a6871,banana,28,92,1610,1.297436,lote_M,madura,sem risco,,2026-04-07T02:40:59.429Z
69d46fe7684401be334a6872,banana,28,91,1964,1.582711,lote_M,madura,madura,42,2026-04-07T02:45:59.161Z
69d47113684401be334a6873,banana,27.6,92,2065,1.664103,lote_M,madura,madura,42,2026-04-07T02:50:59.156Z
69d4723f684401be334a6874,banana,28,92,2118,1.706813,lote_M,madura,madura,42,2026-04-07T02:55:59.329Z
69d4736b684401be334a6875,banana,28,93,2138,1.72293,lote_M,madura,madura,42,2026-04-07T03:00:59.365Z
69d47497684401be334a6876,banana,28.5,93,2166,1.745494,lote_M,madura,madura,42,2026-04-07T03:05:59.198Z
69d475c3684401be334a6877,banana,28.5,93,2168,1.747106,lote_M,madura,madura,42,2026-04-07T03:10:59.316Z
69d476ef684401be334a6878,banana,28.5,93,2157,1.738242,lote_M,madura,madura,42,2026-04-07T03:15:59.372Z
69d4781b684401be334a6879,banana,28.5,93,1993,1.606081,lote_M,madura,madura,42,2026-04-07T03:20:59.203Z
69d47947684401be334a687a,banana,28.5,93,1923,1.54967,lote_M,madura,madura,42,2026-04-07T03:25:59.451Z
69d47a73684401be334a687b,banana,28,92,1856,1.495678,lote_M,madura,sem risco,,2026-04-07T03:30:59.330Z
69d47b9f684401be334a687c,banana,27.9,93,1866,1.503736,lote_M,madura,sem risco,,2026-04-07T03:35:59.364Z
69d47ccb684401be334a687d,banana,27.6,93,1885,1.519048,lote_M,madura,sem risco,,2026-04-07T03:40:59.253Z
69d47df7684401be334a687e,banana,27.6,93,1867,1.504542,lote_M,madura,sem risco,,2026-04-07T03:45:59.388Z
69d47f23684401be334a687f,banana,27.6,93,1979,1.594799,lote_M,madura,madura,42,2026-04-07T03:50:59.285Z
69d4804f684401be334a6880,banana,27.6,93,2063,1.662491,lote_M,madura,madura,42,2026-04-07T03:55:59.257Z
69d4817b684401be334a6881,banana,27.9,94,2117,1.706007,lote_M,madura,madura,42,2026-04-07T04:00:59.261Z
69d482a7684401be334a6882,banana,28,93,2123,1.710842,lote_M,madura,madura,42,2026-04-07T04:05:59.230Z
69d483d3684401be334a6883,banana,28,93,2123,1.710842,lote_M,madura,madura,42,2026-04-07T04:10:59.362Z
69d484ff684401be334a6884,banana,28,93,2039,1.64315,lote_M,madura,madura,42,2026-04-07T04:15:59.305Z
69d4862b684401be334a6885,banana,28,93,2121,1.709231,lote_M,madura,madura,42,2026-04-07T04:20:59.286Z
69d48757684401be334a6886,banana,28,93,2133,1.718901,lote_M,madura,madura,42,2026-04-07T04:25:59.467Z
69d48883684401be334a6887,banana,28,93,2120,1.708425,lote_M,madura,madura,42,2026-04-07T04:30:59.312Z
69d489af684401be334a6888,banana,28,93,2142,1.726154,lote_M,madura,madura,42,2026-04-07T04:35:59.547Z
69d48adb684401be334a6889,banana,28,93,2038,1.642344,lote_M,madura,madura,42,2026-04-07T04:40:59.262Z
69d48c07684401be334a688a,banana,28,93,2097,1.68989,lote_M,madura,madura,42,2026-04-07T04:45:59.619Z
69d48d33684401be334a688b,banana,28,93,2143,1.72696,lote_M,madura,madura,42,2026-04-07T04:50:59.349Z
69d48e5f684401be334a688c,banana,28,93,2100,1.692308,lote_M,madura,madura,42,2026-04-07T04:55:59.485Z
69d48f8c684401be334a688d,banana,28,93,2129,1.715678,lote_M,madura,madura,42,2026-04-07T05:01:00.142Z
69d490b7684401be334a688e,banana,28,93,2211,1.781758,lote_M,madura,madura,42,2026-04-07T05:05:59.362Z
69d491e3684401be334a688f,banana,28,93,2227,1.794652,lote_M,madura,madura,42,2026-04-07T05:10:59.345Z
69d4930f684401be334a6890,banana,28,93,2217,1.786593,lote_M,madura,madura,42,2026-04-07T05:15:59.525Z
69d4943b684401be334a6891,banana,28,93,2108,1.698755,lote_M,madura,madura,42,2026-04-07T05:20:59.534Z
69d49568684401be334a6892,banana,28,93,2028,1.634286,lote_M,madura,madura,42,2026-04-07T05:26:00.521Z
69d49693684401be334a6893,banana,28,93,2075,1.672161,lote_M,madura,madura,42,2026-04-07T05:30:59.529Z
69d497bf684401be334a6894,banana,27.6,94,2173,1.751136,lote_M,madura,madura,42,2026-04-07T05:35:59.519Z
69d498eb684401be334a6895,banana,27.6,94,2195,1.768865,lote_M,madura,madura,42,2026-04-07T05:40:59.400Z
69d49a17684401be334a6896,banana,28,93,2211,1.781758,lote_M,madura,madura,42,2026-04-07T05:45:59.535Z
69d49b43684401be334a6897,banana,28,93,2218,1.787399,lote_M,madura,madura,42,2026-04-07T05:50:59.536Z
69d49c6f684401be334a6898,banana,28,93,2191,1.765641,lote_M,madura,madura,42,2026-04-07T05:55:59.558Z
69d49d9b684401be334a6899,banana,28,93,2169,1.747912,lote_M,madura,madura,42,2026-04-07T06:00:59.390Z
69d49ec7684401be334a689a,banana,28,93,2198,1.771282,lote_M,madura,madura,42,2026-04-07T06:05:59.530Z
69d49ff3684401be334a689b,banana,28,93,2195,1.768865,lote_M,madura,madura,42,2026-04-07T06:10:59.722Z
69d4a11f684401be334a689c,banana,28,93,2198,1.771282,lote_M,madura,madura,42,2026-04-07T06:15:59.451Z
69d4a24b684401be334a689d,banana,28,93,2170,1.748718,lote_M,madura,madura,42,2026-04-07T06:20:59.466Z
69d4a377684401be334a689e,banana,28,93,2194,1.768059,lote_M,madura,madura,42,2026-04-07T06:25:59.731Z
69d4a4a3684401be334a689f,banana,28,93,2172,1.75033,lote_M,madura,madura,42,2026-04-07T06:30:59.627Z
69d4a5cf684401be334a68a0,banana,28,93,2153,1.735018,lote_M,madura,madura,42,2026-04-07T06:35:59.592Z
69d4a6fb684401be334a68a1,banana,28,93,2158,1.739048,lote_M,madura,madura,42,2026-04-07T06:40:59.541Z
69d4a827684401be334a68a2,banana,27.6,94,2170,1.748718,lote_M,madura,madura,42,2026-04-07T06:45:59.672Z
69d4a953684401be334a68a3,banana,27.6,94,2151,1.733407,lote_M,madura,madura,42,2026-04-07T06:50:59.704Z
69d4aa7f684401be334a68a4,banana,27.6,94,2168,1.747106,lote_M,madura,madura,42,2026-04-07T06:55:59.541Z
69d4abab684401be334a68a5,banana,27.6,94,2153,1.735018,lote_M,madura,madura,42,2026-04-07T07:00:59.574Z
69d4acd7684401be334a68a6,banana,27.6,94,2166,1.745494,lote_M,madura,madura,42,2026-04-07T07:05:59.619Z
69d4ae03684401be334a68a7,banana,27.6,94,2175,1.752747,lote_M,madura,madura,42,2026-04-07T07:10:59.509Z
69d4af2f684401be334a68a8,banana,27.6,94,2181,1.757582,lote_M,madura,madura,42,2026-04-07T07:15:59.752Z
69d4b05b684401be334a68a9,banana,27.6,94,2181,1.757582,lote_M,madura,madura,42,2026-04-07T07:20:59.687Z
69d4b187684401be334a68aa,banana,27.6,94,2181,1.757582,lote_M,madura,madura,42,2026-04-07T07:25:59.722Z
69d4b2b3684401be334a68ab,banana,27.6,94,2183,1.759194,lote_M,madura,madura,42,2026-04-07T07:30:59.591Z
69d4b3df684401be334a68ac,banana,27.6,94,2184,1.76,lote_M,madura,madura,42,2026-04-07T07:35:59.679Z
69d4b50b684401be334a68ad,banana,27.6,94,2175,1.752747,lote_M,madura,madura,42,2026-04-07T07:40:59.711Z
69d4b637684401be334a68ae,banana,27.6,94,2176,1.753553,lote_M,madura,madura,42,2026-04-07T07:45:59.574Z
69d4b763684401be334a68af,banana,27.6,94,2170,1.748718,lote_M,madura,madura,42,2026-04-07T07:50:59.729Z
69d4b88f684401be334a68b0,banana,27.6,94,2150,1.732601,lote_M,madura,madura,42,2026-04-07T07:55:59.768Z
69d4b9bb684401be334a68b1,banana,27.6,94,2163,1.743077,lote_M,madura,madura,42,2026-04-07T08:00:59.604Z
69d4bae7684401be334a68b2,banana,27.6,94,2171,1.749524,lote_M,madura,madura,42,2026-04-07T08:05:59.639Z
69d4bc13684401be334a68b3,banana,27.6,94,2172,1.75033,lote_M,madura,madura,42,2026-04-07T08:10:59.776Z
69d4bd3f684401be334a68b4,banana,27.6,94,2172,1.75033,lote_M,madura,madura,42,2026-04-07T08:15:59.814Z
69d4be6b684401be334a68b5,banana,27.6,94,2161,1.741465,lote_M,madura,madura,42,2026-04-07T08:20:59.640Z
69d4bf97684401be334a68b6,banana,27.6,94,2154,1.735824,lote_M,madura,madura,42,2026-04-07T08:25:59.779Z
69d4c0c3684401be334a68b7,banana,27.6,94,2152,1.734212,lote_M,madura,madura,42,2026-04-07T08:30:59.818Z
69d4c1ef684401be334a68b8,banana,27.6,94,2146,1.729377,lote_M,madura,madura,42,2026-04-07T08:35:59.908Z
69d4c31b684401be334a68b9,banana,27.2,94,2115,1.704396,lote_M,madura,madura,42,2026-04-07T08:40:59.670Z
69d4c447684401be334a68ba,banana,27.1,94,2107,1.697949,lote_M,madura,madura,42,2026-04-07T08:45:59.785Z
69d4c573684401be334a68bb,banana,27.1,94,2126,1.71326,lote_M,madura,madura,42,2026-04-07T08:50:59.864Z
69d4c69f684401be334a68bc,banana,27.1,94,2138,1.72293,lote_M,madura,madura,42,2026-04-07T08:55:59.897Z
69d4c7cb684401be334a68bd,banana,27.1,94,2125,1.712454,lote_M,madura,madura,42,2026-04-07T09:00:59.731Z
69d4c8f7684401be334a68be,banana,27.1,94,2129,1.715678,lote_M,madura,madura,42,2026-04-07T09:05:59.867Z
69d4ca24684401be334a68bf,banana,27.1,94,2138,1.72293,lote_M,madura,madura,42,2026-04-07T09:11:00.029Z
69d4cb4f684401be334a68c0,banana,27.1,94,2130,1.716483,lote_M,madura,madura,42,2026-04-07T09:15:59.697Z
69d4cc7b684401be334a68c1,banana,27.1,94,2136,1.721319,lote_M,madura,madura,42,2026-04-07T09:20:59.729Z
69d4cda7684401be334a68c2,banana,27.1,94,2128,1.714872,lote_M,madura,madura,42,2026-04-07T09:25:59.886Z
69d4ced3684401be334a68c3,banana,27.1,94,2137,1.722125,lote_M,madura,madura,42,2026-04-07T09:30:59.951Z
69d4cfff684401be334a68c4,banana,27.1,94,2135,1.720513,lote_M,madura,madura,42,2026-04-07T09:35:59.995Z
69d4d12d684401be334a68c5,banana,27.1,94,2142,1.726154,lote_M,madura,madura,42,2026-04-07T09:41:01.563Z
69d4d257684401be334a68c6,banana,27.1,94,2141,1.725348,lote_M,madura,madura,42,2026-04-07T09:45:59.711Z
69d4d383684401be334a68c7,banana,27.1,94,2147,1.730183,lote_M,madura,madura,42,2026-04-07T09:50:59.787Z
69d4d4b0684401be334a68c8,banana,27.1,94,2152,1.734212,lote_M,madura,madura,42,2026-04-07T09:56:00.438Z
69d4d5db684401be334a68c9,banana,27.1,94,2149,1.731795,lote_M,madura,madura,42,2026-04-07T10:00:59.766Z
69d4d707684401be334a68ca,banana,27.1,94,2147,1.730183,lote_M,madura,madura,42,2026-04-07T10:05:59.784Z
69d4d834684401be334a68cb,banana,27.1,94,2141,1.725348,lote_M,madura,madura,42,2026-04-07T10:11:00.043Z
69d4d95f684401be334a68cc,banana,27.1,94,2125,1.712454,lote_M,madura,madura,42,2026-04-07T10:15:59.866Z
69d4da8c684401be334a68cd,banana,27.1,94,2142,1.726154,lote_M,madura,madura,42,2026-04-07T10:21:00.005Z
69d4dbb7684401be334a68ce,banana,27.1,94,2152,1.734212,lote_M,madura,madura,42,2026-04-07T10:25:59.791Z
69d4dce3684401be334a68cf,banana,27.1,94,2160,1.740659,lote_M,madura,madura,42,2026-04-07T10:30:59.798Z
69d4de0f684401be334a68d0,banana,27.1,94,2166,1.745494,lote_M,madura,madura,42,2026-04-07T10:35:59.816Z
69d4df3b684401be334a68d1,banana,27.1,94,2160,1.740659,lote_M,madura,madura,42,2026-04-07T10:40:59.844Z
69d4e067684401be334a68d2,banana,27.4,94,2147,1.730183,lote_M,madura,madura,42,2026-04-07T10:45:59.806Z
69d4e193684401be334a68d3,banana,27.2,94,2160,1.740659,lote_M,madura,madura,42,2026-04-07T10:50:59.928Z
69d4e2bf684401be334a68d4,banana,27.2,94,2165,1.744689,lote_M,madura,madura,42,2026-04-07T10:55:59.957Z
69d4e3eb684401be334a68d5,banana,27.6,94,2163,1.743077,lote_M,madura,madura,42,2026-04-07T11:00:59.896Z
69d4e517684401be334a68d6,banana,27.6,94,2168,1.747106,lote_M,madura,madura,42,2026-04-07T11:05:59.931Z
69d4e643684401be334a68d7,banana,27.6,94,2170,1.748718,lote_M,madura,madura,42,2026-04-07T11:10:59.965Z
69d4e76f684401be334a68d8,banana,27.6,94,2172,1.75033,lote_M,madura,madura,42,2026-04-07T11:15:59.874Z
69d4e89b684401be334a68d9,banana,27.6,94,2165,1.744689,lote_M,madura,madura,42,2026-04-07T11:20:59.871Z
69d4e9c7684401be334a68da,banana,27.6,94,2166,1.745494,lote_M,madura,madura,42,2026-04-07T11:25:59.941Z
69d4eaf3684401be334a68db,banana,27.6,94,2166,1.745494,lote_M,madura,madura,42,2026-04-07T11:30:59.905Z
69d4ec1f684401be334a68dc,banana,27.6,94,2165,1.744689,lote_M,madura,madura,42,2026-04-07T11:35:59.948Z
69d4ed4b684401be334a68dd,banana,27.6,94,2167,1.7463,lote_M,madura,madura,42,2026-04-07T11:40:59.897Z
69d4ee77684401be334a68de,banana,27.6,94,2174,1.751941,lote_M,madura,madura,42,2026-04-07T11:45:59.908Z
69d4efa3684401be334a68df,banana,27.6,94,2173,1.751136,lote_M,madura,madura,42,2026-04-07T11:50:59.953Z
69d4f0cf684401be334a68e0,banana,27.6,94,2169,1.747912,lote_M,madura,madura,42,2026-04-07T11:55:59.993Z
69d4f1fc684401be334a68e1,banana,27.6,94,2184,1.76,lote_M,madura,madura,42,2026-04-07T12:01:00.022Z
69d4f327684401be334a68e2,banana,27.6,94,2182,1.758388,lote_M,madura,madura,42,2026-04-07T12:05:59.953Z
69d4f453684401be334a68e3,banana,28,93,2182,1.758388,lote_M,madura,madura,42,2026-04-07T12:10:59.963Z
69d4f580684401be334a68e4,banana,28,93,2200,1.772894,lote_M,madura,madura,42,2026-04-07T12:16:00.027Z
69d4f6ac684401be334a68e5,banana,28,93,2209,1.780146,lote_M,madura,madura,42,2026-04-07T12:21:00.167Z
69d4f7d7684401be334a68e6,banana,28,93,2211,1.781758,lote_M,madura,madura,42,2026-04-07T12:25:59.956Z
69d4f904684401be334a68e7,banana,28,93,2213,1.78337,lote_M,madura,madura,42,2026-04-07T12:31:00.043Z
69d4fa30684401be334a68e8,banana,28,93,2227,1.794652,lote_M,madura,madura,42,2026-04-07T12:36:00.004Z
69d4fb5c684401be334a68e9,banana,28,93,2231,1.797875,lote_M,madura,madura,42,2026-04-07T12:41:00.004Z
69d4fc87684401be334a68ea,banana,28,93,2217,1.786593,lote_M,madura,madura,42,2026-04-07T12:45:59.987Z
69d4fdb4684401be334a68eb,banana,28,93,2224,1.792234,lote_M,madura,madura,42,2026-04-07T12:51:00.074Z
69d4fee0684401be334a68ec,banana,28.1,93,2232,1.798681,lote_M,madura,madura,42,2026-04-07T12:56:00.016Z
69d5000c684401be334a68ed,banana,28.5,93,2240,1.805128,lote_M,madura,madura,42,2026-04-07T13:01:00.069Z
69d50138684401be334a68ee,banana,28.5,93,2248,1.811575,lote_M,madura,madura,42,2026-04-07T13:06:00.104Z
69d50264684401be334a68ef,banana,28.5,93,2253,1.815604,lote_M,madura,madura,42,2026-04-07T13:11:00.135Z
69d50390684401be334a68f0,banana,28.5,93,2265,1.825275,lote_M,madura,madura,42,2026-04-07T13:16:00.175Z
69d504bc684401be334a68f1,banana,28.5,93,2253,1.815604,lote_M,madura,madura,42,2026-04-07T13:21:00.099Z
69d505e8684401be334a68f2,banana,28.5,93,2260,1.821245,lote_M,madura,madura,42,2026-04-07T13:26:00.232Z
69d50714684401be334a68f3,banana,28.5,93,2247,1.810769,lote_M,madura,madura,42,2026-04-07T13:31:00.095Z
69d50840684401be334a68f4,banana,28.5,93,2247,1.810769,lote_M,madura,madura,42,2026-04-07T13:36:00.097Z
69d5096c684401be334a68f5,banana,28.5,93,2263,1.823663,lote_M,madura,madura,42,2026-04-07T13:41:00.156Z
69d50a98684401be334a68f6,banana,28.9,93,2272,1.830916,lote_M,madura,madura,42,2026-04-07T13:46:00.080Z
69d50bc4684401be334a68f7,banana,28.9,93,2282,1.838974,lote_M,madura,madura,42,2026-04-07T13:51:00.107Z
69d50cf0684401be334a68f8,banana,28.9,93,2273,1.831722,lote_M,madura,madura,42,2026-04-07T13:56:00.124Z
69d50e1c684401be334a68f9,banana,28.9,93,2286,1.842198,lote_M,madura,madura,42,2026-04-07T14:01:00.174Z
69d50f48684401be334a68fa,banana,28.9,93,2277,1.834945,lote_M,madura,madura,42,2026-04-07T14:06:00.101Z
69d51074684401be334a68fb,banana,28.9,93,2291,1.846227,lote_M,madura,madura,42,2026-04-07T14:11:00.148Z
69d511a0684401be334a68fc,banana,28.9,93,2304,1.856703,lote_M,madura,madura,42,2026-04-07T14:16:00.132Z
69d512cc684401be334a68fd,banana,29.3,93,2321,1.870403,lote_M,madura,madura,42,2026-04-07T14:21:00.135Z
69d513f8684401be334a68fe,banana,29.3,93,2325,1.873626,lote_M,madura,madura,42,2026-04-07T14:26:00.128Z
69d51524684401be334a68ff,banana,29.3,93,2324,1.87282,lote_M,madura,madura,42,2026-04-07T14:31:00.159Z
69d51650684401be334a6900,banana,29.3,93,2333,1.880073,lote_M,madura,madura,42,2026-04-07T14:36:00.176Z
69d5177c684401be334a6901,banana,29.8,92,2345,1.889744,lote_M,madura,madura,42,2026-04-07T14:41:00.193Z
69d518a8684401be334a6902,banana,29.8,92,2338,1.884103,lote_M,madura,madura,42,2026-04-07T14:46:00.503Z
69d519d4684401be334a6903,banana,29.8,92,2332,1.879267,lote_M,madura,madura,42,2026-04-07T14:51:00.170Z
69d51b00684401be334a6904,banana,29.8,92,2342,1.887326,lote_M,madura,madura,42,2026-04-07T14:56:00.434Z
69d51c2c684401be334a6905,banana,30.2,91,2269,1.828498,lote_M,madura,madura,42,2026-04-07T15:01:00.407Z
69d51d58684401be334a6906,banana,30.2,91,2251,1.813993,lote_M,madura,madura,42,2026-04-07T15:06:00.248Z
69d51e84684401be334a6907,banana,30.2,91,2223,1.791429,lote_M,madura,madura,42,2026-04-07T15:11:00.389Z
69d51fb3684401be334a6908,banana,30.2,91,2185,1.760806,lote_M,madura,madura,42,2026-04-07T15:16:03.611Z
69d520dc684401be334a6909,banana,30.2,91,2188,1.763223,lote_M,madura,madura,42,2026-04-07T15:21:00.715Z
69d52208684401be334a690a,banana,30.2,91,2187,1.762418,lote_M,madura,madura,42,2026-04-07T15:26:00.315Z
69d52334684401be334a690b,banana,30.8,91,2231,1.797875,lote_M,madura,madura,42,2026-04-07T15:31:00.538Z
69d52460684401be334a690c,banana,30.8,91,2260,1.821245,lote_M,madura,madura,42,2026-04-07T15:36:00.460Z
69d526b8684401be334a690d,banana,30.8,91,2272,1.830916,lote_M,madura,madura,42,2026-04-07T15:46:00.658Z
69d527e4684401be334a690e,banana,30.8,91,2282,1.838974,lote_M,madura,madura,42,2026-04-07T15:51:00.444Z
69d52910684401be334a690f,banana,30.8,91,2289,1.844615,lote_M,madura,madura,42,2026-04-07T15:56:00.609Z
69d52a3c684401be334a6910,banana,30.8,91,2300,1.85348,lote_M,madura,madura,42,2026-04-07T16:01:00.304Z
69d52b68684401be334a6911,banana,30.9,91,2303,1.855897,lote_M,madura,madura,42,2026-04-07T16:06:00.479Z
69d52c94684401be334a6912,banana,31.3,91,2321,1.870403,lote_M,madura,madura,42,2026-04-07T16:11:00.511Z
69d52dc0684401be334a6913,banana,31.3,91,2306,1.858315,lote_M,madura,madura,42,2026-04-07T16:16:00.332Z
69d52eec684401be334a6914,banana,31.3,91,2294,1.848645,lote_M,madura,madura,42,2026-04-07T16:21:00.383Z
69d53018684401be334a6915,banana,31.3,91,2290,1.845421,lote_M,madura,madura,42,2026-04-07T16:26:00.473Z
69d53144684401be334a6916,banana,31.3,91,2267,1.826886,lote_M,madura,madura,42,2026-04-07T16:31:00.687Z
69d53270684401be334a6917,banana,31.3,91,2243,1.807546,lote_M,madura,madura,42,2026-04-07T16:36:00.355Z
69d5339c684401be334a6918,banana,31.3,91,2260,1.821245,lote_M,madura,madura,42,2026-04-07T16:41:00.733Z
69d534c8684401be334a6919,banana,31.3,91,2228,1.795458,lote_M,madura,madura,42,2026-04-07T16:46:00.459Z
69d535f4684401be334a691a,banana,31.3,91,2204,1.776117,lote_M,madura,madura,42,2026-04-07T16:51:00.595Z
69d53720684401be334a691b,banana,31.3,91,2221,1.789817,lote_M,madura,madura,42,2026-04-07T16:56:00.457Z
69d5384c684401be334a691c,banana,31.3,91,2219,1.788205,lote_M,madura,madura,42,2026-04-07T17:01:00.358Z
69d53978684401be334a691d,banana,31.3,91,2143,1.72696,lote_M,madura,madura,42,2026-04-07T17:06:00.521Z
69d53aa4684401be334a691e,banana,31.3,91,2162,1.742271,lote_M,madura,madura,42,2026-04-07T17:11:00.524Z
69d53bd0684401be334a691f,banana,31.3,91,2025,1.631868,lote_M,madura,madura,42,2026-04-07T17:16:00.796Z
69d53cfc684401be334a6920,banana,31.3,91,1959,1.578681,lote_M,madura,madura,42,2026-04-07T17:21:00.407Z
69d53e28684401be334a6921,banana,31.3,91,2043,1.646374,lote_M,madura,madura,42,2026-04-07T17:26:00.396Z
69d53f54684401be334a6922,banana,30.8,91,2136,1.721319,lote_M,madura,madura,42,2026-04-07T17:31:00.482Z
69d54080684401be334a6923,banana,30.8,91,2218,1.787399,lote_M,madura,madura,42,2026-04-07T17:36:00.458Z
69d541ac684401be334a6924,banana,30.8,92,2264,1.824469,lote_M,madura,madura,42,2026-04-07T17:41:00.395Z
69d542d8684401be334a6925,banana,31.3,92,2284,1.840586,lote_M,madura,madura,42,2026-04-07T17:46:00.485Z
69d54404684401be334a6926,banana,31.3,92,2244,1.808352,lote_M,madura,madura,42,2026-04-07T17:51:00.517Z
69d54530684401be334a6927,banana,31.3,92,2241,1.805934,lote_M,madura,madura,42,2026-04-07T17:56:00.458Z
69d5465c684401be334a6928,banana,31.3,92,2241,1.805934,lote_M,madura,madura,42,2026-04-07T18:01:00.424Z
69d54788684401be334a6929,banana,31.3,92,2243,1.807546,lote_M,madura,madura,42,2026-04-07T18:06:00.628Z
69d548b4684401be334a692a,banana,31.3,92,2233,1.799487,lote_M,madura,madura,42,2026-04-07T18:11:00.454Z
69d549e0684401be334a692b,banana,31.3,92,2243,1.807546,lote_M,madura,madura,42,2026-04-07T18:16:00.493Z
69d54b0c684401be334a692c,banana,30.8,92,2219,1.788205,lote_M,madura,madura,42,2026-04-07T18:21:00.541Z
69d54c38684401be334a692d,banana,30.8,92,2210,1.780952,lote_M,madura,madura,42,2026-04-07T18:26:00.486Z
69d54d64684401be334a692e,banana,30.8,92,2222,1.790623,lote_M,madura,madura,42,2026-04-07T18:31:00.621Z
69d54e90684401be334a692f,banana,30.8,92,2210,1.780952,lote_M,madura,madura,42,2026-04-07T18:36:00.632Z
69d54fbc684401be334a6930,banana,30.8,93,2203,1.775311,lote_M,madura,madura,42,2026-04-07T18:41:00.639Z
69d550e8684401be334a6931,banana,30.2,93,2207,1.778535,lote_M,madura,madura,42,2026-04-07T18:46:00.729Z
69d55214684401be334a6932,banana,30.2,93,2201,1.7737,lote_M,madura,madura,42,2026-04-07T18:51:00.760Z
69d55340684401be334a6933,banana,30.2,93,2215,1.784982,lote_M,madura,madura,42,2026-04-07T18:56:00.590Z
69d5546c684401be334a6934,banana,30.2,93,2204,1.776117,lote_M,madura,madura,42,2026-04-07T19:01:00.727Z
69d55598684401be334a6935,banana,30.2,93,2191,1.765641,lote_M,madura,madura,42,2026-04-07T19:06:00.739Z
69d556c4684401be334a6936,banana,30.2,93,2185,1.760806,lote_M,madura,madura,42,2026-04-07T19:11:00.594Z
69d557f0684401be334a6937,banana,30.2,93,2190,1.764835,lote_M,madura,madura,42,2026-04-07T19:16:00.642Z
69d5591c684401be334a6938,banana,30.2,93,2185,1.760806,lote_M,madura,madura,42,2026-04-07T19:21:00.778Z
69d55a48684401be334a6939,banana,30.2,93,2199,1.772088,lote_M,madura,madura,42,2026-04-07T19:26:00.872Z
69d55b74684401be334a693a,banana,29.8,94,2191,1.765641,lote_M,madura,madura,42,2026-04-07T19:31:00.734Z
69d55ca0684401be334a693b,banana,29.8,94,2179,1.755971,lote_M,madura,madura,42,2026-04-07T19:36:00.772Z
69d55dcd684401be334a693c,banana,29.8,94,2173,1.751136,lote_M,madura,madura,42,2026-04-07T19:41:01.012Z
69d55ef8684401be334a693d,banana,29.8,94,2161,1.741465,lote_M,madura,madura,42,2026-04-07T19:46:00.605Z
69d56027684401be334a693e,banana,29.8,94,2147,1.730183,lote_M,madura,madura,42,2026-04-07T19:51:03.354Z
69d56150684401be334a693f,banana,29.8,94,2170,1.748718,lote_M,madura,madura,42,2026-04-07T19:56:00.825Z
69d56280684401be334a6940,banana,29.8,94,2161,1.741465,lote_M,madura,madura,42,2026-04-07T20:01:04.237Z
69d563a8684401be334a6941,banana,29.8,94,2162,1.742271,lote_M,madura,madura,42,2026-04-07T20:06:00.709Z
69d564d8684401be334a6942,banana,29.8,94,2142,1.726154,lote_M,madura,madura,42,2026-04-07T20:11:04.057Z
69d56600684401be334a6943,banana,29.8,94,2273,1.831722,lote_M,madura,madura,42,2026-04-07T20:16:00.863Z
69d5672d684401be334a6944,banana,29.3,94,2259,1.82044,lote_M,madura,madura,42,2026-04-07T20:21:01.511Z
69d56858684401be334a6945,banana,29.3,94,2236,1.801905,lote_M,madura,madura,42,2026-04-07T20:26:00.726Z
69d56984684401be334a6946,banana,29.3,94,2375,1.913919,lote_M,madura,madura,42,2026-04-07T20:31:00.972Z
69d56ab3684401be334a6947,banana,29.3,94,2376,1.914725,lote_M,madura,madura,42,2026-04-07T20:36:03.936Z
69d56bdc684401be334a6948,banana,29.3,94,2374,1.913114,lote_M,madura,madura,42,2026-04-07T20:41:00.954Z
69d56d0b684401be334a6949,banana,29.3,94,2365,1.905861,lote_M,madura,madura,42,2026-04-07T20:46:03.763Z
69d56e34684401be334a694a,banana,29.4,94,2353,1.896191,lote_M,madura,madura,42,2026-04-07T20:51:00.913Z
69d56f60684401be334a694b,banana,29.3,94,2354,1.896996,lote_M,madura,madura,42,2026-04-07T20:56:00.869Z
69d5708c684401be334a694c,banana,29.4,94,2354,1.896996,lote_M,madura,madura,42,2026-04-07T21:01:00.901Z
69d571b8684401be334a694d,banana,29.3,94,2356,1.898608,lote_M,madura,madura,42,2026-04-07T21:06:00.830Z
69d572e4684401be334a694e,banana,29.4,94,2365,1.905861,lote_M,madura,madura,42,2026-04-07T21:11:00.860Z
69d57411684401be334a694f,banana,29.4,94,2361,1.902637,lote_M,madura,madura,42,2026-04-07T21:16:01.151Z
69d5753d684401be334a6950,banana,29.8,94,2362,1.903443,lote_M,madura,madura,42,2026-04-07T21:21:01.026Z
69d57669684401be334a6951,banana,29.8,94,2362,1.903443,lote_M,madura,madura,42,2026-04-07T21:26:01.575Z
69d57795684401be334a6952,banana,29.8,94,2357,1.899414,lote_M,madura,madura,42,2026-04-07T21:31:01.005Z
69d578c0684401be334a6953,banana,29.8,94,2356,1.898608,lote_M,madura,madura,42,2026-04-07T21:36:00.931Z
69d579ec684401be334a6954,banana,29.8,94,2352,1.895385,lote_M,madura,madura,42,2026-04-07T21:41:00.874Z
69d57b1c684401be334a6955,banana,29.8,94,2338,1.884103,lote_M,madura,madura,42,2026-04-07T21:46:04.099Z
69d57c45684401be334a6956,banana,29.4,94,2340,1.885714,lote_M,madura,madura,42,2026-04-07T21:51:01.448Z
69d57d70684401be334a6957,banana,29.3,94,2330,1.877656,lote_M,madura,madura,42,2026-04-07T21:56:00.869Z
69d57e9c684401be334a6958,banana,29.3,94,2330,1.877656,lote_M,madura,madura,42,2026-04-07T22:01:00.914Z
69d57fcb684401be334a6959,banana,29.3,94,2326,1.874432,lote_M,madura,madura,42,2026-04-07T22:06:03.917Z
69d580f4684401be334a695a,banana,29.3,94,2320,1.869597,lote_M,madura,madura,42,2026-04-07T22:11:00.877Z
69d58221684401be334a695b,banana,29.3,94,2320,1.869597,lote_M,madura,madura,42,2026-04-07T22:16:01.375Z
69d5834d684401be334a695c,banana,29.3,94,2319,1.868791,lote_M,madura,madura,42,2026-04-07T22:21:01.155Z
69d58478684401be334a695d,banana,29.3,94,2322,1.871209,lote_M,madura,madura,42,2026-04-07T22:26:00.928Z
69d585a7684401be334a695e,banana,29.3,94,2320,1.869597,lote_M,madura,madura,42,2026-04-07T22:31:03.912Z
69d586d1684401be334a695f,banana,29.3,94,2319,1.868791,lote_M,madura,madura,42,2026-04-07T22:36:01.126Z
69d58800684401be334a6960,banana,29.3,94,2315,1.865568,lote_M,madura,madura,42,2026-04-07T22:41:04.173Z
69d58929684401be334a6961,banana,29.3,94,2318,1.867985,lote_M,madura,madura,42,2026-04-07T22:46:01.150Z
69d58a5b684401be334a6962,banana,29.3,94,2316,1.866374,lote_M,madura,madura,42,2026-04-07T22:51:07.256Z
69d58b81684401be334a6963,banana,29.3,94,2317,1.86718,lote_M,madura,madura,42,2026-04-07T22:56:01.074Z
69d58cad684401be334a6964,banana,29.3,94,2314,1.864762,lote_M,madura,madura,42,2026-04-07T23:01:01.124Z
69d58dd9684401be334a6965,banana,29.3,94,2317,1.86718,lote_M,madura,madura,42,2026-04-07T23:06:01.092Z
69d58f05684401be334a6966,banana,29.3,94,2313,1.863956,lote_M,madura,madura,42,2026-04-07T23:11:01.228Z
69d59031684401be334a6967,banana,29.3,94,2313,1.863956,lote_M,madura,madura,42,2026-04-07T23:16:01.263Z
69d5915d684401be334a6968,banana,29.3,94,2307,1.859121,lote_M,madura,madura,42,2026-04-07T23:21:01.188Z
69d59289684401be334a6969,banana,28.9,94,2303,1.855897,lote_M,madura,madura,42,2026-04-07T23:26:01.080Z
69d593b5684401be334a696a,banana,28.9,94,2298,1.851868,lote_M,madura,madura,42,2026-04-07T23:31:01.375Z
69d594e1684401be334a696b,banana,28.9,94,2279,1.836557,lote_M,madura,madura,42,2026-04-07T23:36:01.306Z
69d5960d684401be334a696c,banana,28.9,94,2284,1.840586,lote_M,madura,madura,42,2026-04-07T23:41:01.030Z
69d59739684401be334a696d,banana,28.9,94,2287,1.843004,lote_M,madura,madura,42,2026-04-07T23:46:01.055Z
69d59868684401be334a696e,banana,28.9,94,2287,1.843004,lote_M,madura,madura,42,2026-04-07T23:51:04.380Z
69d59991684401be334a696f,banana,28.9,94,2282,1.838974,lote_M,madura,madura,42,2026-04-07T23:56:01.010Z
69d59abd684401be334a6970,banana,28.9,94,2282,1.838974,lote_M,madura,madura,42,2026-04-08T00:01:01.060Z
69d59be9684401be334a6971,banana,28.9,94,2284,1.840586,lote_M,madura,madura,42,2026-04-08T00:06:01.275Z
69d59d15684401be334a6972,banana,28.9,94,2278,1.835751,lote_M,madura,madura,42,2026-04-08T00:11:01.339Z
69d59e41684401be334a6973,banana,28.9,94,2279,1.836557,lote_M,madura,madura,42,2026-04-08T00:16:01.174Z
69d59f6d684401be334a6974,banana,28.9,94,2281,1.838169,lote_M,madura,madura,42,2026-04-08T00:21:01.062Z
69d5a099684401be334a6975,banana,28.9,94,2278,1.835751,lote_M,madura,madura,42,2026-04-08T00:26:01.144Z
69d5a1c5684401be334a6976,banana,28.9,94,2271,1.83011,lote_M,madura,madura,42,2026-04-08T00:31:01.092Z
69d5a2f1684401be334a6977,banana,28.9,94,2272,1.830916,lote_M,madura,madura,42,2026-04-08T00:36:01.034Z
69d5a41d684401be334a6978,banana,28.9,94,2272,1.830916,lote_M,madura,madura,42,2026-04-08T00:41:01.257Z
69d5a549684401be334a6979,banana,28.9,94,2270,1.829304,lote_M,madura,madura,42,2026-04-08T00:46:01.236Z
69d5a675684401be334a697a,banana,28.9,94,2270,1.829304,lote_M,madura,madura,42,2026-04-08T00:51:01.220Z
69d5a7a1684401be334a697b,banana,28.9,94,2271,1.83011,lote_M,madura,madura,42,2026-04-08T00:56:01.275Z
69d5a8cd684401be334a697c,banana,28.9,94,2273,1.831722,lote_M,madura,madura,42,2026-04-08T01:01:01.882Z
69d5a9f9684401be334a697d,banana,28.9,94,2268,1.827692,lote_M,madura,madura,42,2026-04-08T01:06:01.132Z
69d5ab25684401be334a697e,banana,28.9,94,2263,1.823663,lote_M,madura,madura,42,2026-04-08T01:11:01.165Z
69d5ac51684401be334a697f,banana,28.5,94,2270,1.829304,lote_M,madura,madura,42,2026-04-08T01:16:01.303Z
69d5ad7d684401be334a6980,banana,28.5,94,2328,1.876044,lote_M,madura,madura,42,2026-04-08T01:21:01.314Z
69d5aea9684401be334a6981,banana,28.5,94,2348,1.892161,lote_M,madura,madura,42,2026-04-08T01:26:01.179Z
69d5afd5684401be334a6982,banana,28.5,94,2343,1.888132,lote_M,madura,madura,42,2026-04-08T01:31:01.310Z
69d5b101684401be334a6983,banana,28.5,94,2343,1.888132,lote_M,madura,madura,42,2026-04-08T01:36:01.353Z
69d5b22d684401be334a6984,banana,28.5,94,2342,1.887326,lote_M,madura,madura,42,2026-04-08T01:41:01.484Z
69d5b359684401be334a6985,banana,28.9,94,2335,1.881685,lote_M,madura,madura,42,2026-04-08T01:46:01.220Z
69d5b485684401be334a6986,banana,28.9,94,2331,1.878461,lote_M,madura,madura,42,2026-04-08T01:51:01.354Z
69d5b5b2684401be334a6987,banana,28.6,94,2325,1.873626,lote_M,madura,madura,42,2026-04-08T01:56:02.128Z
69d5b6dd684401be334a6988,banana,28.5,94,2323,1.872015,lote_M,madura,madura,42,2026-04-08T02:01:01.228Z
69d5b809684401be334a6989,banana,28.5,94,2324,1.87282,lote_M,madura,madura,42,2026-04-08T02:06:01.330Z
69d5b935684401be334a698a,banana,28.5,94,2320,1.869597,lote_M,madura,madura,42,2026-04-08T02:11:01.192Z
69d5ba61684401be334a698b,banana,28.5,94,2321,1.870403,lote_M,madura,madura,42,2026-04-08T02:16:01.435Z
69d5bb8d684401be334a698c,banana,28.5,94,2322,1.871209,lote_M,madura,madura,42,2026-04-08T02:21:01.267Z
69d5bcb9684401be334a698d,banana,28.5,94,2321,1.870403,lote_M,madura,madura,42,2026-04-08T02:26:01.408Z
69d5bde8684401be334a698e,banana,28.5,94,2316,1.866374,lote_M,madura,madura,42,2026-04-08T02:31:04.370Z
69d5bf11684401be334a698f,banana,28.5,93,2319,1.868791,lote_M,madura,madura,42,2026-04-08T02:36:01.267Z
69d5c03d684401be334a6990,banana,28.5,93,2313,1.863956,lote_M,madura,madura,42,2026-04-08T02:41:01.408Z
69d5c169684401be334a6991,banana,28.5,93,2304,1.856703,lote_M,madura,madura,42,2026-04-08T02:46:01.562Z
69d5c295684401be334a6992,banana,28.5,93,2298,1.851868,lote_M,madura,madura,42,2026-04-08T02:51:01.497Z
69d5c3c1684401be334a6993,banana,28.5,93,2300,1.85348,lote_M,madura,madura,42,2026-04-08T02:56:01.423Z
69d5c4ed684401be334a6994,banana,28.5,93,2294,1.848645,lote_M,madura,madura,42,2026-04-08T03:01:01.689Z
69d5c619684401be334a6995,banana,28.5,93,2295,1.849451,lote_M,madura,madura,42,2026-04-08T03:06:01.521Z
69d5c745684401be334a6996,banana,28.5,93,2296,1.850256,lote_M,madura,madura,42,2026-04-08T03:11:01.535Z
69d5c871684401be334a6997,banana,28.5,93,2290,1.845421,lote_M,madura,madura,42,2026-04-08T03:16:01.366Z
69d5c99d684401be334a6998,banana,28.5,93,2291,1.846227,lote_M,madura,madura,42,2026-04-08T03:21:01.507Z
69d5cac9684401be334a6999,banana,28.5,93,2285,1.841392,lote_M,madura,madura,42,2026-04-08T03:26:01.497Z
69d5cbf5684401be334a699a,banana,28.5,93,2280,1.837363,lote_M,madura,madura,42,2026-04-08T03:31:01.469Z
69d5cd21684401be334a699b,banana,28.5,93,2271,1.83011,lote_M,madura,madura,42,2026-04-08T03:36:01.619Z
69d5ce4d684401be334a699c,banana,28.5,93,2266,1.826081,lote_M,madura,madura,42,2026-04-08T03:41:01.545Z
69d5cf79684401be334a699d,banana,28.5,93,2257,1.818828,lote_M,madura,madura,42,2026-04-08T03:46:01.389Z
69d5d0a5684401be334a699e,banana,28.5,93,2266,1.826081,lote_M,madura,madura,42,2026-04-08T03:51:01.415Z
69d5d1d1684401be334a699f,banana,28.5,94,2267,1.826886,lote_M,madura,madura,42,2026-04-08T03:56:01.449Z
69d5d2fd684401be334a69a0,banana,28.5,94,2271,1.83011,lote_M,madura,madura,42,2026-04-08T04:01:01.393Z
69d5d429684401be334a69a1,banana,28.5,94,2275,1.833333,lote_M,madura,madura,42,2026-04-08T04:06:01.413Z
69d5d555684401be334a69a2,banana,28.5,93,2274,1.832528,lote_M,madura,madura,42,2026-04-08T04:11:01.367Z
69d5d681684401be334a69a3,banana,28.5,93,2269,1.828498,lote_M,madura,madura,42,2026-04-08T04:16:01.546Z
69d5d7ad684401be334a69a4,banana,28.5,93,2271,1.83011,lote_M,madura,madura,42,2026-04-08T04:21:01.388Z
69d5d8da684401be334a69a5,banana,28.5,93,2276,1.834139,lote_M,madura,madura,42,2026-04-08T04:26:02.016Z
69d5da05684401be334a69a6,banana,28.5,94,2272,1.830916,lote_M,madura,madura,42,2026-04-08T04:31:01.389Z
69d5db31684401be334a69a7,banana,28.5,94,2266,1.826081,lote_M,madura,madura,42,2026-04-08T04:36:01.611Z
69d5dc5d684401be334a69a8,banana,28,94,2254,1.81641,lote_M,madura,madura,42,2026-04-08T04:41:01.466Z
69d5dd89684401be334a69a9,banana,28,94,2252,1.814799,lote_M,madura,madura,42,2026-04-08T04:46:01.606Z
69d5deb5684401be334a69aa,banana,28,94,2248,1.811575,lote_M,madura,madura,42,2026-04-08T04:51:01.604Z
69d5dfe1684401be334a69ab,banana,28,94,2233,1.799487,lote_M,madura,madura,42,2026-04-08T04:56:01.633Z
69d5e10d684401be334a69ac,banana,28,94,2225,1.79304,lote_M,madura,madura,42,2026-04-08T05:01:01.617Z
69d5e239684401be334a69ad,banana,28,94,2226,1.793846,lote_M,madura,madura,42,2026-04-08T05:06:01.652Z
69d5e365684401be334a69ae,banana,27.6,95,2203,1.775311,lote_M,madura,madura,42,2026-04-08T05:11:01.482Z
69d5e491684401be334a69af,banana,27.6,95,2208,1.779341,lote_M,madura,madura,42,2026-04-08T05:16:01.483Z
69d5e5bd684401be334a69b0,banana,27.1,95,2228,1.795458,lote_M,madura,madura,42,2026-04-08T05:21:01.659Z
69d5e6e9684401be334a69b1,banana,27.6,95,2236,1.801905,lote_M,madura,madura,42,2026-04-08T05:26:01.458Z
69d5e815684401be334a69b2,banana,27.6,95,2239,1.804322,lote_M,madura,madura,42,2026-04-08T05:31:01.724Z
69d5e941684401be334a69b3,banana,27.6,95,2249,1.812381,lote_M,madura,madura,42,2026-04-08T05:36:01.619Z
69d5ea6d684401be334a69b4,banana,27.6,95,2256,1.818022,lote_M,madura,madura,42,2026-04-08T05:41:01.695Z
69d5eb99684401be334a69b5,banana,27.6,95,2257,1.818828,lote_M,madura,madura,42,2026-04-08T05:46:01.701Z
69d5ecc5684401be334a69b6,banana,27.6,95,2258,1.819634,lote_M,madura,madura,42,2026-04-08T05:51:01.548Z
69d5edf1684401be334a69b7,banana,27.6,95,2261,1.822051,lote_M,madura,madura,42,2026-04-08T05:56:01.703Z
69d5ef1d684401be334a69b8,banana,27.6,95,2258,1.819634,lote_M,madura,madura,42,2026-04-08T06:01:01.751Z
69d5f049684401be334a69b9,banana,27.6,95,2262,1.822857,lote_M,madura,madura,42,2026-04-08T06:06:01.526Z
69d5f175684401be334a69ba,banana,27.6,95,2263,1.823663,lote_M,madura,madura,42,2026-04-08T06:11:01.713Z
69d5f2a1684401be334a69bb,banana,27.6,95,2261,1.822051,lote_M,madura,madura,42,2026-04-08T06:16:01.751Z
69d5f3cd684401be334a69bc,banana,27.6,95,2259,1.82044,lote_M,madura,madura,42,2026-04-08T06:21:01.581Z
69d5f4f9684401be334a69bd,banana,27.6,95,2263,1.823663,lote_M,madura,madura,42,2026-04-08T06:26:01.730Z
69d5f625684401be334a69be,banana,27.6,95,2266,1.826081,lote_M,madura,madura,42,2026-04-08T06:31:01.860Z
69d5f751684401be334a69bf,banana,27.6,95,2265,1.825275,lote_M,madura,madura,42,2026-04-08T06:36:01.788Z
69d5f87d684401be334a69c0,banana,27.6,95,2265,1.825275,lote_M,madura,madura,42,2026-04-08T06:41:01.743Z
69d5f9a9684401be334a69c1,banana,27.6,95,2263,1.823663,lote_M,madura,madura,42,2026-04-08T06:46:01.772Z
69d5fad5684401be334a69c2,banana,27.6,95,2263,1.823663,lote_M,madura,madura,42,2026-04-08T06:51:01.804Z
69d5fc01684401be334a69c3,banana,27.6,95,2263,1.823663,lote_M,madura,madura,42,2026-04-08T06:56:01.844Z
69d5fd2d684401be334a69c4,banana,27.6,95,2265,1.825275,lote_M,madura,madura,42,2026-04-08T07:01:01.667Z
69d5fe5a684401be334a69c5,banana,27.6,95,2263,1.823663,lote_M,madura,madura,42,2026-04-08T07:06:02.123Z
69d5ff85684401be334a69c6,banana,27.6,95,2266,1.826081,lote_M,madura,madura,42,2026-04-08T07:11:01.746Z
69d600b1684401be334a69c7,banana,27.6,95,2265,1.825275,lote_M,madura,madura,42,2026-04-08T07:16:01.785Z
69d601dd684401be334a69c8,banana,27.6,95,2269,1.828498,lote_M,madura,madura,42,2026-04-08T07:21:01.817Z
69d6030a684401be334a69c9,banana,27.6,95,2271,1.83011,lote_M,madura,madura,42,2026-04-08T07:26:02.041Z
69d60436684401be334a69ca,banana,27.6,95,2274,1.832528,lote_M,madura,madura,42,2026-04-08T07:31:02.502Z
69d60561684401be334a69cb,banana,27.6,95,2272,1.830916,lote_M,madura,madura,42,2026-04-08T07:36:01.837Z
69d6068d684401be334a69cc,banana,27.6,95,2271,1.83011,lote_M,madura,madura,42,2026-04-08T07:41:01.859Z
69d607b9684401be334a69cd,banana,27.6,95,2273,1.831722,lote_M,madura,madura,42,2026-04-08T07:46:01.839Z
69d608e5684401be334a69ce,banana,27.6,95,2273,1.831722,lote_M,madura,madura,42,2026-04-08T07:51:01.936Z
69d60a11684401be334a69cf,banana,27.6,95,2267,1.826886,lote_M,madura,madura,42,2026-04-08T07:56:01.968Z
69d60b3e684401be334a69d0,banana,27.6,95,2271,1.83011,lote_M,madura,madura,42,2026-04-08T08:01:02.044Z
69d60c6a684401be334a69d1,banana,27.6,95,2272,1.830916,lote_M,madura,madura,42,2026-04-08T08:06:02.357Z
69d60d95684401be334a69d2,banana,27.6,95,2272,1.830916,lote_M,madura,madura,42,2026-04-08T08:11:01.874Z
69d60ec1684401be334a69d3,banana,27.6,95,2273,1.831722,lote_M,madura,madura,42,2026-04-08T08:16:01.811Z
69d60ff1684401be334a69d4,banana,27.6,95,2279,1.836557,lote_M,madura,madura,42,2026-04-08T08:21:05.140Z
69d61119684401be334a69d5,banana,27.6,95,2273,1.831722,lote_M,madura,madura,42,2026-04-08T08:26:01.996Z
69d6124b684401be334a69d6,banana,27.6,95,2288,1.843809,lote_M,madura,madura,42,2026-04-08T08:31:07.276Z
69d61371684401be334a69d7,banana,27.6,95,2280,1.837363,lote_M,madura,madura,42,2026-04-08T08:36:01.962Z
69d6149e684401be334a69d8,banana,27.6,95,2277,1.834945,lote_M,madura,madura,42,2026-04-08T08:41:02.543Z
69d615ca684401be334a69d9,banana,27.6,95,2279,1.836557,lote_M,madura,madura,42,2026-04-08T08:46:02.028Z
69d616f5684401be334a69da,banana,27.6,95,2282,1.838974,lote_M,madura,madura,42,2026-04-08T08:51:01.861Z
69d61821684401be334a69db,banana,27.6,95,2279,1.836557,lote_M,madura,madura,42,2026-04-08T08:56:01.893Z
69d6194e684401be334a69dc,banana,27.6,95,2279,1.836557,lote_M,madura,madura,42,2026-04-08T09:01:02.139Z
69d61a7a684401be334a69dd,banana,27.6,95,2282,1.838974,lote_M,madura,madura,42,2026-04-08T09:06:02.181Z
69d61ba6684401be334a69de,banana,27.6,95,2287,1.843004,lote_M,madura,madura,42,2026-04-08T09:11:02.002Z
69d61cd2684401be334a69df,banana,27.6,95,2290,1.845421,lote_M,madura,madura,42,2026-04-08T09:16:02.149Z
69d61dfd684401be334a69e0,banana,27.2,95,2285,1.841392,lote_M,madura,madura,42,2026-04-08T09:21:01.873Z
69d61f2a684401be334a69e1,banana,27.2,95,2287,1.843004,lote_M,madura,madura,42,2026-04-08T09:26:02.013Z
69d62056684401be334a69e2,banana,27.1,95,2294,1.848645,lote_M,madura,madura,42,2026-04-08T09:31:02.048Z
69d62182684401be334a69e3,banana,27.1,95,2287,1.843004,lote_M,madura,madura,42,2026-04-08T09:36:02.186Z
69d622ae684401be334a69e4,banana,27.1,95,2286,1.842198,lote_M,madura,madura,42,2026-04-08T09:41:02.189Z
69d623da684401be334a69e5,banana,27.1,95,2297,1.851062,lote_M,madura,madura,42,2026-04-08T09:46:02.155Z
69d62509684401be334a69e6,banana,27.1,95,2297,1.851062,lote_M,madura,madura,42,2026-04-08T09:51:05.779Z
69d62632684401be334a69e7,banana,27.1,95,2295,1.849451,lote_M,madura,madura,42,2026-04-08T09:56:02.029Z
69d62762684401be334a69e8,banana,27.1,95,2301,1.854286,lote_M,madura,madura,42,2026-04-08T10:01:06.370Z
69d62889684401be334a69e9,banana,27.1,95,2300,1.85348,lote_M,madura,madura,42,2026-04-08T10:06:01.996Z
69d629b6684401be334a69ea,banana,27.1,95,2316,1.866374,lote_M,madura,madura,42,2026-04-08T10:11:02.950Z
69d62ae1684401be334a69eb,banana,27.1,95,2307,1.859121,lote_M,madura,madura,42,2026-04-08T10:16:01.993Z
69d62c0e684401be334a69ec,banana,27.1,94,2312,1.86315,lote_M,madura,madura,42,2026-04-08T10:21:02.104Z
69d62d3a684401be334a69ed,banana,27.2,94,2314,1.864762,lote_M,madura,madura,42,2026-04-08T10:26:02.275Z
69d62e66684401be334a69ee,banana,27.6,94,2311,1.862344,lote_M,madura,madura,42,2026-04-08T10:31:02.585Z
69d62f92684401be334a69ef,banana,27.6,94,2316,1.866374,lote_M,madura,madura,42,2026-04-08T10:36:02.212Z
69d630be684401be334a69f0,banana,27.6,94,2317,1.86718,lote_M,madura,madura,42,2026-04-08T10:41:02.254Z
69d631ea684401be334a69f1,banana,27.6,94,2317,1.86718,lote_M,madura,madura,42,2026-04-08T10:46:02.287Z
69d63316684401be334a69f2,banana,27.6,94,2322,1.871209,lote_M,madura,madura,42,2026-04-08T10:51:02.236Z
69d63442684401be334a69f3,banana,27.6,94,2315,1.865568,lote_M,madura,madura,42,2026-04-08T10:56:02.258Z
69d6356e684401be334a69f4,banana,27.6,94,2317,1.86718,lote_M,madura,madura,42,2026-04-08T11:01:02.291Z
69d6369a684401be334a69f5,banana,27.6,94,2331,1.878461,lote_M,madura,madura,42,2026-04-08T11:06:02.156Z
69d637c6684401be334a69f6,banana,27.6,94,2330,1.877656,lote_M,madura,madura,42,2026-04-08T11:11:02.160Z
69d638f2684401be334a69f7,banana,27.6,94,2337,1.883297,lote_M,madura,madura,42,2026-04-08T11:16:02.300Z
69d63a1e684401be334a69f8,banana,27.6,94,2336,1.882491,lote_M,madura,madura,42,2026-04-08T11:21:02.131Z
69d63b4a684401be334a69f9,banana,27.6,94,2352,1.895385,lote_M,madura,madura,42,2026-04-08T11:26:02.229Z
69d63c76684401be334a69fa,banana,27.6,94,2353,1.896191,lote_M,madura,madura,42,2026-04-08T11:31:02.209Z
69d63da2684401be334a69fb,banana,27.6,94,2351,1.894579,lote_M,madura,madura,42,2026-04-08T11:36:02.854Z
69d63ece684401be334a69fc,banana,27.6,94,2363,1.904249,lote_M,madura,madura,42,2026-04-08T11:41:02.190Z
69d63ffa684401be334a69fd,banana,27.6,94,2349,1.892967,lote_M,madura,madura,42,2026-04-08T11:46:02.324Z
69d64126684401be334a69fe,banana,27.6,94,2355,1.897802,lote_M,madura,madura,42,2026-04-08T11:51:02.370Z
69d64252684401be334a69ff,banana,27.6,94,2360,1.901832,lote_M,madura,madura,42,2026-04-08T11:56:02.506Z
69d6437e684401be334a6a00,banana,27.6,94,2363,1.904249,lote_M,madura,madura,42,2026-04-08T12:01:02.234Z
69d644aa684401be334a6a01,banana,27.6,94,2377,1.915531,lote_M,madura,madura,42,2026-04-08T12:06:02.583Z
69d645d6684401be334a6a02,banana,27.6,94,2380,1.917949,lote_M,madura,madura,42,2026-04-08T12:11:02.410Z
69d64702684401be334a6a03,banana,27.6,94,2380,1.917949,lote_M,madura,madura,42,2026-04-08T12:16:02.237Z
69d6482e684401be334a6a04,banana,27.6,94,2383,1.920366,lote_M,madura,madura,42,2026-04-08T12:21:02.237Z
69d6495a684401be334a6a05,banana,27.6,94,2390,1.926007,lote_M,madura,madura,42,2026-04-08T12:26:02.401Z
69d64a86684401be334a6a06,banana,27.6,94,2395,1.930037,lote_M,madura,madura,42,2026-04-08T12:31:02.243Z
69d64bb2684401be334a6a07,banana,27.6,94,2400,1.934066,lote_M,madura,madura,42,2026-04-08T12:36:02.378Z
69d64cde684401be334a6a08,banana,27.6,94,2416,1.94696,lote_M,madura,madura,42,2026-04-08T12:41:02.405Z
69d64e0a684401be334a6a09,banana,27.6,94,2426,1.955018,lote_M,madura,madura,42,2026-04-08T12:46:02.338Z
69d64f36684401be334a6a0a,banana,27.6,94,2433,1.960659,lote_M,madura,madura,42,2026-04-08T12:51:02.277Z
69d65062684401be334a6a0b,banana,27.6,94,2433,1.960659,lote_M,madura,madura,42,2026-04-08T12:56:02.520Z
69d6518e684401be334a6a0c,banana,27.6,94,2453,1.976777,lote_M,madura,madura,42,2026-04-08T13:01:02.348Z
69d652ba684401be334a6a0d,banana,27.6,94,2444,1.969524,lote_M,madura,madura,42,2026-04-08T13:06:02.384Z
69d653e7684401be334a6a0e,banana,27.6,94,2457,1.98,lote_M,madura,madura,42,2026-04-08T13:11:03.483Z
69d65512684401be334a6a0f,banana,27.6,94,2477,1.996117,lote_M,madura,madura,42,2026-04-08T13:16:02.352Z
69d6563e684401be334a6a10,banana,27.6,94,2472,1.992088,lote_M,madura,madura,42,2026-04-08T13:21:02.278Z
69d6576a684401be334a6a11,banana,27.6,94,2493,2.009011,lote_M,madura,madura,42,2026-04-08T13:26:02.430Z
69d65896684401be334a6a12,banana,27.6,94,2505,2.018681,lote_M,madura,madura,42,2026-04-08T13:31:02.467Z
69d659c2684401be334a6a13,banana,27.7,94,2513,2.025128,lote_M,madura,madura,42,2026-04-08T13:36:02.293Z
69d65aee684401be334a6a14,banana,28,93,2531,2.039634,lote_M,madura,madura,42,2026-04-08T13:41:02.433Z
69d65c1a684401be334a6a15,banana,28,93,2540,2.046886,lote_M,madura,madura,42,2026-04-08T13:46:02.469Z
69d65d46684401be334a6a16,banana,28,93,2547,2.052527,lote_M,madura,madura,42,2026-04-08T13:51:02.307Z
69d65e73684401be334a6a17,banana,28,93,2570,2.071062,lote_M,madura,madura,42,2026-04-08T13:56:03.164Z
69d65f9e684401be334a6a18,banana,28,93,2589,2.086374,lote_M,madura,madura,42,2026-04-08T14:01:02.269Z
69d660ca684401be334a6a19,banana,28,93,2607,2.100879,lote_M,madura,alerta,12,2026-04-08T14:06:02.421Z
69d661f6684401be334a6a1a,banana,28,93,2615,2.107326,lote_M,madura,alerta,12,2026-04-08T14:11:02.445Z
69d66322684401be334a6a1b,banana,28,93,2637,2.125055,lote_M,madura,alerta,12,2026-04-08T14:16:02.483Z
69d6644e684401be334a6a1c,banana,28,93,2652,2.137143,lote_M,madura,alerta,12,2026-04-08T14:21:02.416Z
69d6657a684401be334a6a1d,banana,28.1,93,2669,2.150842,lote_M,madura,alerta,12,2026-04-08T14:26:02.352Z
69d666a6684401be334a6a1e,banana,28.5,93,2682,2.161319,lote_M,madura,alerta,12,2026-04-08T14:31:02.493Z
69d667d2684401be334a6a1f,banana,28.5,93,2688,2.166154,lote_M,madura,alerta,12,2026-04-08T14:36:02.529Z
69d668fe684401be334a6a20,banana,28.5,93,2710,2.183883,lote_M,madura,alerta,12,2026-04-08T14:41:02.465Z
69d66a2a684401be334a6a21,banana,28.5,93,2732,2.201612,lote_M,madura,alerta,12,2026-04-08T14:46:02.510Z
69d66b56684401be334a6a22,banana,28.5,93,2751,2.216923,lote_M,madura,alerta,12,2026-04-08T14:51:02.543Z
69d66c82684401be334a6a23,banana,28.9,93,2753,2.218535,lote_M,madura,alerta,12,2026-04-08T14:56:02.576Z
69d66dae684401be334a6a24,banana,28.9,93,2769,2.231429,lote_M,madura,alerta,12,2026-04-08T15:01:02.610Z
69d66edb684401be334a6a25,banana,28.9,93,2787,2.245934,lote_M,madura,alerta,12,2026-04-08T15:06:03.469Z
69d67006684401be334a6a26,banana,28.9,93,2802,2.258022,lote_M,madura,alerta,12,2026-04-08T15:11:02.475Z
69d67132684401be334a6a27,banana,28.9,93,2796,2.253187,lote_M,madura,alerta,12,2026-04-08T15:16:02.613Z
69d6725e684401be334a6a28,banana,29,93,2810,2.264469,lote_M,madura,alerta,12,2026-04-08T15:21:02.443Z
69d6738b684401be334a6a29,banana,29.3,93,2831,2.281392,lote_M,madura,alerta,12,2026-04-08T15:26:03.213Z
69d674b6684401be334a6a2a,banana,29.3,93,2841,2.289451,lote_M,madura,alerta,12,2026-04-08T15:31:02.423Z
69d675e3684401be334a6a2b,banana,29.3,93,2856,2.301538,lote_M,madura,alerta,12,2026-04-08T15:36:03.179Z
69d6770e684401be334a6a2c,banana,29.3,93,2861,2.305568,lote_M,madura,alerta,12,2026-04-08T15:41:02.697Z
69d6783a684401be334a6a2d,banana,29.8,93,2867,2.310403,lote_M,madura,alerta,12,2026-04-08T15:46:02.429Z
69d67966684401be334a6a2e,banana,29.8,93,2872,2.314432,lote_M,madura,alerta,12,2026-04-08T15:51:02.457Z
69d67a92684401be334a6a2f,banana,29.8,93,2882,2.322491,lote_M,madura,alerta,12,2026-04-08T15:56:02.702Z
69d67bbe684401be334a6a30,banana,29.8,93,2882,2.322491,lote_M,madura,alerta,12,2026-04-08T16:01:02.537Z
69d67cea684401be334a6a31,banana,29.8,93,2903,2.339414,lote_M,madura,alerta,12,2026-04-08T16:06:02.462Z
69d67e16684401be334a6a32,banana,29.8,93,2919,2.352308,lote_M,madura,alerta,12,2026-04-08T16:11:02.624Z
69d67f42684401be334a6a33,banana,29.8,93,2926,2.357949,lote_M,madura,alerta,12,2026-04-08T16:16:02.638Z
69d6806e684401be334a6a34,banana,30.2,92,2951,2.378095,lote_M,madura,alerta,12,2026-04-08T16:21:02.775Z
69d6819a684401be334a6a35,banana,30.2,92,2956,2.382124,lote_M,madura,alerta,12,2026-04-08T16:26:02.710Z
69d682c6684401be334a6a36,banana,30.2,92,2996,2.414359,lote_M,madura,alerta,12,2026-04-08T16:31:02.745Z
69d683f2684401be334a6a37,banana,30.2,92,2854,2.299927,lote_M,madura,alerta,12,2026-04-08T16:36:02.784Z
69d6851e684401be334a6a38,banana,30.2,92,2876,2.317656,lote_M,madura,alerta,12,2026-04-08T16:41:02.704Z
69d6864a684401be334a6a39,banana,30.2,91,2943,2.371648,lote_M,madura,alerta,12,2026-04-08T16:46:02.652Z
69d68776684401be334a6a3a,banana,30.8,91,2972,2.395018,lote_M,madura,alerta,12,2026-04-08T16:51:02.694Z
69d688a2684401be334a6a3b,banana,30.8,91,2958,2.383736,lote_M,madura,alerta,12,2026-04-08T16:56:02.726Z
69d689ce684401be334a6a3c,banana,30.8,91,2999,2.416777,lote_M,madura,alerta,12,2026-04-08T17:01:02.599Z
69d68afa684401be334a6a3d,banana,30.8,91,2985,2.405494,lote_M,madura,alerta,12,2026-04-08T17:06:02.697Z
69d68c26684401be334a6a3e,banana,31.3,91,2972,2.395018,lote_M,madura,alerta,12,2026-04-08T17:11:02.835Z
69d68d52684401be334a6a3f,banana,30.8,91,2967,2.390989,lote_M,madura,alerta,12,2026-04-08T17:16:02.663Z
69d68e7e684401be334a6a40,banana,30.8,91,2988,2.407912,lote_M,madura,alerta,12,2026-04-08T17:21:02.699Z
69d68faa684401be334a6a41,banana,30.8,91,2825,2.276557,lote_M,madura,alerta,12,2026-04-08T17:26:02.738Z
69d690d6684401be334a6a42,banana,30.8,91,2910,2.345055,lote_M,madura,alerta,12,2026-04-08T17:31:02.675Z
69d69202684401be334a6a43,banana,30.8,91,2962,2.38696,lote_M,madura,alerta,12,2026-04-08T17:36:02.812Z
69d6932e684401be334a6a44,banana,31.3,91,2989,2.408718,lote_M,madura,alerta,12,2026-04-08T17:41:02.854Z
69d6945a684401be334a6a45,banana,31.3,91,3008,2.424029,lote_M,madura,alerta,12,2026-04-08T17:46:02.990Z
69d69586684401be334a6a46,banana,31.3,91,3014,2.428864,lote_M,madura,alerta,12,2026-04-08T17:51:02.732Z
69d696b3684401be334a6a47,banana,31.3,91,3037,2.447399,lote_M,madura,alerta,12,2026-04-08T17:56:03.280Z
69d697de684401be334a6a48,banana,31.8,91,3061,2.46674,lote_M,madura,alerta,12,2026-04-08T18:01:02.683Z
69d6990a684401be334a6a49,banana,31.8,91,3065,2.469963,lote_M,madura,alerta,12,2026-04-08T18:06:02.730Z
69d69a36684401be334a6a4a,banana,31.8,91,3072,2.475604,lote_M,madura,alerta,12,2026-04-08T18:11:02.864Z
69d69b63684401be334a6a4b,banana,31.8,92,3043,2.452235,lote_M,madura,alerta,12,2026-04-08T18:16:03.407Z
69d69c91684401be334a6a4c,banana,31.8,91,2969,2.392601,lote_M,madura,alerta,12,2026-04-08T18:21:05.799Z
69d69dba684401be334a6a4d,banana,31.8,91,2951,2.378095,lote_M,madura,alerta,12,2026-04-08T18:26:02.659Z
69d69ee6684401be334a6a4e,banana,31.3,91,2949,2.376483,lote_M,madura,alerta,12,2026-04-08T18:31:02.801Z
69d6a012684401be334a6a4f,banana,31.3,91,2975,2.397436,lote_M,madura,alerta,12,2026-04-08T18:36:02.731Z
69d6a13e684401be334a6a50,banana,31.3,91,2974,2.39663,lote_M,madura,alerta,12,2026-04-08T18:41:02.872Z
69d6a26a684401be334a6a51,banana,31.3,92,2979,2.400659,lote_M,madura,alerta,12,2026-04-08T18:46:02.813Z
69d6a396684401be334a6a52,banana,31.3,92,3042,2.451429,lote_M,madura,alerta,12,2026-04-08T18:51:02.960Z
69d6a4c2684401be334a6a53,banana,31.3,92,3044,2.45304,lote_M,madura,alerta,12,2026-04-08T18:56:02.775Z
69d6a5ee684401be334a6a54,banana,31.3,92,3033,2.444176,lote_M,madura,alerta,12,2026-04-08T19:01:02.814Z
69d6a71a684401be334a6a55,banana,31.8,92,3041,2.450623,lote_M,madura,alerta,12,2026-04-08T19:06:02.846Z
69d6a846684401be334a6a56,banana,31.8,92,3040,2.449817,lote_M,madura,alerta,12,2026-04-08T19:11:02.784Z
69d6a974684401be334a6a57,banana,31.4,92,3037,2.447399,lote_M,madura,alerta,12,2026-04-08T19:16:04.253Z
69d6aa9e684401be334a6a58,banana,31.6,92,3043,2.452235,lote_M,madura,alerta,12,2026-04-08T19:21:02.751Z
69d6abca684401be334a6a59,banana,31.3,92,3054,2.461099,lote_M,madura,alerta,12,2026-04-08T19:26:02.789Z
69d6acf6684401be334a6a5a,banana,31.3,92,2896,2.333773,lote_M,madura,alerta,12,2026-04-08T19:31:02.925Z
69d6ae22684401be334a6a5b,banana,31.3,92,2922,2.354725,lote_M,madura,alerta,12,2026-04-08T19:36:02.765Z
69d6af4e684401be334a6a5c,banana,31.3,92,2926,2.357949,lote_M,madura,alerta,12,2026-04-08T19:41:02.803Z
69d6b07a684401be334a6a5d,banana,30.8,92,2932,2.362784,lote_M,madura,alerta,12,2026-04-08T19:46:02.831Z
69d6b1a6684401be334a6a5e,banana,30.8,92,2913,2.347472,lote_M,madura,alerta,12,2026-04-08T19:51:02.770Z
69d6b2d2684401be334a6a5f,banana,30.2,92,2921,2.35392,lote_M,madura,alerta,12,2026-04-08T19:56:02.800Z
69d6b3fe684401be334a6a60,banana,29.8,93,2879,2.320073,lote_M,madura,alerta,12,2026-04-08T20:01:02.838Z
69d6b52a684401be334a6a61,banana,29.8,93,2893,2.331355,lote_M,madura,alerta,12,2026-04-08T20:06:02.877Z
69d6b656684401be334a6a62,banana,29.8,93,2969,2.392601,lote_M,madura,alerta,12,2026-04-08T20:11:02.909Z
69d6b784684401be334a6a63,banana,30.2,93,2919,2.352308,lote_M,madura,alerta,12,2026-04-08T20:16:04.280Z
69d6b8ae684401be334a6a64,banana,30.2,93,2919,2.352308,lote_M,madura,alerta,12,2026-04-08T20:21:02.982Z
69d6b9da684401be334a6a65,banana,30.2,93,2907,2.342637,lote_M,madura,alerta,12,2026-04-08T20:26:02.818Z
69d6bb06684401be334a6a66,banana,29.8,93,2981,2.402271,lote_M,madura,alerta,12,2026-04-08T20:31:02.955Z
69d6bc34684401be334a6a67,banana,30.2,93,3033,2.444176,lote_M,madura,alerta,12,2026-04-08T20:36:04.020Z
69d6bd5e684401be334a6a68,banana,30.2,93,3030,2.441758,lote_M,madura,alerta,12,2026-04-08T20:41:02.922Z
69d6be8a684401be334a6a69,banana,30.2,93,2491,2.007399,lote_M,madura,madura,42,2026-04-08T20:46:02.873Z
69d6bfb6684401be334a6a6a,banana,30.2,93,2469,1.98967,lote_M,madura,madura,42,2026-04-08T20:51:02.898Z
69d6c0e2684401be334a6a6b,banana,29.3,93,2546,2.051722,lote_M,madura,madura,42,2026-04-08T20:56:02.933Z
69d6c20e684401be334a6a6c,banana,28.9,92,2454,1.977582,lote_M,madura,madura,42,2026-04-08T21:01:02.977Z
69d6c33a684401be334a6a6d,banana,28.9,92,2563,2.065421,lote_M,madura,madura,42,2026-04-08T21:06:02.918Z
69d6c466684401be334a6a6e,banana,28.9,92,2436,1.963077,lote_M,madura,madura,42,2026-04-08T21:11:02.975Z
69d6c592684401be334a6a6f,banana,28.9,92,2460,1.982418,lote_M,madura,madura,42,2026-04-08T21:16:02.988Z
69d6c6c1684401be334a6a70,banana,28.9,92,2393,1.928425,lote_M,madura,madura,42,2026-04-08T21:21:05.816Z
69d6c7ea684401be334a6a71,banana,28.9,92,2446,1.971135,lote_M,madura,madura,42,2026-04-08T21:26:02.950Z
69d6c918684401be334a6a72,banana,28.5,92,2486,2.00337,lote_M,madura,madura,42,2026-04-08T21:31:04.628Z
69d6d33b684401be334a6a73,banana,28.5,92,2143,1.72696,lote_M,madura,madura,42,2026-04-08T22:14:19.808Z
69d6d33b684401be334a6a74,banana,28.5,92,2263,1.823663,lote_M,madura,madura,42,2026-04-08T22:14:19.843Z
69d6d33b684401be334a6a75,banana,28.5,92,2362,1.903443,lote_M,madura,madura,42,2026-04-08T22:14:19.864Z
69d6d33b684401be334a6a76,banana,28.5,92,2535,2.042857,lote_M,madura,madura,42,2026-04-08T22:14:19.885Z
69d6d33b684401be334a6a77,banana,28.5,93,2564,2.066227,lote_M,madura,madura,42,2026-04-08T22:14:19.898Z
69d6d33b684401be334a6a78,banana,28.5,93,2633,2.121831,lote_M,madura,alerta,12,2026-04-08T22:14:19.911Z
69d6d33b684401be334a6a79,banana,28.5,93,2569,2.070256,lote_M,madura,madura,42,2026-04-08T22:14:19.921Z
69d73f45684401be334a6a7a,banana,28.5,93,2563,2.065421,lote_M,madura,madura,42,2026-04-09T05:55:17.060Z
69d73f45684401be334a6a7b,banana,28.5,93,2645,2.131502,lote_M,madura,alerta,12,2026-04-09T05:55:17.121Z
69d73f45684401be334a6a7c,banana,28.5,93,2690,2.167766,lote_M,madura,alerta,12,2026-04-09T05:55:17.180Z
69d73f45684401be334a6a7d,banana,28.5,93,2647,2.133114,lote_M,madura,alerta,12,2026-04-09T05:55:17.212Z
69d73f45684401be334a6a7e,banana,28.5,93,2720,2.191941,lote_M,madura,alerta,12,2026-04-09T05:55:17.262Z
69d73f45684401be334a6a7f,banana,28.5,93,2753,2.218535,lote_M,madura,alerta,12,2026-04-09T05:55:17.300Z
69d73f45684401be334a6a80,banana,28.5,93,2455,1.978388,lote_M,madura,madura,42,2026-04-09T05:55:17.335Z
69d73f45684401be334a6a81,banana,28.5,93,2266,1.826081,lote_M,madura,madura,42,2026-04-09T05:55:17.365Z
69d73f45684401be334a6a82,banana,28,93,2442,1.967912,lote_M,madura,madura,42,2026-04-09T05:55:17.396Z
69d73f45684401be334a6a83,banana,27.6,93,2529,2.038022,lote_M,madura,madura,42,2026-04-09T05:55:17.415Z
69d73f45684401be334a6a84,banana,27.6,94,2606,2.100073,lote_M,madura,alerta,12,2026-04-09T05:55:17.431Z
69d73f45684401be334a6a85,banana,28,93,2708,2.182271,lote_M,madura,alerta,12,2026-04-09T05:55:17.447Z
69d73f45684401be334a6a86,banana,28,93,2473,1.992894,lote_M,madura,madura,42,2026-04-09T05:55:17.467Z
69d73f45684401be334a6a87,banana,28,93,2260,1.821245,lote_M,madura,madura,42,2026-04-09T05:55:17.487Z
69d73f45684401be334a6a88,banana,27.6,94,2448,1.972747,lote_M,madura,madura,42,2026-04-09T05:55:17.497Z
69d73f45684401be334a6a89,banana,26.7,94,2618,2.109744,lote_M,madura,alerta,12,2026-04-09T05:55:17.507Z
69d73f45684401be334a6a8a,banana,27.1,94,2741,2.208864,lote_M,madura,alerta,12,2026-04-09T05:55:17.514Z
69d73f45684401be334a6a8b,banana,27.6,94,2680,2.159707,lote_M,madura,alerta,12,2026-04-09T05:55:17.521Z
69d73f45684401be334a6a8c,banana,27.6,95,2613,2.105714,lote_M,madura,alerta,12,2026-04-09T05:55:17.526Z
69d73f45684401be334a6a8d,banana,27.6,95,2706,2.180659,lote_M,madura,alerta,12,2026-04-09T05:55:17.534Z
69d73f45684401be334a6a8e,banana,27.6,94,2807,2.262051,lote_M,madura,alerta,12,2026-04-09T05:55:17.541Z
69d73f45684401be334a6a8f,banana,27.6,95,2860,2.304762,lote_M,madura,alerta,12,2026-04-09T05:55:17.557Z
69d73f45684401be334a6a90,banana,27.6,95,2907,2.342637,lote_M,madura,alerta,12,2026-04-09T05:55:17.562Z
69d73f45684401be334a6a91,banana,28,94,2812,2.266081,lote_M,madura,alerta,12,2026-04-09T05:55:17.567Z
69d73f45684401be334a6a92,banana,28,94,2895,2.332967,lote_M,madura,alerta,12,2026-04-09T05:55:17.573Z
69d73f45684401be334a6a93,banana,27.6,95,2940,2.369231,lote_M,madura,alerta,12,2026-04-09T05:55:17.578Z
69d73f45684401be334a6a94,banana,27.6,95,2892,2.330549,lote_M,madura,alerta,12,2026-04-09T05:55:17.582Z
69d73f45684401be334a6a95,banana,28,94,2924,2.356337,lote_M,madura,alerta,12,2026-04-09T05:55:17.587Z
69d73f45684401be334a6a96,banana,27.6,95,2919,2.352308,lote_M,madura,alerta,12,2026-04-09T05:55:17.594Z
69d73f45684401be334a6a97,banana,27.6,95,2791,2.249157,lote_M,madura,alerta,12,2026-04-09T05:55:17.599Z
69d73f45684401be334a6a98,banana,27.6,95,2864,2.307985,lote_M,madura,alerta,12,2026-04-09T05:55:17.606Z
69d73f45684401be334a6a99,banana,27.6,95,2887,2.32652,lote_M,madura,alerta,12,2026-04-09T05:55:17.612Z
69d73f45684401be334a6a9a,banana,27.6,95,2750,2.216117,lote_M,madura,alerta,12,2026-04-09T05:55:17.617Z
69d73f45684401be334a6a9b,banana,27.6,95,2780,2.240293,lote_M,madura,alerta,12,2026-04-09T05:55:17.626Z
69d73f45684401be334a6a9c,banana,27.1,94,2779,2.239487,lote_M,madura,alerta,12,2026-04-09T05:55:17.632Z
69d73f45684401be334a6a9d,banana,27.1,94,2786,2.245128,lote_M,madura,alerta,12,2026-04-09T05:55:17.635Z
69d73f45684401be334a6a9e,banana,27.1,94,2756,2.220952,lote_M,madura,alerta,12,2026-04-09T05:55:17.640Z
69d73f45684401be334a6a9f,banana,27.1,94,2772,2.233846,lote_M,madura,alerta,12,2026-04-09T05:55:17.645Z
69d73f45684401be334a6aa0,banana,27.1,94,2752,2.217729,lote_M,madura,alerta,12,2026-04-09T05:55:17.650Z
69d73f45684401be334a6aa1,banana,27.1,94,2644,2.130696,lote_M,madura,alerta,12,2026-04-09T05:55:17.655Z
69d73f45684401be334a6aa2,banana,27.1,94,2593,2.089597,lote_M,madura,madura,42,2026-04-09T05:55:17.662Z
69d73f45684401be334a6aa3,banana,26.7,94,2512,2.024322,lote_M,madura,madura,42,2026-04-09T05:55:17.664Z
69d73f45684401be334a6aa4,banana,26.7,94,2643,2.12989,lote_M,madura,alerta,12,2026-04-09T05:55:17.670Z
69d73f45684401be334a6aa5,banana,26.2,94,2844,2.291868,lote_M,madura,alerta,12,2026-04-09T05:55:17.674Z
69d73f45684401be334a6aa6,banana,26.7,94,2946,2.374066,lote_M,madura,alerta,12,2026-04-09T05:55:17.677Z
69d73f45684401be334a6aa7,banana,26.8,95,2986,2.4063,lote_M,madura,alerta,12,2026-04-09T05:55:17.679Z
69d73f45684401be334a6aa8,banana,27.1,95,3036,2.446594,lote_M,madura,alerta,12,2026-04-09T05:55:17.684Z
69d73f45684401be334a6aaa,banana,27.1,95,3066,2.470769,lote_M,madura,alerta,12,2026-04-09T05:55:17.698Z
69d73f45684401be334a6aab,banana,27.1,95,3089,2.489304,lote_M,madura,alerta,12,2026-04-09T05:55:17.708Z
69d73f45684401be334a6aac,banana,27.1,95,3106,2.503004,lote_M,madura,risco de perda,0,2026-04-09T05:55:17.713Z
69d73f45684401be334a6aad,banana,27.1,95,3118,2.512674,lote_M,madura,risco de perda,0,2026-04-09T05:55:17.718Z
69d73f45684401be334a6aae,banana,27.1,95,3123,2.516703,lote_M,madura,risco de perda,0,2026-04-09T05:55:17.725Z
69d73f45684401be334a6aaf,banana,27.1,95,3119,2.51348,lote_M,madura,risco de perda,0,2026-04-09T05:55:17.730Z
69d73f45684401be334a6aa9,banana,27.1,95,3037,2.447399,lote_M,madura,alerta,12,2026-04-09T05:55:17.689Z
69d73f45684401be334a6ab0,banana,27.1,95,3155,2.542491,lote_M,madura,risco de perda,0,2026-04-09T05:55:17.736Z
69d73f45684401be334a6ab1,banana,27.1,95,3165,2.55055,lote_M,madura,risco de perda,0,2026-04-09T05:55:17.742Z
69d73f45684401be334a6ab2,banana,27.1,95,3174,2.557802,lote_M,madura,risco de perda,0,2026-04-09T05:55:17.749Z
69d73f45684401be334a6ab3,banana,27.1,95,3177,2.56022,lote_M,madura,risco de perda,0,2026-04-09T05:55:17.755Z
69d73f45684401be334a6ab4,banana,27.1,95,3149,2.537656,lote_M,madura,risco de perda,0,2026-04-09T05:55:17.759Z
69d73f45684401be334a6ab5,banana,27.1,95,3169,2.553773,lote_M,madura,risco de perda,0,2026-04-09T05:55:17.766Z
69d73f45684401be334a6ab7,banana,27.1,95,3201,2.579561,lote_M,madura,risco de perda,0,2026-04-09T05:55:17.774Z
69d73f45684401be334a6ab6,banana,27.1,95,3187,2.568278,lote_M,madura,risco de perda,0,2026-04-09T05:55:17.771Z
69d73f45684401be334a6ab9,banana,27.1,95,3208,2.585202,lote_M,madura,risco de perda,0,2026-04-09T05:55:17.782Z
69d73f45684401be334a6ab8,banana,27.1,95,3204,2.581978,lote_M,madura,risco de perda,0,2026-04-09T05:55:17.779Z
69d73f45684401be334a6abb,banana,27.1,95,3220,2.594872,lote_M,madura,risco de perda,0,2026-04-09T05:55:17.791Z
69d73f45684401be334a6aba,banana,27.1,95,3211,2.587619,lote_M,madura,risco de perda,0,2026-04-09T05:55:17.786Z
69d73f45684401be334a6abc,banana,27.1,95,3233,2.605348,lote_M,madura,risco de perda,0,2026-04-09T05:55:17.796Z
69d73f45684401be334a6abd,banana,27.1,95,3234,2.606154,lote_M,madura,risco de perda,0,2026-04-09T05:55:17.798Z
69d73f45684401be334a6abe,banana,27.1,95,3244,2.614213,lote_M,madura,risco de perda,0,2026-04-09T05:55:17.804Z
69d73f45684401be334a6ac0,banana,27.1,96,3132,2.523956,lote_M,madura,risco de perda,0,2026-04-09T05:55:17.812Z
69d73f45684401be334a6abf,banana,27.1,96,3187,2.568278,lote_M,madura,risco de perda,0,2026-04-09T05:55:17.810Z
69d73f45684401be334a6ac1,banana,27.1,95,3179,2.561831,lote_M,madura,risco de perda,0,2026-04-09T05:55:17.815Z
69d73f45684401be334a6ac2,banana,26.7,95,3216,2.591648,lote_M,madura,risco de perda,0,2026-04-09T05:55:17.818Z
69d73f45684401be334a6ac3,banana,26.7,95,3244,2.614213,lote_M,madura,risco de perda,0,2026-04-09T05:55:17.824Z
69d73f45684401be334a6ac4,banana,27.1,96,3252,2.620659,lote_M,madura,risco de perda,0,2026-04-09T05:55:17.828Z
69d73f45684401be334a6ac5,banana,27.1,96,3264,2.63033,lote_M,madura,risco de perda,0,2026-04-09T05:55:17.832Z
69d73f45684401be334a6ac6,banana,27.1,96,3258,2.625494,lote_M,madura,risco de perda,0,2026-04-09T05:55:17.835Z
69d73f45684401be334a6ac7,banana,27.1,96,3259,2.6263,lote_M,madura,risco de perda,0,2026-04-09T05:55:17.839Z
69d73f45684401be334a6ac8,banana,27.1,96,3269,2.634359,lote_M,madura,risco de perda,0,2026-04-09T05:55:17.842Z
69d73f45684401be334a6ac9,banana,27.1,96,3279,2.642418,lote_M,madura,risco de perda,0,2026-04-09T05:55:17.847Z
69d73f45684401be334a6aca,banana,27.1,96,3287,2.648865,lote_M,madura,risco de perda,0,2026-04-09T05:55:17.851Z
69d73f45684401be334a6acb,banana,27.1,96,3269,2.634359,lote_M,madura,risco de perda,0,2026-04-09T05:55:17.856Z
69d73f45684401be334a6acc,banana,27.1,96,3276,2.64,lote_M,madura,risco de perda,0,2026-04-09T05:55:17.862Z
69d73f45684401be334a6acd,banana,26.7,96,3288,2.64967,lote_M,madura,risco de perda,0,2026-04-09T05:55:17.866Z
69d73f45684401be334a6ace,banana,26.7,96,3311,2.668205,lote_M,madura,risco de perda,0,2026-04-09T05:55:17.870Z
69d73f45684401be334a6acf,banana,26.7,96,3300,2.659341,lote_M,madura,risco de perda,0,2026-04-09T05:55:17.874Z
69d73f45684401be334a6ad0,banana,26.7,96,3300,2.659341,lote_M,madura,risco de perda,0,2026-04-09T05:55:17.878Z
69d73f45684401be334a6ad1,banana,26.7,96,3293,2.6537,lote_M,madura,risco de perda,0,2026-04-09T05:55:17.882Z
69d73f73684401be334a6ad2,banana,26.7,96,3278,2.641612,lote_M,madura,risco de perda,0,2026-04-09T05:56:03.779Z
69d7b439684401be334a6ad3,banana,26.7,96,3331,2.684322,lote_M,madura,risco de perda,0,2026-04-09T14:14:17.530Z
69d7b439684401be334a6ad4,banana,26.7,96,3378,2.722198,lote_M,madura,risco de perda,0,2026-04-09T14:14:17.592Z
69d7b439684401be334a6ad5,banana,26.7,96,3371,2.716557,lote_M,madura,risco de perda,0,2026-04-09T14:14:17.606Z
69d7b439684401be334a6ad6,banana,27.1,96,3384,2.727033,lote_M,madura,risco de perda,0,2026-04-09T14:14:17.617Z
69d7b439684401be334a6ad7,banana,27.1,96,3387,2.72945,lote_M,madura,risco de perda,0,2026-04-09T14:14:17.636Z
69d7b439684401be334a6ad8,banana,27.1,96,3382,2.725421,lote_M,madura,risco de perda,0,2026-04-09T14:14:17.648Z
69d7b439684401be334a6ad9,banana,27.1,96,3395,2.735898,lote_M,madura,risco de perda,0,2026-04-09T14:14:17.665Z
69d7b439684401be334a6ada,banana,26.7,96,3381,2.724615,lote_M,madura,risco de perda,0,2026-04-09T14:14:17.681Z
69d7b439684401be334a6adb,banana,26.7,96,3386,2.728645,lote_M,madura,risco de perda,0,2026-04-09T14:14:17.707Z
69d7b439684401be334a6adc,banana,26.7,96,3395,2.735898,lote_M,madura,risco de perda,0,2026-04-09T14:14:17.730Z
69d7b439684401be334a6add,banana,26.7,96,3397,2.737509,lote_M,madura,risco de perda,0,2026-04-09T14:14:17.748Z
69d7b439684401be334a6ade,banana,26.7,96,3441,2.772967,lote_M,madura,risco de perda,0,2026-04-09T14:14:17.771Z
69d7b439684401be334a6adf,banana,26.7,96,3441,2.772967,lote_M,madura,risco de perda,0,2026-04-09T14:14:17.799Z
69d7b439684401be334a6ae0,banana,26.7,96,3423,2.758461,lote_M,madura,risco de perda,0,2026-04-09T14:14:17.822Z
69d7b439684401be334a6ae1,banana,26.7,96,3436,2.768938,lote_M,madura,risco de perda,0,2026-04-09T14:14:17.827Z
69d7b439684401be334a6ae3,banana,26.7,96,3479,2.80359,lote_M,madura,risco de perda,0,2026-04-09T14:14:17.875Z
69d7b439684401be334a6ae2,banana,26.7,96,3439,2.771355,lote_M,madura,risco de perda,0,2026-04-09T14:14:17.847Z
69d7b439684401be334a6ae5,banana,26.7,96,3476,2.801172,lote_M,madura,risco de perda,0,2026-04-09T14:14:17.919Z
69d7b439684401be334a6ae4,banana,26.7,96,3474,2.799561,lote_M,madura,risco de perda,0,2026-04-09T14:14:17.903Z
69d7b439684401be334a6ae7,banana,26.7,96,3465,2.792308,lote_M,madura,risco de perda,0,2026-04-09T14:14:17.934Z
69d7b439684401be334a6ae6,banana,26.7,96,3440,2.772161,lote_M,madura,risco de perda,0,2026-04-09T14:14:17.929Z
69d7b439684401be334a6ae9,banana,26.7,96,3499,2.819707,lote_M,madura,risco de perda,0,2026-04-09T14:14:17.957Z
69d7b439684401be334a6ae8,banana,26.7,96,3495,2.816483,lote_M,madura,risco de perda,0,2026-04-09T14:14:17.943Z
69d7b439684401be334a6aeb,banana,26.7,96,3493,2.814872,lote_M,madura,risco de perda,0,2026-04-09T14:14:17.990Z
69d7b439684401be334a6aea,banana,26.7,96,3490,2.812454,lote_M,madura,risco de perda,0,2026-04-09T14:14:17.977Z
69d7b43a684401be334a6aed,banana,26.7,96,3493,2.814872,lote_M,madura,risco de perda,0,2026-04-09T14:14:18.017Z
69d7b43a684401be334a6aec,banana,26.7,96,3488,2.810843,lote_M,madura,risco de perda,0,2026-04-09T14:14:18.001Z
69d7b43a684401be334a6aee,banana,26.7,96,3499,2.819707,lote_M,madura,risco de perda,0,2026-04-09T14:14:18.028Z
69d7b43a684401be334a6aef,banana,26.7,96,3487,2.810037,lote_M,madura,risco de perda,0,2026-04-09T14:14:18.055Z
69d7b43a684401be334a6af1,banana,26.7,96,3498,2.818901,lote_M,madura,risco de perda,0,2026-04-09T14:14:18.072Z
69d7b43a684401be334a6af0,banana,26.7,96,3491,2.81326,lote_M,madura,risco de perda,0,2026-04-09T14:14:18.063Z
69d7b43a684401be334a6af3,banana,26.7,96,3496,2.817289,lote_M,madura,risco de perda,0,2026-04-09T14:14:18.084Z
69d7b43a684401be334a6af2,banana,26.7,96,3520,2.83663,lote_M,madura,risco de perda,0,2026-04-09T14:14:18.078Z
69d7b43a684401be334a6af5,banana,26.7,96,3512,2.830183,lote_M,madura,risco de perda,0,2026-04-09T14:14:18.100Z
69d7b43a684401be334a6af4,banana,26.6,96,3499,2.819707,lote_M,madura,risco de perda,0,2026-04-09T14:14:18.093Z
69d7b43a684401be334a6af7,banana,26.7,96,3515,2.832601,lote_M,madura,risco de perda,0,2026-04-09T14:14:18.113Z
69d7b43a684401be334a6af6,banana,26.7,96,3517,2.834213,lote_M,madura,risco de perda,0,2026-04-09T14:14:18.108Z
69d7b43a684401be334a6af9,banana,26.2,96,3537,2.85033,lote_M,madura,risco de perda,0,2026-04-09T14:14:18.130Z
69d7b43a684401be334a6af8,banana,26.4,96,3510,2.828571,lote_M,madura,risco de perda,0,2026-04-09T14:14:18.123Z
69d7b43a684401be334a6afa,banana,26.2,96,3544,2.855971,lote_M,madura,risco de perda,0,2026-04-09T14:14:18.137Z
69d7b43a684401be334a6afb,banana,26.2,96,3552,2.862418,lote_M,madura,risco de perda,0,2026-04-09T14:14:18.145Z
69d7b43a684401be334a6afc,banana,26.2,96,3532,2.8463,lote_M,madura,risco de perda,0,2026-04-09T14:14:18.155Z
69d7b43a684401be334a6afd,banana,26.2,96,3548,2.859194,lote_M,madura,risco de perda,0,2026-04-09T14:14:18.162Z
69d7b43a684401be334a6afe,banana,26.2,96,3532,2.8463,lote_M,madura,risco de perda,0,2026-04-09T14:14:18.169Z
69d7b43a684401be334a6aff,banana,26.2,96,3523,2.839048,lote_M,madura,risco de perda,0,2026-04-09T14:14:18.177Z
69d7b43a684401be334a6b00,banana,26.2,96,3574,2.880147,lote_M,madura,risco de perda,0,2026-04-09T14:14:18.184Z
69d7b43a684401be334a6b01,banana,26.2,96,3565,2.872894,lote_M,madura,risco de perda,0,2026-04-09T14:14:18.191Z
69d7b43a684401be334a6b02,banana,26.2,96,3559,2.868059,lote_M,madura,risco de perda,0,2026-04-09T14:14:18.197Z
69d7b43a684401be334a6b03,banana,26.2,96,3553,2.863224,lote_M,madura,risco de perda,0,2026-04-09T14:14:18.201Z
69d7b43a684401be334a6b04,banana,26.2,96,3548,2.859194,lote_M,madura,risco de perda,0,2026-04-09T14:14:18.207Z
69d7b43a684401be334a6b06,banana,26.2,96,3556,2.865641,lote_M,madura,risco de perda,0,2026-04-09T14:14:18.221Z
69d7b43a684401be334a6b05,banana,26.2,96,3564,2.872088,lote_M,madura,risco de perda,0,2026-04-09T14:14:18.214Z
69d7b43a684401be334a6b08,banana,26.2,96,3528,2.843077,lote_M,madura,risco de perda,0,2026-04-09T14:14:18.244Z
69d7b43a684401be334a6b07,banana,26.2,96,3552,2.862418,lote_M,madura,risco de perda,0,2026-04-09T14:14:18.236Z
69d7b43a684401be334a6b09,banana,26.2,96,3529,2.843883,lote_M,madura,risco de perda,0,2026-04-09T14:14:18.267Z
69d7b43a684401be334a6b0b,banana,26.2,96,3520,2.83663,lote_M,madura,risco de perda,0,2026-04-09T14:14:18.285Z
69d7b43a684401be334a6b0a,banana,26.2,96,3523,2.839048,lote_M,madura,risco de perda,0,2026-04-09T14:14:18.279Z
69d7b43a684401be334a6b0d,banana,26.3,96,3531,2.845495,lote_M,madura,risco de perda,0,2026-04-09T14:14:18.297Z
69d7b43a684401be334a6b0c,banana,26.2,96,3528,2.843077,lote_M,madura,risco de perda,0,2026-04-09T14:14:18.291Z
69d7b43a684401be334a6b0f,banana,26.7,96,3532,2.8463,lote_M,madura,risco de perda,0,2026-04-09T14:14:18.309Z
69d7b43a684401be334a6b0e,banana,26.7,96,3527,2.842271,lote_M,madura,risco de perda,0,2026-04-09T14:14:18.303Z
69d7b43a684401be334a6b11,banana,26.7,96,3552,2.862418,lote_M,madura,risco de perda,0,2026-04-09T14:14:18.324Z
69d7b43a684401be334a6b10,banana,26.7,96,3541,2.853553,lote_M,madura,risco de perda,0,2026-04-09T14:14:18.318Z
69d7b43a684401be334a6b13,banana,26.7,96,3556,2.865641,lote_M,madura,risco de perda,0,2026-04-09T14:14:18.335Z
69d7b43a684401be334a6b12,banana,26.7,96,3547,2.858388,lote_M,madura,risco de perda,0,2026-04-09T14:14:18.331Z
69d7b43a684401be334a6b14,banana,26.7,96,3570,2.876923,lote_M,madura,risco de perda,0,2026-04-09T14:14:18.344Z
69d7b43a684401be334a6b15,banana,26.7,96,3574,2.880147,lote_M,madura,risco de perda,0,2026-04-09T14:14:18.347Z
69d7b43a684401be334a6b16,banana,26.7,96,3585,2.889011,lote_M,madura,risco de perda,0,2026-04-09T14:14:18.355Z
69d7b43a684401be334a6b17,banana,26.7,96,3583,2.887399,lote_M,madura,risco de perda,0,2026-04-09T14:14:18.359Z
69d7b43a684401be334a6b18,banana,26.7,96,3601,2.901905,lote_M,madura,risco de perda,0,2026-04-09T14:14:18.362Z
69d7b43a684401be334a6b19,banana,26.7,96,3628,2.923663,lote_M,madura,risco de perda,0,2026-04-09T14:14:18.365Z
69d7b43a684401be334a6b1a,banana,26.7,96,3623,2.919634,lote_M,madura,risco de perda,0,2026-04-09T14:14:18.367Z
69d7b43a684401be334a6b1b,banana,26.7,96,3636,2.93011,lote_M,madura,risco de perda,0,2026-04-09T14:14:18.372Z
69d7b43a684401be334a6b1c,banana,26.7,96,3645,2.937363,lote_M,madura,risco de perda,0,2026-04-09T14:14:18.376Z
69d7b43a684401be334a6b1d,banana,26.7,96,3655,2.945421,lote_M,madura,risco de perda,0,2026-04-09T14:14:18.382Z
69d7b43a684401be334a6b1e,banana,26.7,96,3678,2.963956,lote_M,madura,risco de perda,0,2026-04-09T14:14:18.386Z
69d7b43a684401be334a6b1f,banana,26.7,96,3675,2.961539,lote_M,madura,risco de perda,0,2026-04-09T14:14:18.391Z
69d7b43a684401be334a6b20,banana,26.7,96,3683,2.967985,lote_M,madura,risco de perda,0,2026-04-09T14:14:18.394Z
69d7b43a684401be334a6b21,banana,26.7,96,3687,2.971209,lote_M,madura,risco de perda,0,2026-04-09T14:14:18.398Z
69d7b43a684401be334a6b22,banana,26.8,96,3694,2.97685,lote_M,madura,risco de perda,0,2026-04-09T14:14:18.400Z
69d7b43a684401be334a6b23,banana,27.1,96,3698,2.980073,lote_M,madura,risco de perda,0,2026-04-09T14:14:18.405Z
69d7b43a684401be334a6b24,banana,27.1,96,3715,2.993773,lote_M,madura,risco de perda,0,2026-04-09T14:14:18.414Z
69d7b43a684401be334a6b25,banana,27.1,96,3720,2.997802,lote_M,madura,risco de perda,0,2026-04-09T14:14:18.423Z
69d7b43a684401be334a6b27,banana,27.1,96,3756,3.026813,lote_M,madura,risco de perda,0,2026-04-09T14:14:18.429Z
69d7b43a684401be334a6b26,banana,27.1,96,3736,3.010696,lote_M,madura,risco de perda,0,2026-04-09T14:14:18.427Z
69d7b43a684401be334a6b28,banana,27.1,96,3766,3.034872,lote_M,madura,risco de perda,0,2026-04-09T14:14:18.434Z
69d7b43a684401be334a6b29,banana,27.1,96,3774,3.041319,lote_M,madura,risco de perda,0,2026-04-09T14:14:18.438Z
69d7b43a684401be334a6b2a,banana,27.1,96,3787,3.051795,lote_M,madura,risco de perda,0,2026-04-09T14:14:18.442Z
69d7b43a684401be334a6b2b,banana,27.1,96,3804,3.065495,lote_M,madura,risco de perda,0,2026-04-09T14:14:18.445Z
69d7b43a684401be334a6b2c,banana,27.1,96,3812,3.071941,lote_M,madura,risco de perda,0,2026-04-09T14:14:18.449Z
69d7b43a684401be334a6b2d,banana,27.1,96,3842,3.096117,lote_M,madura,risco de perda,0,2026-04-09T14:14:18.454Z
69d7b43a684401be334a6b2e,banana,27.3,96,3857,3.108205,lote_M,madura,risco de perda,0,2026-04-09T14:14:18.460Z
69d7b43a684401be334a6b2f,banana,27.6,96,3866,3.115458,lote_M,madura,risco de perda,0,2026-04-09T14:14:18.469Z
69d7b43a684401be334a6b30,banana,27.6,96,3881,3.127546,lote_M,madura,risco de perda,0,2026-04-09T14:14:18.477Z
69d7b43a684401be334a6b32,banana,27.6,96,3913,3.153333,lote_M,madura,risco de perda,0,2026-04-09T14:14:18.488Z
69d7b43a684401be334a6b31,banana,27.6,96,3907,3.148498,lote_M,madura,risco de perda,0,2026-04-09T14:14:18.483Z
69d7b43a684401be334a6b33,banana,27.6,96,3923,3.161392,lote_M,madura,risco de perda,0,2026-04-09T14:14:18.492Z
69d7d915684401be334a6b34,banana,27.6,96,3929,3.166227,lote_M,madura,risco de perda,0,2026-04-09T16:51:33.206Z
69d7d915684401be334a6b35,banana,27.6,96,3936,3.171868,lote_M,madura,risco de perda,0,2026-04-09T16:51:33.274Z
69d7d915684401be334a6b36,banana,27.6,96,3947,3.180732,lote_M,madura,risco de perda,0,2026-04-09T16:51:33.336Z
69d7d915684401be334a6b38,banana,27.6,96,3961,3.192015,lote_M,madura,risco de perda,0,2026-04-09T16:51:33.374Z
69d7d915684401be334a6b37,banana,27.6,96,3952,3.184762,lote_M,madura,risco de perda,0,2026-04-09T16:51:33.356Z
69d7d915684401be334a6b3a,banana,27.6,96,3978,3.205714,lote_M,madura,risco de perda,0,2026-04-09T16:51:33.394Z
69d7d915684401be334a6b39,banana,27.6,96,3983,3.209743,lote_M,madura,risco de perda,0,2026-04-09T16:51:33.386Z
69d7d915684401be334a6b3c,banana,28,95,4000,3.223443,lote_M,madura,risco de perda,0,2026-04-09T16:51:33.410Z
69d7d915684401be334a6b3b,banana,27.6,96,3991,3.216191,lote_M,madura,risco de perda,0,2026-04-09T16:51:33.401Z
69d7d915684401be334a6b3e,banana,28,95,4039,3.254872,lote_M,madura,risco de perda,0,2026-04-09T16:51:33.428Z
69d7d915684401be334a6b3d,banana,28,95,4012,3.233114,lote_M,madura,risco de perda,0,2026-04-09T16:51:33.421Z
69d7d915684401be334a6b40,banana,28,95,4039,3.254872,lote_M,madura,risco de perda,0,2026-04-09T16:51:33.443Z
69d7d915684401be334a6b3f,banana,28,95,4044,3.258901,lote_M,madura,risco de perda,0,2026-04-09T16:51:33.434Z
69d7d915684401be334a6b42,banana,28,95,4056,3.268571,lote_M,madura,risco de perda,0,2026-04-09T16:51:33.456Z
69d7d915684401be334a6b41,banana,28,95,4055,3.267766,lote_M,madura,risco de perda,0,2026-04-09T16:51:33.448Z
69d7d915684401be334a6b44,banana,28.1,95,4081,3.288718,lote_M,madura,risco de perda,0,2026-04-09T16:51:33.476Z
69d7d915684401be334a6b43,banana,28,95,4073,3.282271,lote_M,madura,risco de perda,0,2026-04-09T16:51:33.468Z
69d7d915684401be334a6b46,banana,28.5,95,4090,3.295971,lote_M,madura,risco de perda,0,2026-04-09T16:51:33.580Z
69d7d915684401be334a6b45,banana,28.5,95,4086,3.292747,lote_M,madura,risco de perda,0,2026-04-09T16:51:33.518Z
69d7d915684401be334a6b48,banana,28.5,95,4091,3.296777,lote_M,madura,risco de perda,0,2026-04-09T16:51:33.616Z
69d7d915684401be334a6b49,banana,28.5,95,4093,3.298388,lote_M,madura,risco de perda,0,2026-04-09T16:51:33.699Z
69d7d915684401be334a6b4a,banana,28.9,95,4087,3.293553,lote_M,madura,risco de perda,0,2026-04-09T16:51:33.747Z
69d7d915684401be334a6b47,banana,28.5,95,4091,3.296777,lote_M,madura,risco de perda,0,2026-04-09T16:51:33.602Z
69d7d915684401be334a6b4c,banana,28.9,95,4094,3.299194,lote_M,madura,risco de perda,0,2026-04-09T16:51:33.835Z
69d7d915684401be334a6b4b,banana,28.9,95,4094,3.299194,lote_M,madura,risco de perda,0,2026-04-09T16:51:33.802Z
69d7d915684401be334a6b4e,banana,28.9,95,4095,3.3,lote_M,madura,risco de perda,0,2026-04-09T16:51:33.899Z
69d7d915684401be334a6b4d,banana,28.9,95,4094,3.299194,lote_M,madura,risco de perda,0,2026-04-09T16:51:33.865Z
69d7d915684401be334a6b50,banana,29.3,94,4095,3.3,lote_M,madura,risco de perda,0,2026-04-09T16:51:33.990Z
69d7d915684401be334a6b4f,banana,29,94,4095,3.3,lote_M,madura,risco de perda,0,2026-04-09T16:51:33.952Z
69d7d916684401be334a6b51,banana,29.3,94,4095,3.3,lote_M,madura,risco de perda,0,2026-04-09T16:51:34.032Z
69d7d916684401be334a6b52,banana,29.3,94,4095,3.3,lote_M,madura,risco de perda,0,2026-04-09T16:51:34.089Z
